Item Fat Content,Item Identifier,Item Type,Outlet Establishment Year,Outlet Identifier,Outlet Location Type,Outlet Size,Outlet Type,Item Visibility,Item Weight,Total Sales,Rating
Regular,FDX32,Fruits and Vegetables,2012,OUT049,Tier 1,Medium,Supermarket Type1,0.100013502,15.10000038,145.4786072,5
Low Fat,NCB42,Health and Hygiene,2022,OUT018,Tier 3,Medium,Supermarket Type2,0.008596051,11.80000019,115.3491974,5
Regular,FDR28,Frozen Foods,2010,OUT046,Tier 1,Small,Supermarket Type1,0.025896486,13.85000038,165.0209961,5
Regular,FDL50,Canned,2000,OUT013,Tier 3,High,Supermarket Type1,0.042277869,12.14999962,126.5046005,5
Low Fat,DRI25,Soft Drinks,2015,OUT045,Tier 2,Small,Supermarket Type1,0.033970196,19.60000038,55.16139984,5
Low Fat,FDS52,Frozen Foods,2020,OUT017,Tier 2,Small,Supermarket Type1,0.005505481,8.890000343,102.4016037,5
Low Fat,NCU05,Health and Hygiene,2011,OUT010,Tier 3,Small,Grocery Store,0.098312423,11.80000019,81.46179962,5
Low Fat,NCD30,Household,2015,OUT045,Tier 2,Small,Supermarket Type1,0.026903713,19.70000076,96.07260132,5
Low Fat,FDW20,Fruits and Vegetables,2000,OUT013,Tier 3,High,Supermarket Type1,0.024129331,20.75,124.1729965,5
Low Fat,FDX25,Canned,1998,OUT027,Tier 3,Medium,Supermarket Type3,0.101561569,12.85764534,181.9291992,5
Low Fat,FDX21,Snack Foods,1998,OUT027,Tier 3,Medium,Supermarket Type3,0.084554568,12.85764534,109.8911972,5
Low Fat,NCU41,Health and Hygiene,2017,OUT035,Tier 2,Small,Supermarket Type1,0.052044977,18.85000038,192.1846008,5
Low Fat,FDL20,Fruits and Vegetables,2022,OUT018,Tier 3,Medium,Supermarket Type2,0.128937662,17.10000038,112.3886032,5
Low Fat,NCR54,Household,2000,OUT013,Tier 3,High,Supermarket Type1,0.090486825,16.35000038,195.2109985,5
Low Fat,FDH19,Meat,1998,OUT027,Tier 3,Medium,Supermarket Type3,0.03292824,12.85764534,173.1737976,5
Regular,FDB57,Fruits and Vegetables,2017,OUT035,Tier 2,Small,Supermarket Type1,0.018801549,20.25,222.1772003,5
Low Fat,FDO23,Breads,2022,OUT018,Tier 3,Medium,Supermarket Type2,0.147023827,17.85000038,93.74359894,5
Low Fat,NCB07,Household,2012,OUT049,Tier 1,Medium,Supermarket Type1,0.077628054,19.20000076,197.6109924,5
Low Fat,FDJ56,Fruits and Vegetables,1998,OUT027,Tier 3,Medium,Supermarket Type3,0.182514876,12.85764534,98.76999664,5
Low Fat,DRN47,Hard Drinks,2022,OUT018,Tier 3,Medium,Supermarket Type2,0.016895292,12.10000038,178.5659943,5
Regular,FDZ07,Fruits and Vegetables,1998,OUT027,Tier 3,Medium,Supermarket Type3,0,12.85764534,60.2193985,5
Low Fat,NCK31,Others,1998,OUT027,Tier 3,Medium,Supermarket Type3,0.026916794,12.85764534,50.96659851,5
Low Fat,FDJ41,Frozen Foods,2022,OUT018,Tier 3,Medium,Supermarket Type2,0.022976497,6.849999905,261.6593933,5
Low Fat,DRI51,Dairy,2022,OUT018,Tier 3,Medium,Supermarket Type2,0.042413704,17.25,173.1764069,5
Regular,FDC40,Dairy,2020,OUT017,Tier 2,Medium,Supermarket Type1,0.065431915,16,76.19860077,5
Low Fat,FDB53,Frozen Foods,2020,OUT017,Tier 2,Medium,Supermarket Type1,0.140241206,13.35000038,150.2391968,5
Low Fat,FDA16,Frozen Foods,2017,OUT035,Tier 2,Small,Supermarket Type1,0.033935577,6.695000172,221.9456024,5
Regular,FDO19,Fruits and Vegetables,1998,OUT027,Tier 3,Medium,Supermarket Type3,0.016516276,12.85764534,47.40340042,5
Low Fat,FDO04,Frozen Foods,2010,OUT046,Tier 1,Small,Supermarket Type1,0.026537206,16.60000038,57.26139832,5
Regular,FDL25,Breakfast,2012,OUT049,Tier 1,Medium,Supermarket Type1,0.13112846,6.920000076,93.18039703,5
Low Fat,NCJ30,Household,2010,OUT046,Tier 1,Small,Supermarket Type1,0.08064048,5.820000172,167.779007,5
Low Fat,NCQ41,Health and Hygiene,2000,OUT013,Tier 3,High,Supermarket Type1,0.01946418,14.80000019,196.3793945,5
Low Fat,DRJ35,Hard Drinks,2000,OUT013,Tier 3,High,Supermarket Type1,0.046545785,10.10000038,59.9878006,5
Low Fat,NCE31,Household,2000,OUT013,Tier 3,High,Supermarket Type1,0.18468976,7.670000076,35.42160034,5
Low Fat,FDY09,Snack Foods,2020,OUT017,Tier 2,Medium,Supermarket Type1,0.025342692,15.60000038,174.3054047,5
Low Fat,FDZ04,Frozen Foods,2000,OUT013,Tier 3,High,Supermarket Type1,0.037923507,9.31000042,61.65100098,5
Low Fat,FDY07,Fruits and Vegetables,2015,OUT045,Tier 2,Medium,Supermarket Type1,0.121848434,11.80000019,46.84019852,5
Regular,FDO45,Snack Foods,2015,OUT045,Tier 2,Medium,Supermarket Type1,0.038029745,13.14999962,88.68560028,5
Low Fat,FDB09,Fruits and Vegetables,2012,OUT049,Tier 1,Medium,Supermarket Type1,0.057485327,16.25,126.2045975,5
Regular,FDP51,Meat,2010,OUT046,Tier 1,Small,Supermarket Type1,0.085274987,13.85000038,119.6123962,5
Regular,FDT50,Dairy,2000,OUT013,Tier 3,High,Supermarket Type1,0.10814891,6.75,95.67520142,5
Regular,FDQ08,Fruits and Vegetables,1998,OUT027,Tier 3,Medium,Supermarket Type3,0.018838681,12.85764534,62.95360184,5
Low Fat,DRL11,Hard Drinks,2015,OUT045,Tier 2,Medium,Supermarket Type1,0.048115544,10.5,159.0946045,5
Low Fat,FDT34,Snack Foods,2012,OUT049,Tier 1,Medium,Supermarket Type1,0.174621344,9.300000191,104.296402,5
Regular,FDP01,Breakfast,2011,OUT010,Tier 3,Medium,Grocery Store,0.105994657,20.75,150.5682068,5
Low Fat,NCJ31,Others,2000,OUT013,Tier 3,High,Supermarket Type1,0.182501778,19.20000076,239.2196045,5
Low Fat,NCL30,Household,2017,OUT035,Tier 2,Small,Supermarket Type1,0.048931174,18.10000038,127.3336029,5
Low Fat,FDF04,Frozen Foods,2012,OUT049,Tier 1,Medium,Supermarket Type1,0.013658248,17.5,256.3304138,5
Low Fat,NCZ42,Household,2012,OUT049,Tier 1,Medium,Supermarket Type1,0.011305479,10.5,235.5247955,5
Low Fat,FDG24,Baking Goods,2012,OUT049,Tier 1,Medium,Supermarket Type1,0.014653896,7.974999905,82.42500305,5
Low Fat,FDV49,Canned,2012,OUT049,Tier 1,Medium,Supermarket Type1,0.025867352,10,264.6225891,5
Low Fat,FDX01,Canned,2012,OUT049,Tier 1,Medium,Supermarket Type1,0.024201905,10.10000038,114.9150009,5
Low Fat,DRF27,Dairy,2012,OUT049,Tier 1,Medium,Supermarket Type1,0.028461453,8.930000305,152.2339935,5
Low Fat,FDF16,Frozen Foods,2012,OUT049,Tier 1,Medium,Supermarket Type1,0.086266287,7.300000191,147.2075958,5
Low Fat,FDU04,Frozen Foods,2012,OUT049,Tier 1,Medium,Supermarket Type1,0.005557062,7.929999828,122.1414032,5
Low Fat,FDP04,Frozen Foods,2012,OUT049,Tier 1,Medium,Supermarket Type1,0.013834247,15.35000038,62.71680069,5
Low Fat,FDD05,Frozen Foods,2012,OUT049,Tier 1,Medium,Supermarket Type1,0.016637301,19.35000038,120.9097977,5
Low Fat,FDV07,Fruits and Vegetables,2012,OUT049,Tier 1,Medium,Supermarket Type1,0.03133158,9.5,111.1228027,5
Low Fat,FDT20,Fruits and Vegetables,2012,OUT049,Tier 1,Medium,Supermarket Type1,0.041459803,10.5,39.21640015,5
Low Fat,FDC44,Fruits and Vegetables,2012,OUT049,Tier 1,Medium,Supermarket Type1,0,15.60000038,111.9517975,5
Low Fat,DRM59,Hard Drinks,2012,OUT049,Tier 1,Medium,Supermarket Type1,0.003597678,5.880000114,153.8997955,5
Low Fat,DRG23,Hard Drinks,2012,OUT049,Tier 1,Medium,Supermarket Type1,0.086916126,8.880000114,153.3681946,5
Low Fat,NCJ29,Health and Hygiene,2012,OUT049,Tier 1,Medium,Supermarket Type1,0.035247643,10.60000038,84.72239685,5
Low Fat,NCM42,Household,2012,OUT049,Tier 1,Medium,Supermarket Type1,0.028365524,6.130000114,110.0912018,5
Low Fat,NCY42,Household,2012,OUT049,Tier 1,Medium,Supermarket Type1,0.015186146,6.380000114,144.9470062,5
Low Fat,NCX54,Household,2012,OUT049,Tier 1,Medium,Supermarket Type1,0.048134591,9.194999695,107.7621994,5
Low Fat,NCI06,Household,2012,OUT049,Tier 1,Medium,Supermarket Type1,0.04779188,11.30000019,180.7660065,5
Low Fat,NCQ02,Household,2012,OUT049,Tier 1,Medium,Supermarket Type1,0.007468056,12.60000038,186.9555969,5
Low Fat,NCR38,Household,2012,OUT049,Tier 1,Medium,Supermarket Type1,0.113694958,17.25,253.4723969,5
Low Fat,NCM30,Household,2012,OUT049,Tier 1,Medium,Supermarket Type1,0.067400031,19.10000038,41.979599,5
Low Fat,FDK43,Meat,2012,OUT049,Tier 1,Medium,Supermarket Type1,0.026882496,9.800000191,126.302002,5
Low Fat,FDK21,Snack Foods,2012,OUT049,Tier 1,Medium,Supermarket Type1,0.010027885,7.90500021,249.6407928,5
Low Fat,FDR45,Snack Foods,2012,OUT049,Tier 1,Medium,Supermarket Type1,0.028988289,10.80000019,239.2221985,5
Low Fat,FDV09,Snack Foods,2012,OUT049,Tier 1,Medium,Supermarket Type1,0.020600554,12.10000038,147.5733948,5
Regular,FDU12,Baking Goods,2012,OUT049,Tier 1,Medium,Supermarket Type1,0.075868845,15.5,261.7568054,5
Regular,FDZ47,Baking Goods,2012,OUT049,Tier 1,Medium,Supermarket Type1,0.079419754,20.70000076,99.80419922,5
Regular,FDO11,Breads,2012,OUT049,Tier 1,Medium,Supermarket Type1,0.030311951,8,247.4091949,5
Regular,FDU49,Canned,2012,OUT049,Tier 1,Medium,Supermarket Type1,0.030742083,19.5,85.55400085,5
Regular,FDA02,Dairy,2012,OUT049,Tier 1,Medium,Supermarket Type1,0.029768869,14,145.4786072,5
Regular,FDV26,Dairy,2012,OUT049,Tier 1,Medium,Supermarket Type1,0,20.25,194.2794037,5
Regular,FDA04,Frozen Foods,2012,OUT049,Tier 1,Medium,Supermarket Type1,0.066833742,11.30000019,257.2962036,5
Regular,FDO52,Frozen Foods,2012,OUT049,Tier 1,Medium,Supermarket Type1,0.077284567,11.60000038,172.4105988,5
Regular,FDA40,Frozen Foods,2012,OUT049,Tier 1,Medium,Supermarket Type1,0.099425547,16,87.08560181,5
Regular,FDS27,Meat,2012,OUT049,Tier 1,Medium,Supermarket Type1,0.012477512,10.19499969,197.1109924,5
Regular,FDU15,Meat,2012,OUT049,Tier 1,Medium,Supermarket Type1,0.026643448,13.64999962,37.95320129,5
Regular,FDV33,Snack Foods,2012,OUT049,Tier 1,Medium,Supermarket Type1,0.027386121,9.600000381,259.2304077,5
Regular,FDV34,Snack Foods,2012,OUT049,Tier 1,Medium,Supermarket Type1,0.011443222,10.69499969,73.50379944,5
Regular,FDX46,Snack Foods,2012,OUT049,Tier 1,Medium,Supermarket Type1,0.058207113,12.30000019,59.15620041,5
Low Fat,NCA53,Health and Hygiene,2012,OUT049,Tier 1,Medium,Supermarket Type1,0.009893817,11.39500046,50.30339813,5
Regular,FDT24,Baking Goods,2012,OUT049,Tier 1,Medium,Supermarket Type1,0.186148271,12.35000038,78.23280334,5
Regular,FDX27,Dairy,2012,OUT049,Tier 1,Medium,Supermarket Type1,0.114294514,20.70000076,94.94360352,5
Low Fat,NCQ38,Others,1998,OUT019,Tier 1,Small,Grocery Store,0.023402894,12.85764534,108.2279968,5
Low Fat,FDK02,Canned,1998,OUT019,Tier 1,Small,Grocery Store,0.196490899,12.85764534,120.5439987,5
Low Fat,FDI15,Dairy,1998,OUT019,Tier 1,Small,Grocery Store,0.247490093,12.85764534,263.188385,5
Low Fat,FDE09,Fruits and Vegetables,1998,OUT019,Tier 1,Small,Grocery Store,0.037824735,12.85764534,109.7228012,5
Low Fat,FDS55,Fruits and Vegetables,1998,OUT019,Tier 1,Small,Grocery Store,0.142107993,12.85764534,150.3733978,5
Low Fat,FDZ56,Fruits and Vegetables,1998,OUT019,Tier 1,Small,Grocery Store,0.045062128,12.85764534,167.5473938,5
Low Fat,NCA05,Health and Hygiene,1998,OUT019,Tier 1,Small,Grocery Store,0.044000491,12.85764534,148.273407,5
Low Fat,NCK29,Health and Hygiene,1998,OUT019,Tier 1,Small,Grocery Store,0,12.85764534,123.4729996,5
Low Fat,NCU29,Health and Hygiene,1998,OUT019,Tier 1,Small,Grocery Store,0.044607721,12.85764534,145.9759979,5
Low Fat,NCX41,Health and Hygiene,1998,OUT019,Tier 1,Small,Grocery Store,0.031024167,12.85764534,210.5243988,5
Low Fat,NCG07,Household,1998,OUT019,Tier 1,Small,Grocery Store,0.09192431,12.85764534,189.753006,5
Low Fat,NCI30,Household,1998,OUT019,Tier 1,Small,Grocery Store,0.103188492,12.85764534,244.345993,5
Low Fat,NCR54,Household,1998,OUT019,Tier 1,Small,Grocery Store,0.158562705,12.85764534,194.7109985,5
Low Fat,NCT06,Household,1998,OUT019,Tier 1,Small,Grocery Store,0.067824453,12.85764534,167.7841949,5
Low Fat,FDN15,Meat,1998,OUT019,Tier 1,Small,Grocery Store,0.029299175,12.85764534,140.3179932,5
Low Fat,FDJ45,Seafood,1998,OUT019,Tier 1,Small,Grocery Store,0.128532559,12.85764534,34.22159958,5
Regular,FDL13,Breakfast,1998,OUT019,Tier 1,Small,Grocery Store,0.098606542,12.85764534,232.7299957,5
Regular,FDL02,Canned,1998,OUT019,Tier 1,Small,Grocery Store,0.182236552,12.85764534,107.1622009,5
Regular,FDF56,Fruits and Vegetables,1998,OUT019,Tier 1,Small,Grocery Store,0.209162936,12.85764534,179.1976013,5
Regular,FDQ27,Meat,1998,OUT019,Tier 1,Small,Grocery Store,0.077480629,12.85764534,101.3990021,5
Regular,FDG35,Starchy Foods,1998,OUT019,Tier 1,Small,Grocery Store,0.012327847,12.85764534,173.8737946,5
Regular,FDD38,Canned,1998,OUT019,Tier 1,Small,Grocery Store,0.014342659,12.85764534,103.7674026,5
Regular,FDE41,Frozen Foods,1998,OUT019,Tier 1,Small,Grocery Store,0,12.85764534,83.75659943,5
Low Fat,FDP24,Baking Goods,2010,OUT046,Tier 1,Small,Supermarket Type1,0.08300408,20.60000038,119.4756012,5
Low Fat,FDH38,Canned,2010,OUT046,Tier 1,Small,Supermarket Type1,0.01043823,6.425000191,115.8807983,5
Low Fat,FDT49,Canned,2010,OUT046,Tier 1,Small,Supermarket Type1,0.151405588,7,107.7279968,5
Low Fat,FDN02,Canned,2010,OUT046,Tier 1,Small,Supermarket Type1,0.073827751,16.5,208.8638,5
Low Fat,DRF27,Dairy,2010,OUT046,Tier 1,Small,Supermarket Type1,0.028417272,8.930000305,154.5339966,5
Low Fat,FDT02,Dairy,2010,OUT046,Tier 1,Small,Supermarket Type1,0.02419473,12.60000038,36.18740082,5
Low Fat,FDF05,Frozen Foods,2010,OUT046,Tier 1,Small,Supermarket Type1,0.02687089,17.5,264.4909973,5
Low Fat,FDI45,Fruits and Vegetables,2010,OUT046,Tier 1,Small,Supermarket Type1,0.037581243,13.10000038,175.5054016,5
Low Fat,FDZ20,Fruits and Vegetables,2010,OUT046,Tier 1,Small,Supermarket Type1,0.034306962,16.10000038,252.3356018,5
Low Fat,NCC42,Health and Hygiene,2010,OUT046,Tier 1,Small,Supermarket Type1,0.044908404,15,140.2837982,5
Low Fat,NCQ53,Health and Hygiene,2010,OUT046,Tier 1,Small,Supermarket Type1,0.018905327,17.60000038,234.6589966,5
Low Fat,NCR54,Household,2010,OUT046,Tier 1,Small,Supermarket Type1,0.090562195,16.35000038,198.2109985,5
Low Fat,NCX06,Household,2010,OUT046,Tier 1,Small,Supermarket Type1,0.015687045,17.60000038,182.6976013,5
Low Fat,NCO06,Household,2010,OUT046,Tier 1,Small,Supermarket Type1,0.108030431,19.25,32.4557991,5
Low Fat,NCN54,Household,2010,OUT046,Tier 1,Small,Supermarket Type1,0.021326471,20.35000038,76.13279724,5
Low Fat,FDL27,Meat,2010,OUT046,Tier 1,Small,Supermarket Type1,0.010630949,6.170000076,65.98259735,5
Low Fat,FDV51,Meat,2010,OUT046,Tier 1,Small,Supermarket Type1,0.032538895,16.35000038,165.7841949,5
Low Fat,FDC46,Snack Foods,2010,OUT046,Tier 1,Small,Supermarket Type1,0.116542481,17.70000076,182.6266022,5
Low Fat,FDZ58,Snack Foods,2010,OUT046,Tier 1,Small,Supermarket Type1,0.052176859,17.85000038,122.8071976,5
Low Fat,FDN21,Snack Foods,2010,OUT046,Tier 1,Small,Supermarket Type1,0.07685563,18.60000038,161.0236053,5
Low Fat,FDO58,Snack Foods,2010,OUT046,Tier 1,Small,Supermarket Type1,0.039577171,19.60000038,166.1526031,5
Low Fat,DRD24,Soft Drinks,2010,OUT046,Tier 1,Small,Supermarket Type1,0.030795084,13.85000038,143.3153992,5
Low Fat,DRI37,Soft Drinks,2010,OUT046,Tier 1,Small,Supermarket Type1,0.10759788,15.85000038,58.79040146,5
Regular,FDI12,Baking Goods,2010,OUT046,Tier 1,Small,Supermarket Type1,0.100398943,9.395000458,89.68560028,5
Regular,FDP12,Baking Goods,2010,OUT046,Tier 1,Small,Supermarket Type1,0.045266807,9.800000191,36.98740005,5
Regular,FDO01,Breakfast,2010,OUT046,Tier 1,Small,Supermarket Type1,0.020718655,21.10000038,130.4994049,5
Regular,FDZ37,Canned,2010,OUT046,Tier 1,Small,Supermarket Type1,0.019768503,8.100000381,88.61979675,5
Regular,FDJ15,Dairy,2010,OUT046,Tier 1,Small,Supermarket Type1,0.023322478,11.35000038,182.5608063,5
Regular,FDM04,Frozen Foods,2010,OUT046,Tier 1,Small,Supermarket Type1,0.047120608,9.194999695,53.16659927,5
Regular,FDI40,Frozen Foods,2010,OUT046,Tier 1,Small,Supermarket Type1,0.125602946,11.5,100.8358002,5
Regular,FDX04,Frozen Foods,2010,OUT046,Tier 1,Small,Supermarket Type1,0.041571558,19.60000038,49.93759918,5
Regular,FDS15,Meat,2010,OUT046,Tier 1,Small,Supermarket Type1,0.078060605,9.194999695,106.3595963,5
Regular,FDJ57,Seafood,2010,OUT046,Tier 1,Small,Supermarket Type1,0.021573644,7.420000076,184.6582031,5
Regular,FDG21,Seafood,2010,OUT046,Tier 1,Small,Supermarket Type1,0.146299899,17.35000038,150.4049988,5
Regular,FDW21,Snack Foods,2010,OUT046,Tier 1,Small,Supermarket Type1,0.005963881,5.340000153,99.53579712,5
Regular,FDX10,Snack Foods,2010,OUT046,Tier 1,Small,Supermarket Type1,0.123710528,6.385000229,37.18740082,5
Low Fat,DRI51,Dairy,2015,OUT045,Tier 2,Medium,Supermarket Type1,0,17.25,171.5764008,5
Low Fat,NCZ17,Health and Hygiene,2020,OUT017,Tier 2,Medium,Supermarket Type1,0,12.14999962,39.15060043,5
Low Fat,DRE25,Soft Drinks,2020,OUT017,Tier 2,Medium,Supermarket Type1,0.073697716,15.35000038,91.91200256,5
Low Fat,FDT60,Baking Goods,2015,OUT045,Tier 2,Medium,Supermarket Type1,0.075701527,12,124.6388016,5
Low Fat,FDN24,Baking Goods,2015,OUT045,Tier 2,Medium,Supermarket Type1,0.113497138,14.10000038,56.1955986,5
Low Fat,FDO37,Breakfast,2015,OUT045,Tier 2,Medium,Supermarket Type1,0.021420032,8.06000042,232.0325928,5
Low Fat,FDI14,Canned,2015,OUT045,Tier 2,Medium,Supermarket Type1,0.089859642,14.10000038,140.2496033,5
Low Fat,FDW37,Canned,2015,OUT045,Tier 2,Medium,Supermarket Type1,0.12430197,19.20000076,89.74880219,5
Low Fat,DRC27,Dairy,2015,OUT045,Tier 2,Medium,Supermarket Type1,0.058220301,13.80000019,247.4801941,5
Low Fat,FDK16,Frozen Foods,2015,OUT045,Tier 2,Medium,Supermarket Type1,0.115563676,9.06499958,96.00939941,5
Low Fat,FDK41,Frozen Foods,2015,OUT045,Tier 2,Medium,Supermarket Type1,0.127800375,14.30000019,83.62239838,5
Low Fat,FDY31,Fruits and Vegetables,2015,OUT045,Tier 2,Medium,Supermarket Type1,0.043651197,5.980000019,146.1417999,5
Low Fat,FDT20,Fruits and Vegetables,2015,OUT045,Tier 2,Medium,Supermarket Type1,0.041479398,10.5,36.81639862,5
Low Fat,FDI45,Fruits and Vegetables,2015,OUT045,Tier 2,Medium,Supermarket Type1,0.037657458,13.10000038,175.8054047,5
Low Fat,FDG57,Fruits and Vegetables,2015,OUT045,Tier 2,Medium,Supermarket Type1,0.072444983,14.69999981,48.60340118,5
Low Fat,FDN32,Fruits and Vegetables,2015,OUT045,Tier 2,Medium,Supermarket Type1,0.015591925,17.5,184.8265991,5
Low Fat,FDX19,Fruits and Vegetables,2015,OUT045,Tier 2,Medium,Supermarket Type1,0.096929997,19.10000038,233.8957977,5
Low Fat,FDP20,Fruits and Vegetables,2015,OUT045,Tier 2,Medium,Supermarket Type1,0.045761853,19.85000038,125.6019974,5
Low Fat,NCR17,Health and Hygiene,2015,OUT045,Tier 2,Small,Supermarket Type1,0.024432767,9.800000191,116.4492035,5
Low Fat,NCT17,Health and Hygiene,2015,OUT045,Tier 2,Small,Supermarket Type1,0.041950755,10.80000019,190.0213928,5
Low Fat,NCU05,Health and Hygiene,2015,OUT045,Tier 2,Small,Supermarket Type1,0.058855359,11.80000019,79.16179657,5
Low Fat,NCT42,Household,2015,OUT045,Tier 2,Small,Supermarket Type1,0.024937792,5.880000114,148.4391937,5
Low Fat,NCV18,Household,2015,OUT045,Tier 2,Small,Supermarket Type1,0.10545931,6.775000095,84.625,5
Low Fat,NCH43,Household,2015,OUT045,Tier 2,Small,Supermarket Type1,0.07071203,8.420000076,216.4192047,5
Low Fat,NCE18,Household,2015,OUT045,Tier 2,Small,Supermarket Type1,0.021468792,10,251.6750031,5
Low Fat,NCC18,Household,2015,OUT045,Tier 2,Small,Supermarket Type1,0.17762953,19.10000038,173.9421997,5
Low Fat,NCJ42,Household,2015,OUT045,Tier 2,Small,Supermarket Type1,0.01433033,19.75,104.2332001,5
Low Fat,FDQ10,Snack Foods,2015,OUT045,Tier 2,Small,Supermarket Type1,0.033246521,12.85000038,172.4421997,5
Low Fat,FDL34,Snack Foods,2015,OUT045,Tier 2,Small,Supermarket Type1,0.041028935,16,142.6495972,5
Low Fat,DRK37,Soft Drinks,2015,OUT045,Tier 2,Small,Supermarket Type1,0,5,189.8529968,5
Low Fat,DRF48,Soft Drinks,2015,OUT045,Tier 2,Small,Supermarket Type1,0.051906519,5.730000019,188.1898041,5
Low Fat,DRG49,Soft Drinks,2015,OUT045,Tier 2,Small,Supermarket Type1,0.067592099,7.809999943,246.0485992,5
Low Fat,FDX60,Baking Goods,2020,OUT017,Tier 2,Small,Supermarket Type1,0.081050009,14.35000038,79.19599915,5
Low Fat,FDS13,Canned,2020,OUT017,Tier 2,Small,Supermarket Type1,0.125210375,6.465000153,266.8883972,5
Low Fat,FDC50,Canned,2020,OUT017,Tier 2,Small,Supermarket Type1,0.137270004,15.85000038,94.40940094,5
Low Fat,FDK51,Dairy,2020,OUT017,Tier 2,Small,Supermarket Type1,0.005264755,19.85000038,264.5884094,5
Low Fat,FDD17,Frozen Foods,2020,OUT017,Tier 2,Small,Supermarket Type1,0.032811504,7.5,239.6905975,5
Low Fat,FDJ28,Frozen Foods,2020,OUT017,Tier 2,Small,Supermarket Type1,0.021984639,12.30000019,191.2162018,5
Low Fat,FDP16,Frozen Foods,2020,OUT017,Tier 2,Small,Supermarket Type1,0.03951712,18.60000038,243.6802063,5
Low Fat,FDB20,Fruits and Vegetables,2020,OUT017,Tier 2,Small,Supermarket Type1,0.052274693,7.71999979,79.19860077,5
Low Fat,FDP56,Fruits and Vegetables,2020,OUT017,Tier 2,Small,Supermarket Type1,0.04674707,8.18500042,49.96920013,5
Low Fat,FDT43,Fruits and Vegetables,2020,OUT017,Tier 2,Small,Supermarket Type1,0.020664178,16.35000038,50.83240128,5
Low Fat,DRI59,Hard Drinks,2020,OUT017,Tier 2,Small,Supermarket Type1,0.041065648,9.5,223.5088043,5
Low Fat,DRN47,Hard Drinks,2020,OUT017,Tier 2,Small,Supermarket Type1,0.016921926,12.10000038,178.3659973,5
Low Fat,DRM23,Hard Drinks,2020,OUT017,Tier 2,Small,Supermarket Type1,0.136500984,16.60000038,173.3421936,5
Low Fat,NCN53,Health and Hygiene,2020,OUT017,Tier 2,Small,Supermarket Type1,0.030527165,5.175000191,33.58739853,5
Low Fat,NCT53,Health and Hygiene,2020,OUT017,Tier 2,Small,Supermarket Type1,0.048388422,5.400000095,163.052597,5
Low Fat,NCQ05,Health and Hygiene,2020,OUT017,Tier 2,Small,Supermarket Type1,0,11.39500046,149.2707977,5
Low Fat,NCM53,Health and Hygiene,2020,OUT017,Tier 2,Small,Supermarket Type1,0.052335281,18.75,108.1279984,5
Low Fat,NCX42,Household,2020,OUT017,Tier 2,Small,Supermarket Type1,0.006012413,6.360000134,163.052597,5
Low Fat,NCT18,Household,2020,OUT017,Tier 2,High,Supermarket Type1,0.059741173,14.60000038,179.6976013,5
Low Fat,NCI30,Household,2020,OUT017,Tier 2,High,Supermarket Type1,0.059268884,20.25,246.4459991,5
Low Fat,NCE54,Household,2020,OUT017,Tier 2,High,Supermarket Type1,0.027052013,20.70000076,73.93540192,5
Low Fat,FDH19,Meat,2020,OUT017,Tier 2,High,Supermarket Type1,0.033275634,19.35000038,173.8737946,5
Low Fat,FDT03,Meat,2020,OUT017,Tier 2,High,Supermarket Type1,0.01005532,21.25,183.1607971,5
Low Fat,NCN19,Others,2020,OUT017,Tier 2,High,Supermarket Type1,0.012167988,13.10000038,190.253006,5
Low Fat,NCQ43,Others,2020,OUT017,Tier 2,High,Supermarket Type1,0.11193119,17.75,108.8911972,5
Low Fat,FDK09,Snack Foods,2020,OUT017,Tier 2,High,Supermarket Type1,0.092282355,15.19999981,227.235199,5
Low Fat,FDV46,Snack Foods,2020,OUT017,Tier 2,High,Supermarket Type1,0.012679191,18.20000076,139.8179932,5
Low Fat,FDY46,Snack Foods,2020,OUT017,Tier 2,High,Supermarket Type1,0.048160825,18.60000038,188.9898071,5
Regular,FDK26,Canned,2015,OUT045,Tier 2,High,Supermarket Type1,0.032242659,5.460000038,187.6239929,5
Regular,FDI50,Canned,2015,OUT045,Tier 2,High,Supermarket Type1,0.030905215,8.420000076,227.6351929,5
Regular,FDB26,Canned,2015,OUT045,Tier 2,High,Supermarket Type1,0.031330906,14,52.36399841,5
Regular,FDY49,Canned,2015,OUT045,Tier 2,High,Supermarket Type1,0.012036432,17.20000076,165.718399,5
Regular,FDB04,Dairy,2015,OUT045,Tier 2,High,Supermarket Type1,0.063354529,11.35000038,88.98560333,5
Regular,FDA02,Dairy,2015,OUT045,Tier 2,High,Supermarket Type1,0.029782938,14,146.3786011,5
Regular,FDZ28,Frozen Foods,2015,OUT045,Tier 2,High,Supermarket Type1,0.051596928,20,128.0677948,5
Regular,FDE17,Frozen Foods,2015,OUT045,Tier 2,High,Supermarket Type1,0.054565933,20.10000038,152.2366028,5
Regular,FDQ19,Fruits and Vegetables,2015,OUT045,Tier 2,High,Supermarket Type1,0.014394261,7.349999905,241.3511963,5
Regular,FDM08,Fruits and Vegetables,2015,OUT045,Tier 2,High,Supermarket Type1,0.053692877,10.10000038,222.9087982,5
Regular,FDP03,Meat,2015,OUT045,Tier 2,High,Supermarket Type1,0.061301149,5.150000095,122.1388016,5
Regular,FDU58,Snack Foods,2015,OUT045,Tier 2,High,Supermarket Type1,0,6.610000134,186.4898071,5
Regular,FDU46,Snack Foods,2015,OUT045,Tier 2,High,Supermarket Type1,0.011148865,10.30000019,84.85399628,5
Regular,FDY34,Snack Foods,2015,OUT045,Tier 2,High,Supermarket Type1,0.01100413,10.5,167.1842041,5
Regular,FDO09,Snack Foods,2015,OUT045,Tier 2,High,Supermarket Type1,0.125528738,13.5,262.1910095,5
Regular,FDP48,Baking Goods,2020,OUT017,Tier 2,High,Supermarket Type1,0.044272225,7.519999981,181.3950043,5
Regular,FDI12,Baking Goods,2020,OUT017,Tier 2,High,Supermarket Type1,0.100966834,9.395000458,86.88559723,5
Regular,FDY12,Baking Goods,2020,OUT017,Tier 2,High,Supermarket Type1,0.141406387,9.800000191,50.00080109,5
Regular,FDX48,Baking Goods,2020,OUT017,Tier 2,High,Supermarket Type1,0.038102202,17.75,154.0655975,5
Regular,FDV60,Baking Goods,2020,OUT017,Tier 2,High,Supermarket Type1,0.118025094,20.20000076,195.8110046,5
Regular,FDQ47,Breads,2020,OUT017,Tier 2,High,Supermarket Type1,0.169137701,7.15500021,35.28739929,5
Regular,FDZ13,Canned,2020,OUT017,Tier 2,High,Supermarket Type1,0.154363215,7.840000153,50.83499908,5
Regular,FDM04,Frozen Foods,2020,OUT017,Tier 2,High,Supermarket Type1,0.047387145,9.194999695,50.86660004,5
Regular,FDS04,Frozen Foods,2020,OUT017,Tier 2,High,Supermarket Type1,0.147492528,10.19499969,141.5838013,5
Regular,FDV28,Frozen Foods,2020,OUT017,Tier 2,High,Supermarket Type1,0,16.10000038,35.15579987,5
Regular,FDU19,Fruits and Vegetables,2020,OUT017,Tier 2,Medium,Supermarket Type1,0.047036037,8.770000458,170.5422058,5
Regular,FDE56,Fruits and Vegetables,2020,OUT017,Tier 2,Medium,Supermarket Type1,0.1600959,17.25,61.51940155,5
Regular,FDI07,Meat,2020,OUT017,Tier 2,Medium,Supermarket Type1,0.033951826,12.35000038,197.2425995,5
Regular,FDU15,Meat,2020,OUT017,Tier 2,Medium,Supermarket Type1,0,13.64999962,36.65319824,5
Regular,FDU27,Meat,2020,OUT017,Tier 2,Medium,Supermarket Type1,0.172446817,18.60000038,47.13759995,5
Regular,FDN39,Meat,2020,OUT017,Tier 2,Medium,Supermarket Type1,0.065890998,19.35000038,167.081604,5
Regular,FDV10,Snack Foods,2020,OUT017,Tier 2,Medium,Supermarket Type1,0.067083366,7.644999981,44.01119995,5
Regular,FDO45,Snack Foods,2020,OUT017,Tier 2,Medium,Supermarket Type1,0.038167454,13.14999962,89.48560333,5
Regular,FDB23,Starchy Foods,2020,OUT017,Tier 2,Medium,Supermarket Type1,0.005620213,19.20000076,226.6062012,5
Low Fat,NCY41,Health and Hygiene,2020,OUT017,Tier 2,Medium,Supermarket Type1,0.076164015,16.75,34.05319977,5
Regular,FDW31,Fruits and Vegetables,2020,OUT017,Tier 2,Medium,Supermarket Type1,0.043402225,11.35000038,197.0742035,5
Regular,FDR55,Fruits and Vegetables,2020,OUT017,Tier 2,Medium,Supermarket Type1,0.132830665,12.14999962,190.6871948,5
Regular,FDX10,Snack Foods,2020,OUT017,Tier 2,Medium,Supermarket Type1,0.124410287,6.385000229,34.38740158,5
Low Fat,DRF49,Soft Drinks,2017,OUT035,Tier 2,Small,Supermarket Type1,0.071064502,7.269999981,114.4517975,5
Low Fat,FDA23,Baking Goods,2017,OUT035,Tier 2,Small,Supermarket Type1,0.047178116,9.800000191,99.4016037,5
Low Fat,FDR60,Baking Goods,2017,OUT035,Tier 2,Small,Supermarket Type1,0.130390465,14.30000019,77.23280334,5
Low Fat,FDN60,Baking Goods,2017,OUT035,Tier 2,Small,Supermarket Type1,0.095140085,15.10000038,159.9604034,5
Low Fat,FDU48,Baking Goods,2017,OUT035,Tier 2,Small,Supermarket Type1,0.055347987,18.85000038,131.5283966,5
Low Fat,FDG60,Baking Goods,2017,OUT035,Tier 2,Small,Supermarket Type1,0.06068825,20.35000038,234.2615967,5
Low Fat,FDU11,Breads,2017,OUT035,Tier 2,Small,Supermarket Type1,0.092576146,4.784999847,121.0098038,5
Low Fat,FDT49,Canned,2017,OUT035,Tier 2,Small,Supermarket Type1,0.151376963,7,108.2279968,5
Low Fat,FDS37,Canned,2017,OUT035,Tier 2,Small,Supermarket Type1,0.031938829,7.65500021,114.1492004,5
Low Fat,FDK50,Canned,2017,OUT035,Tier 2,Small,Supermarket Type1,0.028357839,7.960000038,163.2893982,5
Low Fat,FDG26,Canned,2017,OUT035,Tier 2,Small,Supermarket Type1,0.042641789,18.85000038,257.8330078,5
Low Fat,FDD14,Canned,2017,OUT035,Tier 2,Small,Supermarket Type1,0.16977635,20.70000076,184.4266052,5
Low Fat,FDK41,Frozen Foods,2017,OUT035,Tier 2,Small,Supermarket Type1,0.127517611,14.30000019,86.0223999,5
Low Fat,FDD16,Frozen Foods,2017,OUT035,Tier 2,Small,Supermarket Type1,0.036346223,20.5,72.96959686,5
Low Fat,FDZ44,Fruits and Vegetables,2017,OUT035,Tier 2,Small,Supermarket Type1,0.038721733,8.18500042,115.8807983,5
Low Fat,FDO44,Fruits and Vegetables,2017,OUT035,Tier 2,Small,Supermarket Type1,0.087436669,12.60000038,109.9227982,5
Low Fat,DRL11,Hard Drinks,2017,OUT035,Tier 2,Small,Supermarket Type1,0.048009083,10.5,157.0946045,5
Low Fat,NCU17,Health and Hygiene,2017,OUT035,Tier 2,Small,Supermarket Type1,0.092865743,5.320000172,100.6673965,5
Low Fat,NCL41,Health and Hygiene,2017,OUT035,Tier 2,Small,Supermarket Type1,0.041729733,12.35000038,36.32160187,5
Low Fat,NCS53,Health and Hygiene,2017,OUT035,Tier 2,Small,Supermarket Type1,0.089761212,14.5,159.4604034,5
Low Fat,NCV17,Health and Hygiene,2017,OUT035,Tier 2,Small,Supermarket Type1,0.016104504,18.85000038,130.2626038,5
Low Fat,NCO14,Household,2017,OUT035,Tier 2,Small,Supermarket Type1,0.029638266,9.600000381,42.60860062,5
Low Fat,NCU18,Household,2017,OUT035,Tier 2,Small,Supermarket Type1,0.055829495,15.10000038,140.2496033,5
Low Fat,NCI54,Household,2017,OUT035,Tier 2,Small,Supermarket Type1,0.033592686,15.19999981,108.1912003,5
Low Fat,NCQ50,Household,2017,OUT035,Tier 2,Small,Supermarket Type1,0,18.75,213.3217926,5
Low Fat,NCC18,Household,2017,OUT035,Tier 2,Small,Supermarket Type1,0.177236497,19.10000038,172.3421936,5
Low Fat,NCQ38,Others,2017,OUT035,Tier 2,Small,Supermarket Type1,0.013363902,16.35000038,106.1279984,5
Low Fat,FDL10,Snack Foods,2017,OUT035,Tier 2,Small,Supermarket Type1,0.039484739,8.395000458,97.90419769,5
Low Fat,FDE34,Snack Foods,2017,OUT035,Tier 2,Small,Supermarket Type1,0.107870996,9.194999695,181.2633972,5
Low Fat,FDL46,Snack Foods,2017,OUT035,Tier 2,Small,Supermarket Type1,0.054046705,20.35000038,119.5466003,5
Low Fat,FDH10,Snack Foods,2017,OUT035,Tier 2,Small,Supermarket Type1,0.049295686,21,194.4477997,5
Low Fat,DRE60,Soft Drinks,2017,OUT035,Tier 2,Small,Supermarket Type1,0.159304336,9.395000458,226.1719971,5
Low Fat,DRD60,Soft Drinks,2017,OUT035,Tier 2,Small,Supermarket Type1,0.037225071,15.69999981,182.4633942,5
Regular,FDR36,Baking Goods,2017,OUT035,Tier 2,Small,Supermarket Type1,0.121563382,6.715000153,43.74539948,5
Regular,FDL24,Baking Goods,2017,OUT035,Tier 2,Small,Supermarket Type1,0.024891881,10.30000019,170.9421997,5
Regular,FDM36,Baking Goods,2017,OUT035,Tier 2,Small,Supermarket Type1,0.058719724,11.64999962,171.1421967,5
Regular,FDD26,Canned,2017,OUT035,Tier 2,Small,Supermarket Type1,0.072141819,8.710000038,183.392395,5
Regular,FDI02,Canned,2017,OUT035,Tier 2,Small,Supermarket Type1,0.114543431,15.69999981,113.7201996,5
Regular,FDE04,Frozen Foods,2017,OUT035,Tier 2,Small,Supermarket Type1,0.018019661,19.75,181.5659943,5
Regular,FDQ08,Fruits and Vegetables,2017,OUT035,Tier 2,Small,Supermarket Type1,0.018926773,15.69999981,60.25360107,5
Regular,FDV20,Fruits and Vegetables,2017,OUT035,Tier 2,Small,Supermarket Type1,0.059790093,20.20000076,127.4677963,5
Regular,FDW03,Meat,2017,OUT035,Tier 2,Small,Supermarket Type1,0.024536636,5.630000114,106.1306,5
Regular,FDX51,Meat,2017,OUT035,Tier 2,Small,Supermarket Type1,0.022054553,9.5,195.4452057,5
Regular,FDR03,Meat,2017,OUT035,Tier 2,Small,Supermarket Type1,0.008734284,15.69999981,207.897995,5
Regular,FDW21,Snack Foods,2017,OUT035,Tier 2,Small,Supermarket Type1,0.005962753,5.340000153,102.4357986,5
Regular,FDJ58,Snack Foods,2017,OUT035,Tier 2,Small,Supermarket Type1,0.10527616,15.60000038,173.2763977,5
Low Fat,FDR48,Baking Goods,2011,OUT010,Tier 3,Medium,Grocery Store,0.220111117,11.64999962,153.0023956,5
Low Fat,FDO16,Frozen Foods,2011,OUT010,Tier 3,Medium,Grocery Store,0.025288019,5.480000019,83.32499695,5
Low Fat,FDE53,Frozen Foods,2011,OUT010,Tier 3,Medium,Grocery Store,0.044991877,10.89500046,107.2279968,5
Low Fat,FDV31,Fruits and Vegetables,2011,OUT010,Tier 3,Medium,Grocery Store,0.178622916,9.800000191,177.9369965,5
Low Fat,FDF32,Fruits and Vegetables,2011,OUT010,Tier 3,Medium,Grocery Store,0.113953561,16.35000038,198.2425995,5
Low Fat,DRN35,Hard Drinks,2011,OUT010,Tier 3,Medium,Grocery Store,0.117580064,8.010000229,36.65319824,5
Low Fat,NCQ17,Health and Hygiene,2011,OUT010,Tier 3,Medium,Grocery Store,0.19572112,10.30000019,156.4629974,5
Low Fat,NCQ41,Health and Hygiene,2011,OUT010,Tier 3,Medium,Grocery Store,0.032606181,14.80000019,193.5794067,5
Low Fat,NCN06,Household,2011,OUT010,Tier 3,Medium,Grocery Store,0.201687723,8.390000343,162.886795,5
Low Fat,NCF30,Household,2011,OUT010,Tier 3,Medium,Grocery Store,0.211306676,17,125.1362,5
Low Fat,FDQ39,Meat,2011,OUT010,Tier 3,High,Grocery Store,0.135647923,14.80000019,190.8845978,5
Low Fat,FDL45,Snack Foods,2011,OUT010,Tier 3,High,Grocery Store,0.063081712,15.60000038,125.770401,5
Low Fat,FDR10,Snack Foods,2011,OUT010,Tier 3,High,Grocery Store,0.016804723,17.60000038,163.4552002,5
Low Fat,FDZ09,Snack Foods,2011,OUT010,Tier 3,High,Grocery Store,0.175545886,17.60000038,163.6867981,5
Low Fat,DRJ13,Soft Drinks,2011,OUT010,Tier 3,High,Grocery Store,0.105265476,12.64999962,159.9577942,5
Low Fat,DRD24,Soft Drinks,2011,OUT010,Tier 3,High,Grocery Store,0.051544659,13.85000038,142.5153961,5
Low Fat,DRH25,Soft Drinks,2011,OUT010,Tier 3,High,Grocery Store,0.024425739,18.70000076,52.93239975,5
Regular,FDC60,Baking Goods,2011,OUT010,Tier 3,High,Grocery Store,0.191603333,5.425000191,87.05139923,5
Regular,FDJ36,Baking Goods,2011,OUT010,Tier 3,High,Grocery Store,0.214681059,14.5,102.7332001,5
Regular,FDU47,Breads,2011,OUT010,Tier 3,High,Grocery Store,0.190569043,12.80000019,138.7837982,5
Regular,FDA03,Dairy,2011,OUT010,Tier 3,High,Grocery Store,0.076097034,18.5,145.8101959,5
Regular,FDY40,Frozen Foods,2011,OUT010,Tier 3,High,Grocery Store,0.143670186,15.5,48.46920013,5
Regular,FDZ16,Frozen Foods,2011,OUT010,Tier 3,High,Grocery Store,0.267565906,16.85000038,194.1477966,5
Regular,FDW07,Fruits and Vegetables,2011,OUT010,Tier 3,High,Grocery Store,0.238831878,18,88.25140381,5
Low Fat,FDW23,Baking Goods,2000,OUT013,Tier 3,High,Supermarket Type1,0.081944048,5.764999866,36.71640015,5
Low Fat,FDW59,Breads,2000,OUT013,Tier 3,High,Supermarket Type1,0.020698674,13.14999962,86.3565979,5
Low Fat,DRF27,Dairy,2000,OUT013,Tier 3,High,Supermarket Type1,0.028393624,8.930000305,153.4340057,5
Low Fat,FDB15,Dairy,2000,OUT013,Tier 3,High,Supermarket Type1,0.13669689,10.89500046,264.5567932,5
Low Fat,FDG16,Frozen Foods,2000,OUT013,Tier 3,High,Supermarket Type1,0.089742064,15.25,213.7191925,5
Low Fat,FDJ04,Frozen Foods,2000,OUT013,Tier 3,High,Supermarket Type1,0.124348484,18,118.3124008,5
Low Fat,FDJ32,Fruits and Vegetables,2000,OUT013,Tier 3,High,Supermarket Type1,0.05774425,10.69499969,61.25360107,5
Low Fat,FDM56,Fruits and Vegetables,2000,OUT013,Tier 3,High,Supermarket Type1,0.070133179,16.70000076,109.8911972,5
Low Fat,FDB45,Fruits and Vegetables,2000,OUT013,Tier 3,High,Supermarket Type1,0.021312043,20.85000038,104.930603,5
Low Fat,DRJ23,Hard Drinks,2000,OUT013,Tier 3,High,Supermarket Type1,0.041634206,18.35000038,188.1871948,5
Low Fat,NCN06,Household,2000,OUT013,Tier 3,High,Supermarket Type1,0.120396994,8.390000343,163.4868011,5
Low Fat,NCF43,Household,2000,OUT013,Tier 3,High,Supermarket Type1,0.051902682,8.510000229,142.246994,5
Low Fat,NCG07,Household,2000,OUT013,Tier 3,High,Supermarket Type1,0.052458357,12.30000019,188.753006,5
Low Fat,NCB55,Household,2000,OUT013,Tier 3,High,Supermarket Type1,0.160529315,15.69999981,59.25619888,5
Low Fat,NCN30,Household,2000,OUT013,Tier 3,High,Supermarket Type1,0.016979063,16.35000038,97.44100189,5
Low Fat,FDF22,Snack Foods,2000,OUT013,Tier 3,High,Supermarket Type1,0.056783389,6.864999771,214.5218048,5
Low Fat,FDQ10,Snack Foods,2000,OUT013,Tier 3,High,Supermarket Type1,0.033151619,12.85000038,170.6421967,5
Low Fat,DRK13,Soft Drinks,2000,OUT013,Tier 3,High,Supermarket Type1,0.115071736,11.80000019,198.2084045,5
Low Fat,DRL37,Soft Drinks,2000,OUT013,Tier 3,High,Supermarket Type1,0.053327762,15.5,44.47700119,5
Regular,FDL38,Canned,2000,OUT013,Tier 3,High,Supermarket Type1,0.014720848,13.80000019,89.91719818,5
Regular,FDV13,Canned,2000,OUT013,Tier 3,High,Supermarket Type1,0.027587891,17.35000038,86.18560028,5
Regular,FDX04,Frozen Foods,2000,OUT013,Tier 3,High,Supermarket Type1,0.041536961,19.60000038,46.03760147,5
Regular,FDF53,Frozen Foods,2000,OUT013,Tier 3,High,Supermarket Type1,0.08353699,20.75,180.3318024,5
Regular,FDD21,Fruits and Vegetables,2000,OUT013,Tier 3,High,Supermarket Type1,0,10.30000019,115.017601,5
Regular,FDO20,Fruits and Vegetables,2000,OUT013,Tier 3,High,Supermarket Type1,0.152001202,12.85000038,252.3381958,5
Regular,FDC21,Fruits and Vegetables,2000,OUT013,Tier 3,High,Supermarket Type1,0.04292307,14.60000038,109.8254013,5
Regular,FDV19,Fruits and Vegetables,2000,OUT013,Tier 3,High,Supermarket Type1,0.035227697,14.85000038,159.5578003,5
Regular,FDW43,Fruits and Vegetables,2000,OUT013,Tier 3,High,Supermarket Type1,0.022406574,20.10000038,225.903595,5
Regular,FDO46,Snack Foods,2000,OUT013,Tier 3,High,Supermarket Type1,0.014200671,9.600000381,187.1871948,5
Regular,FDT10,Snack Foods,2000,OUT013,Tier 3,High,Supermarket Type1,0.061992873,16.70000076,60.95619965,5
Regular,FDB23,Starchy Foods,2000,OUT013,Tier 3,High,Supermarket Type1,0.005583951,19.20000076,226.9062042,5
Low Fat,FDN60,Baking Goods,2022,OUT018,Tier 3,Medium,Supermarket Type2,0.095545717,15.10000038,157.3603973,5
Low Fat,FDU23,Breads,2022,OUT018,Tier 3,Medium,Supermarket Type2,0.021811986,12.14999962,163.6183929,5
Low Fat,FDM13,Breakfast,2022,OUT018,Tier 3,Medium,Supermarket Type2,0.063432679,6.425000191,132.8625946,5
Low Fat,FDB50,Canned,2022,OUT018,Tier 3,Medium,Supermarket Type2,0.154244348,13,77.99859619,5
Low Fat,FDC04,Dairy,2022,OUT018,Tier 3,Medium,Supermarket Type2,0.045168899,15.60000038,242.9853973,5
Low Fat,DRF03,Dairy,2022,OUT018,Tier 3,Medium,Supermarket Type2,0.045492698,19.10000038,40.31380081,5
Low Fat,FDG53,Frozen Foods,2022,OUT018,Tier 3,Medium,Supermarket Type2,0.046043735,10,140.6179962,5
Low Fat,FDP16,Frozen Foods,2022,OUT018,Tier 3,Medium,Supermarket Type2,0.039454926,18.60000038,244.0802002,5
Low Fat,FDE08,Fruits and Vegetables,2022,OUT018,Tier 3,Medium,Supermarket Type2,0.049520593,18.20000076,147.3733978,5
Low Fat,FDQ44,Fruits and Vegetables,2022,OUT018,Tier 3,Medium,Supermarket Type2,0.036287516,20.5,121.2755966,5
Low Fat,DRJ47,Hard Drinks,2022,OUT018,Tier 3,Medium,Supermarket Type2,0.044430561,18.25,174.2079926,5
Low Fat,NCO05,Health and Hygiene,2022,OUT018,Tier 3,Medium,Supermarket Type2,0.046749111,7.269999981,100.4384003,5
Low Fat,NCB54,Health and Hygiene,2022,OUT018,Tier 3,Medium,Supermarket Type2,0.050256602,8.760000229,127.3336029,5
Low Fat,NCJ29,Health and Hygiene,2022,OUT018,Tier 3,Medium,Supermarket Type2,0.035336286,10.60000038,87.0223999,5
Low Fat,NCE06,Household,2022,OUT018,Tier 3,Medium,Supermarket Type2,0.091857903,5.824999809,160.7893982,5
Low Fat,NCP14,Household,2022,OUT018,Tier 3,Medium,Supermarket Type2,0.11073903,8.274999619,103.3305969,5
Low Fat,NCH06,Household,2022,OUT018,Tier 3,Medium,Supermarket Type2,0.076866232,12.30000019,247.1459961,5
Low Fat,NCH55,Household,2022,OUT018,Tier 3,Medium,Supermarket Type2,0.034813557,16.35000038,128.4019928,5
Low Fat,NCN42,Household,2022,OUT018,Tier 3,Medium,Supermarket Type2,0.014280554,20.25,148.0417938,5
Low Fat,FDM03,Meat,2022,OUT018,Tier 3,Medium,Supermarket Type2,0.123531975,12.64999962,108.2938004,5
Low Fat,FDK55,Meat,2022,OUT018,Tier 3,Medium,Supermarket Type2,0.025866641,18.5,88.91719818,5
Low Fat,FDU39,Meat,2022,OUT018,Tier 3,Medium,Supermarket Type2,0.036184754,18.85000038,58.55619812,5
Low Fat,NCO07,Others,2022,OUT018,Tier 3,Medium,Supermarket Type2,0.009816092,9.06000042,211.8560028,5
Low Fat,FDF22,Snack Foods,2022,OUT018,Tier 3,Medium,Supermarket Type2,0.057062186,6.864999771,212.0218048,5
Low Fat,FDI46,Snack Foods,2022,OUT018,Tier 3,Medium,Supermarket Type2,0.07464812,9.5,253.372406,5
Low Fat,FDD22,Snack Foods,2022,OUT018,Tier 3,Medium,Supermarket Type2,0.100055628,10,113.3544006,5
Low Fat,FDZ45,Snack Foods,2022,OUT018,Tier 3,Medium,Supermarket Type2,0.06714841,14.10000038,200.4084015,5
Low Fat,FDT45,Snack Foods,2022,OUT018,Tier 3,Medium,Supermarket Type2,0.057546914,15.85000038,55.89559937,5
Low Fat,FDL34,Snack Foods,2022,OUT018,Tier 3,Medium,Supermarket Type2,0.041112695,16,139.9496002,5
Low Fat,FDA45,Snack Foods,2022,OUT018,Tier 3,Medium,Supermarket Type2,0.156012625,21.25,177.3370056,5
Low Fat,DRI01,Soft Drinks,2022,OUT018,Tier 3,Medium,Supermarket Type2,0,7.96999979,172.0422058,5
Low Fat,DRJ13,Soft Drinks,2022,OUT018,Tier 3,Medium,Supermarket Type2,0.063146494,12.64999962,159.6578064,5
Regular,FDU47,Breads,2022,OUT018,Tier 3,Medium,Supermarket Type2,0.114318267,12.80000019,142.2837982,5
Regular,FDB02,Canned,2022,OUT018,Tier 3,Medium,Supermarket Type2,0.02928308,9.694999695,175.1369934,5
Regular,FDM50,Canned,2022,OUT018,Tier 3,Medium,Supermarket Type2,0.030211741,13,59.3219986,5
Regular,FDC14,Canned,2022,OUT018,Tier 3,Medium,Supermarket Type2,0,14.5,41.04539871,5
Regular,FDH50,Canned,2022,OUT018,Tier 3,Medium,Supermarket Type2,0.162093058,15,182.5265961,5
Regular,FDD52,Dairy,2022,OUT018,Tier 3,Medium,Supermarket Type2,0.184041545,18.25,110.1569977,5
Regular,FDH04,Frozen Foods,2022,OUT018,Tier 3,Medium,Supermarket Type2,0.011419301,6.114999771,91.04879761,5
Regular,FDH56,Fruits and Vegetables,2022,OUT018,Tier 3,Medium,Supermarket Type2,0.064077169,9.800000191,116.7491989,5
Regular,FDX31,Fruits and Vegetables,2022,OUT018,Tier 3,Medium,Supermarket Type2,0.014885998,20.35000038,234.4958038,5
Regular,FDO51,Meat,2022,OUT018,Tier 3,Medium,Supermarket Type2,0.042153504,6.784999847,44.01119995,5
Regular,FDV22,Snack Foods,2022,OUT018,Tier 3,Medium,Supermarket Type2,0.009979271,14.85000038,155.7630005,5
Regular,FDJ21,Snack Foods,2022,OUT018,Tier 3,Medium,Supermarket Type2,0.038685177,16.70000076,146.610199,5
Low Fat,FDI14,Canned,1998,OUT027,Tier 3,Medium,Supermarket Type3,0.089243501,12.85764534,139.2496033,5
Low Fat,FDU25,Canned,1998,OUT027,Tier 3,Medium,Supermarket Type3,0.026552057,12.85764534,56.22460175,5
Low Fat,FDC53,Frozen Foods,1998,OUT027,Tier 3,Medium,Supermarket Type3,0.008792907,12.85764534,96.73840332,5
Low Fat,FDD28,Frozen Foods,1998,OUT027,Tier 3,Medium,Supermarket Type3,0.053038776,12.85764534,59.5904007,5
Low Fat,FDO40,Frozen Foods,1998,OUT027,Tier 3,Medium,Supermarket Type3,0.032470107,12.85764534,148.9391937,5
Low Fat,FDT40,Frozen Foods,1998,OUT027,Tier 3,Medium,Supermarket Type3,0.09533143,12.85764534,125.5678024,5
Low Fat,FDD33,Fruits and Vegetables,1998,OUT027,Tier 3,Medium,Supermarket Type3,0,12.85764534,231.9642029,5
Low Fat,FDW20,Fruits and Vegetables,1998,OUT027,Tier 3,Medium,Supermarket Type3,0.024032485,12.85764534,124.9729996,5
Low Fat,DRN47,Hard Drinks,1998,OUT027,Tier 3,Medium,Supermarket Type3,0.016745264,12.85764534,180.7660065,5
Low Fat,NCY53,Health and Hygiene,1998,OUT027,Tier 3,Medium,Supermarket Type3,0.058198143,12.85764534,110.4543991,5
Low Fat,NCE19,Household,1998,OUT027,Tier 3,Medium,Supermarket Type3,0.092564195,12.85764534,53.49560165,5
Low Fat,NCE55,Household,1998,OUT027,Tier 3,Medium,Supermarket Type3,0.129299313,12.85764534,178.2369995,5
Low Fat,NCG43,Household,1998,OUT027,Tier 3,Medium,Supermarket Type3,0.073879942,12.85764534,94.04620361,5
Low Fat,NCH06,Household,1998,OUT027,Tier 3,Medium,Supermarket Type3,0.076183669,12.85764534,245.6459961,5
Low Fat,NCM30,Household,1998,OUT027,Tier 3,Medium,Supermarket Type3,0.066969521,12.85764534,39.27959824,5
Low Fat,NCN42,Household,1998,OUT027,Tier 3,Medium,Supermarket Type3,0.014153743,12.85764534,145.6417999,5
Low Fat,NCU42,Household,1998,OUT027,Tier 3,Medium,Supermarket Type3,0.019412192,12.85764534,166.5473938,5
Low Fat,NCJ19,Others,1998,OUT027,Tier 3,Medium,Supermarket Type3,0.11760772,12.85764534,55.25880051,5
Low Fat,FDD46,Snack Foods,1998,OUT027,Tier 3,Medium,Supermarket Type3,0.140571967,12.85764534,154.7998047,5
Low Fat,FDL33,Snack Foods,1998,OUT027,Tier 3,Medium,Supermarket Type3,0.099478453,12.85764534,194.4452057,5
Low Fat,FDP09,Snack Foods,1998,OUT027,Tier 3,Medium,Supermarket Type3,0.033725742,12.85764534,211.6902008,5
Low Fat,DRL37,Soft Drinks,1998,OUT027,Tier 3,Medium,Supermarket Type3,0.053113721,12.85764534,44.3769989,5
Regular,FDE36,Baking Goods,1998,OUT027,Tier 3,Medium,Supermarket Type3,0,12.85764534,165.5868073,5
Regular,FDG12,Baking Goods,1998,OUT027,Tier 3,Medium,Supermarket Type3,0.006295472,12.85764534,122.4097977,5
Regular,FDU24,Baking Goods,1998,OUT027,Tier 3,Medium,Supermarket Type3,0.139484286,12.85764534,94.31199646,5
Regular,FDK25,Breakfast,1998,OUT027,Tier 3,Medium,Supermarket Type3,0.156072363,12.85764534,169.3473969,5
Regular,FDB14,Canned,1998,OUT027,Tier 3,Medium,Supermarket Type3,0.102226473,12.85764534,91.31199646,5
Regular,FDH50,Canned,1998,OUT027,Tier 3,Medium,Supermarket Type3,0.160653681,12.85764534,185.226593,5
Regular,FDZ02,Dairy,1998,OUT027,Tier 3,Medium,Supermarket Type3,0.037962697,12.85764534,97.57260132,5
Regular,FDH05,Frozen Foods,1998,OUT027,Tier 3,Medium,Supermarket Type3,0.090473391,12.85764534,229.7984009,5
Regular,FDT19,Fruits and Vegetables,1998,OUT027,Tier 3,Medium,Supermarket Type3,0.144338489,12.85764534,172.1080017,5
Regular,FDW19,Fruits and Vegetables,1998,OUT027,Tier 3,Medium,Supermarket Type3,0.038313981,12.85764534,109.9570007,5
Regular,FDR51,Meat,1998,OUT027,Tier 3,Medium,Supermarket Type3,0.172629684,12.85764534,148.4707947,5
Regular,FDY34,Snack Foods,1998,OUT027,Tier 3,Medium,Supermarket Type3,0.010928678,12.85764534,167.084198,5
Regular,FDP49,Breakfast,2012,OUT049,Tier 1,Medium,Supermarket Type1,0.069196373,9,54.3614006,4.900000095
Regular,FDG35,Starchy Foods,2010,OUT046,Tier 1,Small,Supermarket Type1,0.00704098,21.20000076,173.5738068,4.900000095
Low Fat,FDS52,Frozen Foods,1998,OUT019,Tier 1,Small,Grocery Store,0.009585169,12.85764534,102.5016022,4.900000095
Low Fat,FDR21,Snack Foods,2010,OUT046,Tier 1,Small,Supermarket Type1,0.066935457,19.70000076,177.5370026,4.900000095
Regular,FDQ36,Baking Goods,2010,OUT046,Tier 1,Small,Supermarket Type1,0,7.855000019,38.38479996,4.900000095
Regular,FDE20,Fruits and Vegetables,2010,OUT046,Tier 1,Small,Supermarket Type1,0.005530516,11.35000038,171.1790009,4.900000095
Regular,FDO20,Fruits and Vegetables,2010,OUT046,Tier 1,Small,Supermarket Type1,0,12.85000038,252.3381958,4.900000095
Low Fat,FDZ20,Fruits and Vegetables,2015,OUT045,Tier 2,Medium,Supermarket Type1,0.034376536,16.10000038,256.1355896,4.900000095
Low Fat,FDK38,Canned,2017,OUT035,Tier 2,Small,Supermarket Type1,0.053279839,6.650000095,147.773407,4.900000095
Low Fat,NCN53,Health and Hygiene,2011,OUT010,Tier 3,Medium,Grocery Store,0.050808821,5.175000191,33.68740082,4.900000095
Regular,FDN04,Frozen Foods,2000,OUT013,Tier 3,High,Supermarket Type1,0.014075334,11.80000019,176.8343964,4.900000095
Low Fat,NCP42,Household,2022,OUT018,Tier 3,Medium,Supermarket Type2,0.016176345,8.510000229,192.1477966,4.900000095
Regular,FDY11,Baking Goods,2022,OUT018,Tier 3,Medium,Supermarket Type2,0.029680869,6.710000038,65.0141983,4.900000095
Low Fat,FDW28,Frozen Foods,1998,OUT027,Tier 3,Medium,Supermarket Type3,0.088394113,12.85764534,194.7451935,4.900000095
Low Fat,NCL53,Health and Hygiene,1998,OUT027,Tier 3,Medium,Supermarket Type3,0,12.85764534,175.4028015,4.900000095
Regular,FDW57,Snack Foods,2012,OUT049,Tier 1,Medium,Supermarket Type1,0.115857221,8.31000042,179.1027985,4.800000191
Low Fat,NCN07,Others,2011,OUT010,Tier 3,Small,Grocery Store,0.056816466,18.5,132.1284027,4.800000191
Regular,FDP28,Frozen Foods,2011,OUT010,Tier 3,Small,Grocery Store,0.134975627,13.64999962,260.0935974,4.800000191
Regular,FDR52,Frozen Foods,2022,OUT018,Tier 3,Medium,Supermarket Type2,0.076354362,12.64999962,192.1846008,4.800000191
Regular,FDY56,Fruits and Vegetables,2010,OUT046,Tier 1,Small,Supermarket Type1,0.062411405,16.35000038,225.9062042,4.800000191
Regular,FDR36,Baking Goods,2000,OUT013,Tier 3,High,Supermarket Type1,0.121485196,6.715000153,40.24539948,4.800000191
Regular,FDY22,Snack Foods,2020,OUT017,Tier 2,Medium,Supermarket Type1,0.160624117,16.5,143.8128052,4.800000191
Low Fat,FDD36,Baking Goods,1998,OUT027,Tier 3,Medium,Supermarket Type3,0.021170542,12.85764534,117.6123962,4.800000191
Low Fat,FDP19,Fruits and Vegetables,2012,OUT049,Tier 1,Medium,Supermarket Type1,0,11.5,128.4651947,4.800000191
Low Fat,FDF20,Fruits and Vegetables,2012,OUT049,Tier 1,Medium,Supermarket Type1,0.033271819,12.85000038,196.5767975,4.800000191
Low Fat,NCB31,Household,2012,OUT049,Tier 1,Medium,Supermarket Type1,0.118858866,6.235000134,263.2909851,4.800000191
Low Fat,DRE12,Soft Drinks,2012,OUT049,Tier 1,Medium,Supermarket Type1,0.070890605,4.590000153,111.685997,4.800000191
Low Fat,DRK01,Soft Drinks,2012,OUT049,Tier 1,Medium,Supermarket Type1,0.061159246,7.630000114,92.54360199,4.800000191
Regular,FDE20,Fruits and Vegetables,2012,OUT049,Tier 1,Medium,Supermarket Type1,0.005539114,11.35000038,167.8789978,4.800000191
Regular,FDJ34,Snack Foods,2012,OUT049,Tier 1,Medium,Supermarket Type1,0.093801335,11.80000019,126.0703964,4.800000191
Low Fat,FDH41,Frozen Foods,1998,OUT019,Tier 1,Small,Grocery Store,0.143591583,12.85764534,213.5534058,4.800000191
Low Fat,FDQ12,Baking Goods,1998,OUT019,Tier 1,Small,Grocery Store,0.061999649,12.85764534,230.0010071,4.800000191
Low Fat,FDZ27,Dairy,1998,OUT019,Tier 1,Small,Grocery Store,0,12.85764534,51.23500061,4.800000191
Low Fat,FDI22,Snack Foods,1998,OUT019,Tier 1,Small,Grocery Store,0.168455556,12.85764534,211.061203,4.800000191
Regular,FDW02,Dairy,1998,OUT019,Tier 1,Small,Grocery Store,0.066006824,12.85764534,126.270401,4.800000191
Regular,FDR15,Meat,1998,OUT019,Tier 1,Small,Grocery Store,0.058545604,12.85764534,155.8314056,4.800000191
Regular,FDN34,Snack Foods,1998,OUT019,Tier 1,Small,Grocery Store,0.080127284,12.85764534,168.7131958,4.800000191
Low Fat,NCV41,Health and Hygiene,2010,OUT046,Tier 1,Small,Supermarket Type1,0.017038777,14.35000038,112.5227966,4.800000191
Low Fat,NCM19,Others,2010,OUT046,Tier 1,Small,Supermarket Type1,0.047237247,12.64999962,112.5202026,4.800000191
Regular,FDP31,Fruits and Vegetables,2010,OUT046,Tier 1,Small,Supermarket Type1,0.161504954,21.10000038,65.01679993,4.800000191
Regular,FDQ45,Snack Foods,2010,OUT046,Tier 1,Small,Supermarket Type1,0.010917052,9.5,185.3607941,4.800000191
Regular,FDO21,Snack Foods,2010,OUT046,Tier 1,Small,Supermarket Type1,0.009763021,11.60000038,226.2404022,4.800000191
Low Fat,FDQ24,Baking Goods,2015,OUT045,Tier 2,Medium,Supermarket Type1,0.073816098,15.69999981,253.4723969,4.800000191
Low Fat,FDD14,Canned,2015,OUT045,Tier 2,Medium,Supermarket Type1,0.170152828,20.70000076,182.6266022,4.800000191
Low Fat,NCC54,Health and Hygiene,2015,OUT045,Tier 2,Small,Supermarket Type1,0.097909085,17.75,242.1195984,4.800000191
Low Fat,FDZ40,Frozen Foods,2020,OUT017,Tier 2,Small,Supermarket Type1,0.040410038,8.93500042,52.92979813,4.800000191
Low Fat,NCM07,Others,2020,OUT017,Tier 2,High,Supermarket Type1,0.040187877,9.395000458,85.69080353,4.800000191
Low Fat,NCP50,Others,2020,OUT017,Tier 2,High,Supermarket Type1,0.020676142,17.35000038,80.66179657,4.800000191
Low Fat,NCJ31,Others,2020,OUT017,Tier 2,High,Supermarket Type1,0.183686942,19.20000076,241.8195953,4.800000191
Low Fat,FDF46,Snack Foods,2020,OUT017,Tier 2,High,Supermarket Type1,0.094201021,7.070000172,115.8834,4.800000191
Regular,FDJ36,Baking Goods,2015,OUT045,Tier 2,High,Supermarket Type1,0.128520191,14.5,101.433197,4.800000191
Regular,FDZ13,Canned,2015,OUT045,Tier 2,High,Supermarket Type1,0.153806269,7.840000153,51.33499908,4.800000191
Regular,FDZ32,Fruits and Vegetables,2015,OUT045,Tier 2,High,Supermarket Type1,0.038210083,7.784999847,103.8964005,4.800000191
Regular,FDY40,Frozen Foods,2020,OUT017,Tier 2,High,Supermarket Type1,0.086320512,15.5,48.1692009,4.800000191
Low Fat,NCM06,Household,2017,OUT035,Tier 2,Small,Supermarket Type1,0.075713575,7.474999905,156.4656067,4.800000191
Low Fat,FDK24,Baking Goods,2017,OUT035,Tier 2,Small,Supermarket Type1,0.101275794,9.194999695,46.47439957,4.800000191
Low Fat,NCL05,Health and Hygiene,2017,OUT035,Tier 2,Small,Supermarket Type1,0.047888607,19.60000038,42.27700043,4.800000191
Low Fat,NCA29,Household,2017,OUT035,Tier 2,Small,Supermarket Type1,0.027271252,10.5,171.6105957,4.800000191
Low Fat,NCP30,Household,2017,OUT035,Tier 2,Small,Supermarket Type1,0.032762494,20.5,40.0821991,4.800000191
Low Fat,FDX58,Snack Foods,2011,OUT010,Tier 3,Medium,Grocery Store,0.073251426,13.14999962,181.6950073,4.800000191
Low Fat,FDW24,Baking Goods,2011,OUT010,Tier 3,Medium,Grocery Store,0.062762372,6.800000191,50.40340042,4.800000191
Low Fat,FDH48,Baking Goods,2011,OUT010,Tier 3,Medium,Grocery Store,0.101231724,13.5,86.2539978,4.800000191
Low Fat,FDF20,Fruits and Vegetables,2011,OUT010,Tier 3,Medium,Grocery Store,0.055603754,12.85000038,195.6768036,4.800000191
Low Fat,FDE22,Snack Foods,2011,OUT010,Tier 3,High,Grocery Store,0.049498823,9.694999695,158.7920074,4.800000191
Low Fat,FDK55,Meat,2000,OUT013,Tier 3,High,Supermarket Type1,0.025740258,18.5,89.41719818,4.800000191
Regular,FDR11,Breads,2000,OUT013,Tier 3,High,Supermarket Type1,0.142419606,10.5,161.1578064,4.800000191
Regular,DRC01,Soft Drinks,2000,OUT013,Tier 3,High,Supermarket Type1,0.019184027,5.920000076,50.36920166,4.800000191
Regular,FDE11,Starchy Foods,2000,OUT013,Tier 3,High,Supermarket Type1,0.134983554,17.70000076,184.4924011,4.800000191
Low Fat,FDW50,Dairy,2022,OUT018,Tier 3,Medium,Supermarket Type2,0.075885922,13.10000038,165.115799,4.800000191
Low Fat,DRJ39,Dairy,2022,OUT018,Tier 3,Medium,Supermarket Type2,0.036474042,20.25,218.3482056,4.800000191
Low Fat,FDJ46,Snack Foods,2022,OUT018,Tier 3,Medium,Supermarket Type2,0.045006029,11.10000038,174.0054016,4.800000191
Low Fat,DRD24,Soft Drinks,2022,OUT018,Tier 3,Medium,Supermarket Type2,0.030920532,13.85000038,141.0153961,4.800000191
Regular,FDR20,Fruits and Vegetables,2022,OUT018,Tier 3,Medium,Supermarket Type2,0.028238317,20,46.37440109,4.800000191
Regular,FDS33,Snack Foods,2022,OUT018,Tier 3,Medium,Supermarket Type2,0,6.670000076,90.55139923,4.800000191
Regular,FDK32,Fruits and Vegetables,1998,OUT027,Tier 3,Medium,Supermarket Type3,0.048738409,12.85764534,152.8681946,4.800000191
Regular,FDO03,Meat,1998,OUT027,Tier 3,Medium,Supermarket Type3,0.036704369,12.85764534,228.1351929,4.800000191
Regular,FDC59,Starchy Foods,1998,OUT027,Tier 3,Medium,Supermarket Type3,0.054364361,12.85764534,63.81679916,4.800000191
Low Fat,FDS12,Baking Goods,2020,OUT017,Tier 2,Small,Supermarket Type1,0.175103441,9.100000381,127.5362015,4.699999809
Low Fat,FDR21,Snack Foods,2017,OUT035,Tier 2,Small,Supermarket Type1,0.066922799,19.70000076,174.8370056,4.699999809
Low Fat,FDT44,Fruits and Vegetables,2015,OUT045,Tier 2,Small,Supermarket Type1,0.103195399,16.60000038,117.8466034,4.699999809
Regular,FDZ47,Baking Goods,1998,OUT027,Tier 3,Medium,Supermarket Type3,0.078912474,12.85764534,99.90419769,4.699999809
Low Fat,FDD08,Fruits and Vegetables,2000,OUT013,Tier 3,High,Supermarket Type1,0.035324939,8.300000191,38.95059967,4.699999809
Low Fat,FDK02,Canned,2020,OUT017,Tier 2,Medium,Supermarket Type1,0.11285945,12.5,118.3440018,4.699999809
Low Fat,FDR39,Meat,2012,OUT049,Tier 1,Medium,Supermarket Type1,0.083929569,20.35000038,182.4291992,4.699999809
Low Fat,DRI03,Dairy,2012,OUT049,Tier 1,Medium,Supermarket Type1,0,6.03000021,175.1027985,4.699999809
Low Fat,FDJ52,Frozen Foods,2012,OUT049,Tier 1,Medium,Supermarket Type1,0.017814519,7.144999981,159.8578033,4.699999809
Low Fat,NCD42,Health and Hygiene,2012,OUT049,Tier 1,Medium,Supermarket Type1,0.012657494,16.5,36.3506012,4.699999809
Regular,FDY35,Breads,2012,OUT049,Tier 1,Medium,Supermarket Type1,0.0160526,17.60000038,43.94020081,4.699999809
Regular,FDL13,Breakfast,2012,OUT049,Tier 1,Medium,Supermarket Type1,0.056406129,13.85000038,231.4299927,4.699999809
Regular,FDD38,Canned,2012,OUT049,Tier 1,Medium,Supermarket Type1,0.008204465,16.75,99.86740112,4.699999809
Regular,FDT26,Dairy,2012,OUT049,Tier 1,Medium,Supermarket Type1,0.068059154,18.85000038,120.3440018,4.699999809
Regular,FDE28,Frozen Foods,2012,OUT049,Tier 1,Medium,Supermarket Type1,0,9.5,228.4667969,4.699999809
Regular,FDO46,Snack Foods,2012,OUT049,Tier 1,Medium,Supermarket Type1,0.014234595,9.600000381,190.2872009,4.699999809
Regular,FDP45,Snack Foods,2012,OUT049,Tier 1,Medium,Supermarket Type1,0.030672457,15.69999981,253.1723938,4.699999809
Low Fat,DRH51,Dairy,1998,OUT019,Tier 1,Small,Grocery Store,0.17021367,12.85764534,89.58560181,4.699999809
Low Fat,FDQ10,Snack Foods,1998,OUT019,Tier 1,Small,Grocery Store,0.058092549,12.85764534,172.0422058,4.699999809
Regular,FDH52,Frozen Foods,1998,OUT019,Tier 1,Small,Grocery Store,0.076868661,12.85764534,62.11940002,4.699999809
Regular,FDC10,Snack Foods,1998,OUT019,Tier 1,Small,Grocery Store,0.127599403,12.85764534,118.9097977,4.699999809
Low Fat,FDY27,Dairy,2010,OUT046,Tier 1,Small,Supermarket Type1,0.031898174,6.380000114,177.4344025,4.699999809
Low Fat,FDY52,Frozen Foods,2010,OUT046,Tier 1,Small,Supermarket Type1,0.007348286,6.364999771,62.85359955,4.699999809
Low Fat,DRN35,Hard Drinks,2010,OUT046,Tier 1,Small,Supermarket Type1,0.070247591,8.010000229,37.55319977,4.699999809
Low Fat,DRI47,Hard Drinks,2010,OUT046,Tier 1,Small,Supermarket Type1,0.02092018,14.69999981,143.8128052,4.699999809
Low Fat,NCT05,Health and Hygiene,2010,OUT046,Tier 1,Small,Supermarket Type1,0.020951848,10.89500046,255.3672028,4.699999809
Low Fat,NCW17,Health and Hygiene,2010,OUT046,Tier 1,Small,Supermarket Type1,0.019386234,18,126.8993988,4.699999809
Low Fat,FDA39,Meat,2010,OUT046,Tier 1,Small,Supermarket Type1,0.012717946,6.320000172,40.28219986,4.699999809
Regular,FDS25,Canned,2010,OUT046,Tier 1,Small,Supermarket Type1,0.140008554,6.885000229,108.7228012,4.699999809
Regular,FDC16,Dairy,2010,OUT046,Tier 1,Small,Supermarket Type1,0,11.5,88.2539978,4.699999809
Regular,FDN28,Frozen Foods,2010,OUT046,Tier 1,Small,Supermarket Type1,0.030247902,5.880000114,101.3990021,4.699999809
Regular,FDW03,Meat,2010,OUT046,Tier 1,Small,Supermarket Type1,0.024541277,5.630000114,105.1306,4.699999809
Regular,FDJ21,Snack Foods,2010,OUT046,Tier 1,Small,Supermarket Type1,0.038528226,16.70000076,143.910202,4.699999809
Low Fat,FDD48,Baking Goods,2015,OUT045,Tier 2,Medium,Supermarket Type1,0.030219853,10.39500046,114.717598,4.699999809
Low Fat,FDW13,Canned,2015,OUT045,Tier 2,Medium,Supermarket Type1,0.098083228,8.5,50.33240128,4.699999809
Low Fat,DRD15,Dairy,2015,OUT045,Tier 2,Medium,Supermarket Type1,0.056911107,10.60000038,233.9642029,4.699999809
Low Fat,FDH32,Fruits and Vegetables,2015,OUT045,Tier 2,Medium,Supermarket Type1,0.076214291,12.80000019,96.54100037,4.699999809
Low Fat,NCT05,Health and Hygiene,2015,OUT045,Tier 2,Small,Supermarket Type1,0.020994339,10.89500046,255.6672058,4.699999809
Low Fat,NCV30,Household,2015,OUT045,Tier 2,Small,Supermarket Type1,0.066065796,20.20000076,61.35100174,4.699999809
Low Fat,FDW10,Snack Foods,2020,OUT017,Tier 2,High,Supermarket Type1,0.071076058,21.20000076,174.8370056,4.699999809
Regular,FDR36,Baking Goods,2015,OUT045,Tier 2,High,Supermarket Type1,0.121832959,6.715000153,43.54539871,4.699999809
Regular,FDV22,Snack Foods,2015,OUT045,Tier 2,High,Supermarket Type1,0.009958941,14.85000038,157.9629974,4.699999809
Regular,DRA59,Soft Drinks,2020,OUT017,Tier 2,Medium,Supermarket Type1,0,8.270000458,183.2924042,4.699999809
Low Fat,FDI14,Canned,2017,OUT035,Tier 2,Small,Supermarket Type1,0.089660816,14.10000038,140.0496063,4.699999809
Low Fat,FDT37,Canned,2017,OUT035,Tier 2,Small,Supermarket Type1,0.035263497,14.14999962,254.8014069,4.699999809
Low Fat,FDX25,Canned,2017,OUT035,Tier 2,Small,Supermarket Type1,0.102036484,16.70000076,180.9291992,4.699999809
Low Fat,DRH03,Dairy,2017,OUT035,Tier 2,Small,Supermarket Type1,0.035057686,17.25,91.61199951,4.699999809
Low Fat,FDA58,Snack Foods,2017,OUT035,Tier 2,Small,Supermarket Type1,0.103731617,9.395000458,236.9931946,4.699999809
Regular,FDY35,Breads,2017,OUT035,Tier 2,Small,Supermarket Type1,0.016024651,17.60000038,44.04019928,4.699999809
Regular,FDH05,Frozen Foods,2017,OUT035,Tier 2,Small,Supermarket Type1,0.09089645,14.35000038,231.2984009,4.699999809
Regular,FDI41,Frozen Foods,2017,OUT035,Tier 2,Small,Supermarket Type1,0.062245149,18.5,145.8417969,4.699999809
Regular,FDO20,Fruits and Vegetables,2017,OUT035,Tier 2,Small,Supermarket Type1,0.152099028,12.85000038,252.6381989,4.699999809
Regular,FDC57,Fruits and Vegetables,2017,OUT035,Tier 2,Small,Supermarket Type1,0.054584205,20.10000038,193.3820038,4.699999809
Regular,FDT27,Meat,2017,OUT035,Tier 2,Small,Supermarket Type1,0.069574013,11.39500046,232.8616028,4.699999809
Low Fat,FDT34,Snack Foods,2011,OUT010,Tier 3,Medium,Grocery Store,0.291826606,9.300000191,107.1964035,4.699999809
Low Fat,FDK51,Dairy,2011,OUT010,Tier 3,Medium,Grocery Store,0.008762556,19.85000038,266.688385,4.699999809
Low Fat,FDK04,Frozen Foods,2011,OUT010,Tier 3,Medium,Grocery Store,0.087559618,7.360000134,55.25880051,4.699999809
Low Fat,NCZ53,Health and Hygiene,2011,OUT010,Tier 3,Medium,Grocery Store,0.040969756,9.600000381,188.721405,4.699999809
Regular,FDV04,Frozen Foods,2011,OUT010,Tier 3,High,Grocery Store,0.251094759,7.824999809,156.6287994,4.699999809
Regular,FDR22,Snack Foods,2011,OUT010,Tier 3,Small,Grocery Store,0.031069992,19.35000038,112.0543976,4.699999809
Low Fat,FDO24,Baking Goods,2000,OUT013,Tier 3,High,Supermarket Type1,0.176069021,11.10000038,156.7604065,4.699999809
Low Fat,FDQ24,Baking Goods,2000,OUT013,Tier 3,High,Supermarket Type1,0.073605396,15.69999981,249.6723938,4.699999809
Low Fat,NCH29,Health and Hygiene,2000,OUT013,Tier 3,High,Supermarket Type1,0.034445114,5.510000229,95.87259674,4.699999809
Low Fat,NCW54,Household,2000,OUT013,Tier 3,High,Supermarket Type1,0.096333027,7.5,57.85879898,4.699999809
Low Fat,NCP30,Household,2000,OUT013,Tier 3,High,Supermarket Type1,0.032741424,20.5,40.48220062,4.699999809
Low Fat,FDQ46,Snack Foods,2000,OUT013,Tier 3,High,Supermarket Type1,0.10372664,7.510000229,110.6544037,4.699999809
Regular,FDY12,Baking Goods,2000,OUT013,Tier 3,High,Supermarket Type1,0,9.800000191,49.20080185,4.699999809
Low Fat,FDV38,Dairy,2022,OUT018,Tier 3,Medium,Supermarket Type2,0.102188431,19.25,54.39559937,4.699999809
Low Fat,FDJ53,Frozen Foods,2022,OUT018,Tier 3,Medium,Supermarket Type2,0.071548186,10.5,120.2098007,4.699999809
Low Fat,FDE22,Snack Foods,2022,OUT018,Tier 3,Medium,Supermarket Type2,0.029693278,9.694999695,159.7920074,4.699999809
Regular,FDB14,Canned,2022,OUT018,Tier 3,Medium,Supermarket Type2,0.103142373,20.25,94.61199951,4.699999809
Regular,FDU58,Snack Foods,2022,OUT018,Tier 3,Medium,Supermarket Type2,0.029129907,6.610000134,188.4898071,4.699999809
Regular,FDB23,Starchy Foods,2022,OUT018,Tier 3,Medium,Supermarket Type2,0.005611367,19.20000076,226.2062073,4.699999809
Low Fat,FDK24,Baking Goods,1998,OUT027,Tier 3,Medium,Supermarket Type3,0.100804418,12.85764534,45.47439957,4.699999809
Low Fat,FDW49,Canned,1998,OUT027,Tier 3,Medium,Supermarket Type3,0.082152449,12.85764534,179.9002075,4.699999809
Low Fat,NCW53,Health and Hygiene,1998,OUT027,Tier 3,Medium,Supermarket Type3,0.030347403,12.85764534,192.5162048,4.699999809
Low Fat,NCB18,Household,1998,OUT027,Tier 3,Medium,Supermarket Type3,0.041091215,12.85764534,89.55139923,4.699999809
Low Fat,DRD13,Soft Drinks,1998,OUT027,Tier 3,Medium,Supermarket Type3,0.048841793,12.85764534,64.71679688,4.699999809
Low Fat,DRF01,Soft Drinks,1998,OUT027,Tier 3,Medium,Supermarket Type3,0.174232379,12.85764534,146.610199,4.699999809
Low Fat,FDN48,Baking Goods,1998,OUT019,Tier 1,Small,Grocery Store,0.113720343,12.85764534,89.98040009,4.599999905
Regular,FDQ49,Breakfast,1998,OUT027,Tier 3,Medium,Supermarket Type3,0.039057676,12.85764534,155.9629974,4.599999905
Low Fat,DRG27,Dairy,2012,OUT049,Tier 1,Medium,Supermarket Type1,0.105274111,8.895000458,39.91379929,4.599999905
Low Fat,FDD03,Dairy,2010,OUT046,Tier 1,Small,Supermarket Type1,0.079806268,13.30000019,232.5299988,4.599999905
Low Fat,NCE06,Household,1998,OUT019,Tier 1,Small,Grocery Store,0.160178825,12.85764534,160.2893982,4.599999905
Regular,FDJ60,Baking Goods,2015,OUT045,Tier 2,Medium,Supermarket Type1,0.062655233,19.35000038,163.3184052,4.599999905
Low Fat,FDG52,Frozen Foods,2000,OUT013,Tier 3,High,Supermarket Type1,0.065576226,13.64999962,47.74020004,4.599999905
Low Fat,FDU59,Breads,2012,OUT049,Tier 1,Medium,Supermarket Type1,0.096536085,5.78000021,162.8551941,4.599999905
Low Fat,DRK39,Dairy,2012,OUT049,Tier 1,Medium,Supermarket Type1,0.049942926,7.019999981,82.42500305,4.599999905
Low Fat,DRL60,Soft Drinks,2012,OUT049,Tier 1,Medium,Supermarket Type1,0.027101431,8.520000458,151.7682037,4.599999905
Regular,FDP48,Baking Goods,2012,OUT049,Tier 1,Medium,Supermarket Type1,0.044091657,7.519999981,182.9949951,4.599999905
Regular,FDA35,Baking Goods,2012,OUT049,Tier 1,Medium,Supermarket Type1,0.053921264,14.85000038,123.0072021,4.599999905
Regular,FDQ40,Frozen Foods,2012,OUT049,Tier 1,Medium,Supermarket Type1,0.036083538,11.10000038,175.4712067,4.599999905
Regular,FDH44,Fruits and Vegetables,2012,OUT049,Tier 1,Medium,Supermarket Type1,0.025912378,19.10000038,146.8417969,4.599999905
Regular,FDJ21,Snack Foods,2012,OUT049,Tier 1,Medium,Supermarket Type1,0.038588129,16.70000076,144.610199,4.599999905
Regular,FDW26,Dairy,1998,OUT019,Tier 1,Small,Grocery Store,0.187443316,12.85764534,220.4772034,4.599999905
Regular,FDB35,Starchy Foods,1998,OUT019,Tier 1,Small,Grocery Store,0.113139488,12.85764534,92.98040009,4.599999905
Low Fat,FDB08,Fruits and Vegetables,2010,OUT046,Tier 1,Small,Supermarket Type1,0.031103358,6.054999828,159.9577942,4.599999905
Low Fat,NCY18,Household,2010,OUT046,Tier 1,Small,Supermarket Type1,0.031151634,7.284999847,173.2053986,4.599999905
Low Fat,NCR38,Household,2010,OUT046,Tier 1,Small,Supermarket Type1,0.113518469,17.25,253.572403,4.599999905
Low Fat,FDK21,Snack Foods,2010,OUT046,Tier 1,Small,Supermarket Type1,0.010012319,7.90500021,250.4407959,4.599999905
Low Fat,DRF01,Soft Drinks,2010,OUT046,Tier 1,Small,Supermarket Type1,0,5.65500021,147.5101929,4.599999905
Regular,FDA02,Dairy,2010,OUT046,Tier 1,Small,Supermarket Type1,0.029722659,14,143.4786072,4.599999905
Regular,FDD40,Dairy,2010,OUT046,Tier 1,Small,Supermarket Type1,0.014793357,20.25,191.5162048,4.599999905
Regular,FDM58,Snack Foods,2010,OUT046,Tier 1,Small,Supermarket Type1,0.079690404,16.85000038,113.4543991,4.599999905
Regular,FDU24,Baking Goods,2010,OUT046,Tier 1,Small,Supermarket Type1,0.140163034,6.78000021,94.21199799,4.599999905
Low Fat,FDS55,Fruits and Vegetables,2015,OUT045,Tier 2,Medium,Supermarket Type1,0.081328779,7.019999981,150.0733948,4.599999905
Low Fat,FDC45,Fruits and Vegetables,2015,OUT045,Tier 2,Medium,Supermarket Type1,0.136008486,17,171.7106018,4.599999905
Low Fat,FDB33,Fruits and Vegetables,2015,OUT045,Tier 2,Medium,Supermarket Type1,0.014609738,17.75,160.4261932,4.599999905
Low Fat,NCP42,Household,2015,OUT045,Tier 2,Small,Supermarket Type1,0.016143389,8.510000229,194.2478027,4.599999905
Low Fat,NCL54,Household,2015,OUT045,Tier 2,Small,Supermarket Type1,0.082921639,12.60000038,175.2053986,4.599999905
Low Fat,NCC07,Household,2015,OUT045,Tier 2,Small,Supermarket Type1,0.023999723,19.60000038,104.0963974,4.599999905
Low Fat,FDP60,Baking Goods,2020,OUT017,Tier 2,Small,Supermarket Type1,0.056235142,17.35000038,102.0016022,4.599999905
Low Fat,FDI14,Canned,2020,OUT017,Tier 2,Small,Supermarket Type1,0.090185024,14.10000038,140.2496033,4.599999905
Low Fat,FDJ07,Meat,2020,OUT017,Tier 2,High,Supermarket Type1,0.014505108,7.260000229,118.4150009,4.599999905
Low Fat,DRD12,Soft Drinks,2020,OUT017,Tier 2,High,Supermarket Type1,0.077630199,6.960000038,90.91459656,4.599999905
Low Fat,DRN37,Soft Drinks,2020,OUT017,Tier 2,High,Supermarket Type1,0.096842095,9.600000381,166.115799,4.599999905
Low Fat,DRF37,Soft Drinks,2020,OUT017,Tier 2,High,Supermarket Type1,0.084809661,17.25,261.1910095,4.599999905
Regular,FDX35,Breads,2015,OUT045,Tier 2,High,Supermarket Type1,0.080072604,5.034999847,228.203598,4.599999905
Regular,FDP28,Frozen Foods,2015,OUT045,Tier 2,High,Supermarket Type1,0.08080402,13.64999962,261.1936035,4.599999905
Regular,FDJ27,Meat,2015,OUT045,Tier 2,High,Supermarket Type1,0.122123204,17.70000076,100.7674026,4.599999905
Regular,FDF10,Snack Foods,2015,OUT045,Tier 2,High,Supermarket Type1,0.157246634,15.5,145.6417999,4.599999905
Regular,DRC13,Soft Drinks,2015,OUT045,Tier 2,High,Supermarket Type1,0,8.260000229,122.572998,4.599999905
Regular,FDG12,Baking Goods,2020,OUT017,Tier 2,High,Supermarket Type1,0.00636189,6.635000229,121.1098022,4.599999905
Regular,FDH50,Canned,2020,OUT017,Tier 2,High,Supermarket Type1,0.162348583,15,185.9266052,4.599999905
Regular,FDE20,Fruits and Vegetables,2020,OUT017,Tier 2,Medium,Supermarket Type1,0.005561798,11.35000038,168.3789978,4.599999905
Regular,FDU03,Meat,2020,OUT017,Tier 2,Medium,Supermarket Type1,0.092095926,18.70000076,183.3291931,4.599999905
Low Fat,FDW59,Breads,2017,OUT035,Tier 2,Small,Supermarket Type1,0.020711996,13.14999962,82.75659943,4.599999905
Low Fat,FDN32,Fruits and Vegetables,2017,OUT035,Tier 2,Small,Supermarket Type1,0.015557426,17.5,184.726593,4.599999905
Low Fat,NCK05,Health and Hygiene,2017,OUT035,Tier 2,Small,Supermarket Type1,0.077439606,20.10000038,60.65359879,4.599999905
Low Fat,NCJ18,Household,2017,OUT035,Tier 2,Small,Supermarket Type1,0.16391094,12.35000038,119.2124023,4.599999905
Low Fat,NCE30,Household,2017,OUT035,Tier 2,Small,Supermarket Type1,0.099117287,16,210.7902069,4.599999905
Low Fat,FDX15,Meat,2017,OUT035,Tier 2,Small,Supermarket Type1,0.156269297,17.20000076,159.6578064,4.599999905
Low Fat,FDT22,Snack Foods,2017,OUT035,Tier 2,Small,Supermarket Type1,0.112076022,10.39500046,58.02199936,4.599999905
Low Fat,FDR10,Snack Foods,2017,OUT035,Tier 2,Small,Supermarket Type1,0.010037996,17.60000038,163.5552063,4.599999905
Low Fat,DRL49,Soft Drinks,2017,OUT035,Tier 2,Small,Supermarket Type1,0.056418356,13.14999962,142.4812012,4.599999905
Regular,FDF29,Frozen Foods,2017,OUT035,Tier 2,Small,Supermarket Type1,0.019930419,15.10000038,131.5310059,4.599999905
Regular,FDT56,Fruits and Vegetables,2017,OUT035,Tier 2,Small,Supermarket Type1,0.115570553,16,57.52460098,4.599999905
Regular,FDN03,Meat,2017,OUT035,Tier 2,Small,Supermarket Type1,0.015087112,9.800000191,250.1407928,4.599999905
Regular,FDW15,Meat,2017,OUT035,Tier 2,Small,Supermarket Type1,0.055103175,15.35000038,149.773407,4.599999905
Regular,FDU51,Meat,2017,OUT035,Tier 2,Small,Supermarket Type1,0.096495427,20.20000076,175.6027985,4.599999905
Low Fat,FDQ14,Dairy,2011,OUT010,Tier 3,Medium,Grocery Store,0.103419259,9.270000458,148.1049957,4.599999905
Low Fat,DRC27,Dairy,2011,OUT010,Tier 3,Medium,Grocery Store,0.097251624,13.80000019,245.7801971,4.599999905
Low Fat,DRE03,Dairy,2011,OUT010,Tier 3,Medium,Grocery Store,0.040550869,19.60000038,45.57180023,4.599999905
Low Fat,FDD16,Frozen Foods,2011,OUT010,Tier 3,Medium,Grocery Store,0.060847633,20.5,75.06960297,4.599999905
Low Fat,FDT03,Meat,2011,OUT010,Tier 3,High,Grocery Store,0.01673588,21.25,185.2608032,4.599999905
Low Fat,FDG47,Starchy Foods,2011,OUT010,Tier 3,High,Grocery Store,0.116527669,12.80000019,261.4252014,4.599999905
Low Fat,FDG60,Baking Goods,2000,OUT013,Tier 3,High,Supermarket Type1,0.060649212,20.35000038,232.7615967,4.599999905
Low Fat,FDS37,Canned,2000,OUT013,Tier 3,High,Supermarket Type1,0.031918284,7.65500021,117.7491989,4.599999905
Low Fat,DRG03,Dairy,2000,OUT013,Tier 3,High,Supermarket Type1,0.061934993,14.5,154.4998016,4.599999905
Low Fat,FDB52,Dairy,2000,OUT013,Tier 3,High,Supermarket Type1,0.030410273,17.75,256.0671997,4.599999905
Low Fat,FDK40,Frozen Foods,2000,OUT013,Tier 3,High,Supermarket Type1,0,7.034999847,262.6910095,4.599999905
Low Fat,NCZ53,Health and Hygiene,2000,OUT013,Tier 3,High,Supermarket Type1,0.024456797,9.600000381,186.6213989,4.599999905
Low Fat,NCP41,Health and Hygiene,2000,OUT013,Tier 3,High,Supermarket Type1,0.016197216,16.60000038,108.8595963,4.599999905
Low Fat,NCY42,Household,2000,OUT013,Tier 3,High,Supermarket Type1,0.015149955,6.380000114,144.0469971,4.599999905
Low Fat,NCO43,Others,2000,OUT013,Tier 3,High,Supermarket Type1,0.047059014,5.5,100.1016006,4.599999905
Low Fat,FDR46,Snack Foods,2000,OUT013,Tier 3,High,Supermarket Type1,0.139301628,16.85000038,144.9759979,4.599999905
Low Fat,FDW58,Snack Foods,2000,OUT013,Tier 3,High,Supermarket Type1,0.007546808,20.75,104.1622009,4.599999905
Regular,FDX36,Baking Goods,2000,OUT013,Tier 3,High,Supermarket Type1,0.128176495,9.694999695,224.8403931,4.599999905
Regular,FDM01,Breakfast,2000,OUT013,Tier 3,High,Supermarket Type1,0.094488487,7.894999981,100.7332001,4.599999905
Regular,FDX38,Dairy,2000,OUT013,Tier 3,High,Supermarket Type1,0.048166901,10.5,48.83760071,4.599999905
Regular,FDH53,Frozen Foods,2000,OUT013,Tier 3,High,Supermarket Type1,0.019183757,20.5,83.75920105,4.599999905
Regular,FDZ51,Meat,2000,OUT013,Tier 3,High,Supermarket Type1,0.054507423,11.30000019,96.30940247,4.599999905
Regular,FDV57,Snack Foods,2000,OUT013,Tier 3,High,Supermarket Type1,0.06584172,15.25,179.8659973,4.599999905
Low Fat,FDV59,Breads,2022,OUT018,Tier 3,Medium,Supermarket Type2,0,13.35000038,217.6165924,4.599999905
Low Fat,FDT02,Dairy,2022,OUT018,Tier 3,Medium,Supermarket Type2,0.02429329,12.60000038,33.48740005,4.599999905
Low Fat,DRD60,Soft Drinks,2022,OUT018,Tier 3,Medium,Supermarket Type2,0.037383776,15.69999981,179.7633972,4.599999905
Low Fat,FDV35,Breads,2022,OUT018,Tier 3,Medium,Supermarket Type2,0.128728256,19.5,155.3314056,4.599999905
Low Fat,FDK14,Canned,2022,OUT018,Tier 3,Medium,Supermarket Type2,0.041273236,6.980000019,82.49340057,4.599999905
Low Fat,DRC27,Dairy,2022,OUT018,Tier 3,Medium,Supermarket Type2,0.058339152,13.80000019,246.2801971,4.599999905
Low Fat,NCL53,Health and Hygiene,2022,OUT018,Tier 3,Medium,Supermarket Type2,0.036382522,7.5,177.9028015,4.599999905
Regular,FDK26,Canned,2022,OUT018,Tier 3,Medium,Supermarket Type2,0.032308482,5.460000038,185.223999,4.599999905
Low Fat,FDD57,Fruits and Vegetables,1998,OUT027,Tier 3,Medium,Supermarket Type3,0.02229112,12.85764534,93.60939789,4.599999905
Low Fat,FDM03,Meat,1998,OUT027,Tier 3,Medium,Supermarket Type3,0,12.85764534,109.1938019,4.599999905
Low Fat,FDX15,Meat,1998,OUT027,Tier 3,Medium,Supermarket Type3,0.155541971,12.85764534,159.7577972,4.599999905
Low Fat,FDA10,Snack Foods,1998,OUT027,Tier 3,Medium,Supermarket Type3,0.14112927,12.85764534,121.6072006,4.599999905
Regular,FDE56,Fruits and Vegetables,1998,OUT027,Tier 3,Medium,Supermarket Type3,0.158424512,12.85764534,62.41939926,4.599999905
Regular,FDS31,Fruits and Vegetables,1998,OUT027,Tier 3,Medium,Supermarket Type3,0.043978371,12.85764534,178.4317932,4.599999905
Regular,FDW39,Meat,1998,OUT027,Tier 3,Medium,Supermarket Type3,0.036731657,12.85764534,177.2369995,4.599999905
Regular,FDY39,Meat,1998,OUT027,Tier 3,Medium,Supermarket Type3,0,12.85764534,182.0608063,4.599999905
Low Fat,NCQ53,Health and Hygiene,1998,OUT027,Tier 3,Medium,Supermarket Type3,0.018813776,12.85764534,235.2590027,4.599999905
Regular,FDG35,Starchy Foods,1998,OUT027,Tier 3,Medium,Supermarket Type3,0.007006883,12.85764534,173.5738068,4.599999905
Low Fat,NCP18,Household,2020,OUT017,Tier 2,Small,Supermarket Type1,0.028760012,12.14999962,151.4707947,4.5
Low Fat,FDY58,Snack Foods,2022,OUT018,Tier 3,Medium,Supermarket Type2,0.040081192,11.64999962,227.069397,4.5
Low Fat,NCB06,Health and Hygiene,2017,OUT035,Tier 2,Small,Supermarket Type1,0.082316503,17.60000038,160.6920013,4.5
Regular,FDB36,Baking Goods,2022,OUT018,Tier 3,Medium,Supermarket Type2,0,5.465000153,132.5626068,4.5
Low Fat,FDR47,Breads,2011,OUT010,Tier 3,Small,Grocery Store,0,17.85000038,196.5794067,4.5
Regular,FDE10,Snack Foods,2011,OUT010,Tier 3,Small,Grocery Store,0.150554717,6.670000076,130.0626068,4.5
Low Fat,DRK01,Soft Drinks,2017,OUT035,Tier 2,Small,Supermarket Type1,0.061052758,7.630000114,95.44360352,4.5
Low Fat,FDL22,Snack Foods,2010,OUT046,Tier 1,Small,Supermarket Type1,0.036390174,16.85000038,91.44879913,4.5
Low Fat,NCD06,Household,2022,OUT018,Tier 3,Medium,Supermarket Type2,0.099729888,13,46.30599976,4.5
Low Fat,NCT54,Household,2012,OUT049,Tier 1,Medium,Supermarket Type1,0.11972145,8.694999695,95.50939941,4.5
Low Fat,FDV59,Breads,2015,OUT045,Tier 2,Small,Supermarket Type1,0.048124444,13.35000038,216.7165985,4.5
Regular,FDY49,Canned,1998,OUT027,Tier 3,Medium,Supermarket Type3,0.011953902,12.85764534,164.5184021,4.5
Low Fat,NCS54,Household,2000,OUT013,Tier 3,High,Supermarket Type1,0.009984847,13.60000038,175.4369965,4.5
Low Fat,NCJ54,Household,1998,OUT027,Tier 3,Medium,Supermarket Type3,0.059776235,12.85764534,231.7642059,4.5
Low Fat,FDR60,Baking Goods,2020,OUT017,Tier 2,Medium,Supermarket Type1,0.131152794,14.30000019,78.63279724,4.5
Regular,FDJ20,Fruits and Vegetables,2012,OUT049,Tier 1,Medium,Supermarket Type1,0.100330681,20.70000076,123.438797,4.5
Low Fat,DRM11,Hard Drinks,2000,OUT013,Tier 3,High,Supermarket Type1,0.066014595,6.570000172,259.7278137,4.5
Low Fat,FDK44,Fruits and Vegetables,2015,OUT045,Tier 2,Medium,Supermarket Type1,0.122475363,16.60000038,175.5738068,4.5
Low Fat,FDP10,Snack Foods,2017,OUT035,Tier 2,Small,Supermarket Type1,0.128065914,19,104.3621979,4.5
Regular,FDG14,Canned,2020,OUT017,Tier 2,Medium,Supermarket Type1,0.050786365,9,152.2023926,4.5
Low Fat,FDA10,Snack Foods,2012,OUT049,Tier 1,Medium,Supermarket Type1,0,20.35000038,120.9072037,4.5
Low Fat,FDO34,Snack Foods,2020,OUT017,Tier 2,Medium,Supermarket Type1,0.030108282,17.70000076,165.9815979,4.5
Low Fat,FDN15,Meat,2011,OUT010,Tier 3,Medium,Grocery Store,0.028009381,17.5,141.7180023,4.5
Low Fat,NCN41,Health and Hygiene,2000,OUT013,Tier 3,High,Supermarket Type1,0.052165855,17,125.072998,4.5
Low Fat,DRE27,Dairy,2010,OUT046,Tier 1,Small,Supermarket Type1,0.132670581,11.85000038,96.47260284,4.5
Low Fat,FDU40,Frozen Foods,2011,OUT010,Tier 3,Medium,Grocery Store,0.062606581,20.85000038,192.2478027,4.5
Low Fat,NCS54,Household,2012,OUT049,Tier 1,Medium,Supermarket Type1,0.010008699,13.60000038,176.7369995,4.5
Low Fat,NCL55,Others,2020,OUT017,Tier 2,Medium,Supermarket Type1,0.065026432,12.14999962,253.7039948,4.5
Regular,FDJ55,Meat,2020,OUT017,Tier 2,Medium,Supermarket Type1,0.023664054,12.80000019,226.0404053,4.5
Low Fat,NCN43,Others,2011,OUT010,Tier 3,Medium,Grocery Store,0.011314423,12.14999962,122.9729996,4.5
Low Fat,FDZ60,Baking Goods,2012,OUT049,Tier 1,Medium,Supermarket Type1,0.119547389,20.5,108.9596024,4.5
Low Fat,FDS23,Breads,2012,OUT049,Tier 1,Medium,Supermarket Type1,0.141108155,4.635000229,128.2993927,4.5
Low Fat,FDK38,Canned,2012,OUT049,Tier 1,Medium,Supermarket Type1,0.053372767,6.650000095,149.5733948,4.5
Low Fat,FDR02,Dairy,2012,OUT049,Tier 1,Medium,Supermarket Type1,0.022099981,16.70000076,110.1885986,4.5
Low Fat,FDF17,Frozen Foods,2012,OUT049,Tier 1,Medium,Supermarket Type1,0.042687152,5.190000057,195.9109955,4.5
Low Fat,FDR43,Fruits and Vegetables,2012,OUT049,Tier 1,Medium,Supermarket Type1,0.161740586,18.20000076,38.41899872,4.5
Low Fat,DRL11,Hard Drinks,2012,OUT049,Tier 1,Medium,Supermarket Type1,0.048092816,10.5,159.2946014,4.5
Low Fat,NCS41,Health and Hygiene,2012,OUT049,Tier 1,Medium,Supermarket Type1,0.053527106,12.85000038,185.1607971,4.5
Low Fat,NCP05,Health and Hygiene,2012,OUT049,Tier 1,Medium,Supermarket Type1,0.025325896,19.60000038,150.9024048,4.5
Low Fat,NCY18,Household,2012,OUT049,Tier 1,Medium,Supermarket Type1,0.031200064,7.284999847,174.7053986,4.5
Low Fat,NCP42,Household,2012,OUT049,Tier 1,Medium,Supermarket Type1,0.016135763,8.510000229,195.6477966,4.5
Low Fat,NCP18,Household,2012,OUT049,Tier 1,Medium,Supermarket Type1,0.028642712,12.14999962,149.0708008,4.5
Low Fat,NCB18,Household,2012,OUT049,Tier 1,Medium,Supermarket Type1,0.041355368,19.60000038,88.75140381,4.5
Low Fat,NCN14,Others,2012,OUT049,Tier 1,Medium,Supermarket Type1,0.092060693,19.10000038,183.7608032,4.5
Low Fat,FDJ45,Seafood,2012,OUT049,Tier 1,Medium,Supermarket Type1,0.073524773,17.75,34.82160187,4.5
Low Fat,FDH22,Snack Foods,2012,OUT049,Tier 1,Medium,Supermarket Type1,0.136512861,6.40500021,128.767807,4.5
Low Fat,FDU22,Snack Foods,2012,OUT049,Tier 1,Medium,Supermarket Type1,0.093441606,12.35000038,119.1123962,4.5
Low Fat,FDO57,Snack Foods,2012,OUT049,Tier 1,Medium,Supermarket Type1,0.108879179,20.75,161.5578003,4.5
Low Fat,FDQ21,Snack Foods,2012,OUT049,Tier 1,Medium,Supermarket Type1,0.019453431,21.25,120.8756027,4.5
Low Fat,DRG37,Soft Drinks,2012,OUT049,Tier 1,Medium,Supermarket Type1,0.019408559,16.20000076,156.7971954,4.5
Low Fat,FDB11,Starchy Foods,2012,OUT049,Tier 1,Medium,Supermarket Type1,0.060942631,16,225.6403961,4.5
Regular,FDL14,Canned,2012,OUT049,Tier 1,Medium,Supermarket Type1,0.032208864,8.114999771,154.9971924,4.5
Regular,FDQ01,Canned,2012,OUT049,Tier 1,Medium,Supermarket Type1,0.160951495,19.70000076,256.1014099,4.5
Regular,FDW26,Dairy,2012,OUT049,Tier 1,Medium,Supermarket Type1,0.10722363,11.80000019,223.5771942,4.5
Regular,FDI05,Frozen Foods,2012,OUT049,Tier 1,Medium,Supermarket Type1,0.12706697,8.350000381,76.53540039,4.5
Regular,FDE17,Frozen Foods,2012,OUT049,Tier 1,Medium,Supermarket Type1,0.054540157,20.10000038,152.1365967,4.5
Regular,FDT19,Fruits and Vegetables,2012,OUT049,Tier 1,Medium,Supermarket Type1,0.145266354,7.590000153,172.9080048,4.5
Regular,FDJ10,Snack Foods,2012,OUT049,Tier 1,Medium,Supermarket Type1,0.129705012,5.09499979,141.8838043,4.5
Low Fat,DRH03,Dairy,2012,OUT049,Tier 1,Medium,Supermarket Type1,0.035118833,17.25,93.41200256,4.5
Low Fat,DRD15,Dairy,1998,OUT019,Tier 1,Small,Grocery Store,0.099442326,12.85764534,233.1641998,4.5
Low Fat,FDY32,Fruits and Vegetables,1998,OUT019,Tier 1,Small,Grocery Store,0.226284385,12.85764534,163.220993,4.5
Low Fat,NCG43,Household,1998,OUT019,Tier 1,Small,Grocery Store,0.129983693,12.85764534,93.04620361,4.5
Low Fat,NCO30,Household,1998,OUT019,Tier 1,Small,Grocery Store,0.027532257,12.85764534,185.0608063,4.5
Low Fat,NCQ06,Household,1998,OUT019,Tier 1,Small,Grocery Store,0.073229343,12.85764534,254.1013947,4.5
Low Fat,NCV06,Household,1998,OUT019,Tier 1,Small,Grocery Store,0.116750404,12.85764534,195.2478027,4.5
Low Fat,NCZ54,Household,1998,OUT019,Tier 1,Small,Grocery Store,0.145951539,12.85764534,160.9552002,4.5
Low Fat,NCP50,Others,1998,OUT019,Tier 1,Small,Grocery Store,0.035997637,12.85764534,78.66179657,4.5
Low Fat,FDF46,Snack Foods,1998,OUT019,Tier 1,Small,Grocery Store,0.164006144,12.85764534,113.2834015,4.5
Low Fat,FDR33,Snack Foods,1998,OUT019,Tier 1,Small,Grocery Store,0.046903972,12.85764534,110.6569977,4.5
Low Fat,FDS57,Snack Foods,1998,OUT019,Tier 1,Small,Grocery Store,0.181114063,12.85764534,141.6470032,4.5
Low Fat,DRH01,Soft Drinks,1998,OUT019,Tier 1,Small,Grocery Store,0.171417311,12.85764534,173.0738068,4.5
Regular,FDJ58,Snack Foods,1998,OUT019,Tier 1,Small,Grocery Store,0.184359834,12.85764534,172.6764069,4.5
Regular,FDL57,Snack Foods,1998,OUT019,Tier 1,Small,Grocery Store,0.117442839,12.85764534,257.7304077,4.5
Regular,FDT09,Snack Foods,1998,OUT019,Tier 1,Small,Grocery Store,0.021471456,12.85764534,131.0283966,4.5
Regular,FDY33,Snack Foods,1998,OUT019,Tier 1,Small,Grocery Store,0.170186624,12.85764534,159.0261993,4.5
Low Fat,FDP09,Snack Foods,1998,OUT019,Tier 1,Small,Grocery Store,0.059336763,12.85764534,212.1902008,4.5
Low Fat,FDQ12,Baking Goods,2010,OUT046,Tier 1,Small,Supermarket Type1,0.035410747,12.64999962,231.401001,4.5
Low Fat,FDX43,Fruits and Vegetables,2010,OUT046,Tier 1,Small,Supermarket Type1,0.085274987,5.65500021,165.0500031,4.5
Low Fat,FDS47,Breads,2010,OUT046,Tier 1,Small,Supermarket Type1,0.128885731,16.75,87.68560028,4.5
Low Fat,FDN01,Breakfast,2010,OUT046,Tier 1,Small,Supermarket Type1,0,8.895000458,178.4369965,4.5
Low Fat,DRG51,Dairy,2010,OUT046,Tier 1,Small,Supermarket Type1,0.011539622,12.10000038,163.552597,4.5
Low Fat,DRH03,Dairy,2010,OUT046,Tier 1,Small,Supermarket Type1,0.035064317,17.25,92.41200256,4.5
Low Fat,FDB05,Frozen Foods,2010,OUT046,Tier 1,Small,Supermarket Type1,0.083198339,5.15500021,246.0776062,4.5
Low Fat,FDA16,Frozen Foods,2010,OUT046,Tier 1,Small,Supermarket Type1,0,6.695000172,219.4456024,4.5
Low Fat,FDD29,Frozen Foods,2010,OUT046,Tier 1,Small,Supermarket Type1,0.018410515,12.14999962,252.1697998,4.5
Low Fat,FDZ19,Fruits and Vegetables,2010,OUT046,Tier 1,Small,Supermarket Type1,0.093454897,6.425000191,175.3712006,4.5
Low Fat,FDY55,Fruits and Vegetables,2010,OUT046,Tier 1,Small,Supermarket Type1,0,16.75,255.3988037,4.5
Low Fat,NCU29,Health and Hygiene,2010,OUT046,Tier 1,Small,Supermarket Type1,0.025477448,7.684999943,145.276001,4.5
Low Fat,NCW41,Health and Hygiene,2010,OUT046,Tier 1,Small,Supermarket Type1,0.015450376,18,158.9604034,4.5
Low Fat,NCY17,Health and Hygiene,2010,OUT046,Tier 1,Small,Supermarket Type1,0.163096145,18.20000076,43.00859833,4.5
Low Fat,NCC19,Household,2010,OUT046,Tier 1,Small,Supermarket Type1,0.096880578,6.570000172,191.4819946,4.5
Low Fat,NCJ43,Household,2010,OUT046,Tier 1,Small,Supermarket Type1,0.027069403,6.635000229,174.9396057,4.5
Low Fat,NCE19,Household,2010,OUT046,Tier 1,Small,Supermarket Type1,0.09301462,8.970000267,52.79560089,4.5
Low Fat,NCO18,Household,2010,OUT046,Tier 1,Small,Supermarket Type1,0.024651268,13.14999962,179.5686035,4.5
Low Fat,NCG43,Household,2010,OUT046,Tier 1,Small,Supermarket Type1,0,20.20000076,94.14620209,4.5
Low Fat,FDT03,Meat,2010,OUT046,Tier 1,Small,Supermarket Type1,0.009998763,21.25,182.3607941,4.5
Low Fat,FDW33,Snack Foods,2010,OUT046,Tier 1,Small,Supermarket Type1,0.099120587,9.395000458,107.2279968,4.5
Low Fat,DRC12,Soft Drinks,2010,OUT046,Tier 1,Small,Supermarket Type1,0.037826873,17.85000038,189.7187958,4.5
Regular,FDL14,Canned,2010,OUT046,Tier 1,Small,Supermarket Type1,0.032158867,8.114999771,154.8972015,4.5
Regular,FDZ01,Canned,2010,OUT046,Tier 1,Small,Supermarket Type1,0.009058845,8.975000381,103.3990021,4.5
Regular,FDJ14,Canned,2010,OUT046,Tier 1,Small,Supermarket Type1,0.050070476,10.30000019,77.89600372,4.5
Regular,FDB04,Dairy,2010,OUT046,Tier 1,Small,Supermarket Type1,0.063226305,11.35000038,87.98560333,4.5
Regular,FDA08,Fruits and Vegetables,2010,OUT046,Tier 1,Small,Supermarket Type1,0.050085153,11.85000038,164.752594,4.5
Low Fat,FDX55,Fruits and Vegetables,2010,OUT046,Tier 1,Small,Supermarket Type1,0.0552059,15.10000038,219.4165955,4.5
Low Fat,NCF55,Household,2015,OUT045,Tier 2,Medium,Supermarket Type1,0.021710275,6.675000191,34.98740005,4.5
Low Fat,NCJ30,Household,2020,OUT017,Tier 2,Medium,Supermarket Type1,0.081096612,5.820000172,170.3789978,4.5
Low Fat,FDR10,Snack Foods,2020,OUT017,Tier 2,Medium,Supermarket Type1,0.010096684,17.60000038,160.4552002,4.5
Low Fat,FDR48,Baking Goods,2015,OUT045,Tier 2,Medium,Supermarket Type1,0.131770924,11.64999962,151.1024017,4.5
Low Fat,FDL36,Baking Goods,2015,OUT045,Tier 2,Medium,Supermarket Type1,0.076229766,15.10000038,90.48300171,4.5
Low Fat,FDH27,Dairy,2015,OUT045,Tier 2,Medium,Supermarket Type1,0.058465268,7.074999809,145.3128052,4.5
Low Fat,FDI52,Frozen Foods,2015,OUT045,Tier 2,Medium,Supermarket Type1,0.104890428,18.70000076,121.4072037,4.5
Low Fat,FDD45,Fruits and Vegetables,2015,OUT045,Tier 2,Medium,Supermarket Type1,0.116484724,8.614999771,94.14360046,4.5
Low Fat,NCS53,Health and Hygiene,2015,OUT045,Tier 2,Small,Supermarket Type1,0.089960262,14.5,159.5603943,4.5
Low Fat,NCA41,Health and Hygiene,2015,OUT045,Tier 2,Small,Supermarket Type1,0.032652795,16.75,190.8161926,4.5
Low Fat,NCY17,Health and Hygiene,2015,OUT045,Tier 2,Small,Supermarket Type1,0,18.20000076,44.10860062,4.5
Low Fat,NCX17,Health and Hygiene,2015,OUT045,Tier 2,Small,Supermarket Type1,0.113833822,21.25,232.8300018,4.5
Low Fat,NCV54,Household,2015,OUT045,Tier 2,Small,Supermarket Type1,0.033176087,11.10000038,120.1123962,4.5
Low Fat,NCQ06,Household,2015,OUT045,Tier 2,Small,Supermarket Type1,0.041909344,13,255.0014038,4.5
Low Fat,NCB55,Household,2015,OUT045,Tier 2,Small,Supermarket Type1,0.160988852,15.69999981,57.85620117,4.5
Low Fat,NCN54,Household,2015,OUT045,Tier 2,Small,Supermarket Type1,0.021369722,20.35000038,75.83280182,4.5
Low Fat,DRE12,Soft Drinks,2015,OUT045,Tier 2,Small,Supermarket Type1,0,4.590000153,111.185997,4.5
Low Fat,FDR48,Baking Goods,2020,OUT017,Tier 2,Small,Supermarket Type1,0.132248074,11.64999962,150.5023956,4.5
Low Fat,FDO12,Baking Goods,2020,OUT017,Tier 2,Small,Supermarket Type1,0.055241242,15.75,196.5451965,4.5
Low Fat,FDS47,Breads,2020,OUT017,Tier 2,Small,Supermarket Type1,0.129614756,16.75,86.18560028,4.5
Low Fat,FDZ27,Dairy,2020,OUT017,Tier 2,Small,Supermarket Type1,0.017253306,7.934999943,51.43500137,4.5
Low Fat,DRE03,Dairy,2020,OUT017,Tier 2,Small,Supermarket Type1,0.024363939,19.60000038,46.37179947,4.5
Low Fat,FDB08,Fruits and Vegetables,2020,OUT017,Tier 2,Small,Supermarket Type1,0.031279288,6.054999828,160.3578033,4.5
Low Fat,FDB44,Fruits and Vegetables,2020,OUT017,Tier 2,Small,Supermarket Type1,0,6.65500021,212.4586029,4.5
Low Fat,FDE57,Fruits and Vegetables,2020,OUT017,Tier 2,Small,Supermarket Type1,0.03649037,9.600000381,140.8153992,4.5
Low Fat,FDN20,Fruits and Vegetables,2020,OUT017,Tier 2,Small,Supermarket Type1,0.026329989,19.35000038,169.247406,4.5
Low Fat,NCD19,Household,2020,OUT017,Tier 2,Small,Supermarket Type1,0.013253936,8.930000305,56.46139908,4.5
Low Fat,NCG55,Household,2020,OUT017,Tier 2,High,Supermarket Type1,0,16.25,115.217598,4.5
Low Fat,NCO54,Household,2020,OUT017,Tier 2,High,Supermarket Type1,0.014355033,19.5,55.46139908,4.5
Low Fat,FDE46,Snack Foods,2020,OUT017,Tier 2,High,Supermarket Type1,0.015858892,18.60000038,152.9365997,4.5
Regular,FDR37,Breakfast,2015,OUT045,Tier 2,High,Supermarket Type1,0.066383906,16.5,180.4291992,4.5
Regular,FDA25,Canned,2015,OUT045,Tier 2,High,Supermarket Type1,0.068263918,16.5,104.7990036,4.5
Regular,FDU50,Dairy,2015,OUT045,Tier 2,High,Supermarket Type1,0.075322658,5.75,116.3175964,4.5
Regular,FDT19,Fruits and Vegetables,2015,OUT045,Tier 2,High,Supermarket Type1,0.145335004,7.590000153,173.1080017,4.5
Regular,FDX32,Fruits and Vegetables,2015,OUT045,Tier 2,High,Supermarket Type1,0.100060761,15.10000038,144.078598,4.5
Regular,FDU51,Meat,2015,OUT045,Tier 2,High,Supermarket Type1,0.096709408,20.20000076,175.8027954,4.5
Regular,FDG46,Snack Foods,2015,OUT045,Tier 2,High,Supermarket Type1,0.0329764,8.630000114,114.6518021,4.5
Regular,FDM12,Baking Goods,2020,OUT017,Tier 2,High,Supermarket Type1,0.07031247,16.70000076,189.6213989,4.5
Regular,FDW38,Dairy,2020,OUT017,Tier 2,High,Supermarket Type1,0.139464423,5.324999809,53.22980118,4.5
Regular,FDZ14,Dairy,2020,OUT017,Tier 2,High,Supermarket Type1,0.047857877,7.710000038,119.7755966,4.5
Regular,FDS19,Fruits and Vegetables,2020,OUT017,Tier 2,Medium,Supermarket Type1,0.064570457,13.80000019,76.20120239,4.5
Regular,FDP03,Meat,2020,OUT017,Tier 2,Medium,Supermarket Type1,0,5.150000095,122.938797,4.5
Regular,FDR51,Meat,2020,OUT017,Tier 2,Medium,Supermarket Type1,0.174450934,9.034999847,151.0708008,4.5
Regular,FDR03,Meat,2020,OUT017,Tier 2,Medium,Supermarket Type1,0.00878535,15.69999981,204.9980011,4.5
Regular,FDO46,Snack Foods,2020,OUT017,Tier 2,Medium,Supermarket Type1,0,9.600000381,191.087204,4.5
Regular,FDV22,Snack Foods,2020,OUT017,Tier 2,Medium,Supermarket Type1,0.009995002,14.85000038,154.4629974,4.5
Low Fat,FDU35,Breads,2015,OUT045,Tier 2,Medium,Supermarket Type1,0,6.440000057,99.87000275,4.5
Low Fat,FDV49,Canned,2017,OUT035,Tier 2,Small,Supermarket Type1,0.025822315,10,262.7225952,4.5
Low Fat,FDA13,Canned,2017,OUT035,Tier 2,Small,Supermarket Type1,0.078540094,15.85000038,36.3506012,4.5
Low Fat,FDJ52,Frozen Foods,2017,OUT035,Tier 2,Small,Supermarket Type1,0.0177835,7.144999981,159.4577942,4.5
Low Fat,FDT04,Frozen Foods,2017,OUT035,Tier 2,Small,Supermarket Type1,0.107021496,17.25,40.5821991,4.5
Low Fat,NCZ41,Health and Hygiene,2017,OUT035,Tier 2,Small,Supermarket Type1,0.064409055,19.85000038,126.770401,4.5
Low Fat,NCJ30,Household,2017,OUT035,Tier 2,Small,Supermarket Type1,0.080625229,5.820000172,168.3789978,4.5
Low Fat,NCN54,Household,2017,OUT035,Tier 2,Small,Supermarket Type1,0.021322438,20.35000038,79.13279724,4.5
Low Fat,NCD54,Household,2017,OUT035,Tier 2,Small,Supermarket Type1,0.029003458,21.10000038,143.4786072,4.5
Low Fat,NCP50,Others,2017,OUT035,Tier 2,Small,Supermarket Type1,0.020555958,17.35000038,79.46179962,4.5
Low Fat,FDQ09,Snack Foods,2017,OUT035,Tier 2,Small,Supermarket Type1,0.058121216,7.235000134,115.8834,4.5
Low Fat,FDI22,Snack Foods,2017,OUT035,Tier 2,Small,Supermarket Type1,0.096194237,12.60000038,210.8612061,4.5
Low Fat,DRD12,Soft Drinks,2017,OUT035,Tier 2,Small,Supermarket Type1,0.077178963,6.960000038,93.11460114,4.5
Low Fat,DRL60,Soft Drinks,2017,OUT035,Tier 2,Small,Supermarket Type1,0.027054245,8.520000458,151.5682068,4.5
Low Fat,DRD13,Soft Drinks,2017,OUT035,Tier 2,Small,Supermarket Type1,0.049070183,15,61.91680145,4.5
Regular,FDI48,Baking Goods,2017,OUT035,Tier 2,Small,Supermarket Type1,0,11.85000038,51.26660156,4.5
Regular,FDZ49,Canned,2017,OUT035,Tier 2,Small,Supermarket Type1,0.133120447,11,221.5798035,4.5
Regular,FDJ02,Canned,2017,OUT035,Tier 2,Small,Supermarket Type1,0.025162023,17.20000076,145.941803,4.5
Regular,FDJ15,Dairy,2017,OUT035,Tier 2,Small,Supermarket Type1,0.023318067,11.35000038,182.4608002,4.5
Regular,FDO52,Frozen Foods,2017,OUT035,Tier 2,Small,Supermarket Type1,0.077150002,11.60000038,170.2106018,4.5
Regular,FDU58,Snack Foods,2017,OUT035,Tier 2,Small,Supermarket Type1,0.029006239,6.610000134,186.089798,4.5
Regular,FDN46,Snack Foods,2017,OUT035,Tier 2,Small,Supermarket Type1,0.144604132,7.210000038,102.6332016,4.5
Regular,FDO46,Snack Foods,2017,OUT035,Tier 2,Small,Supermarket Type1,0.014209811,9.600000381,188.1871948,4.5
Regular,FDI34,Snack Foods,2017,OUT035,Tier 2,Small,Supermarket Type1,0.085119858,10.64999962,229.866806,4.5
Regular,FDG22,Snack Foods,2017,OUT035,Tier 2,Small,Supermarket Type1,0.041373331,17.60000038,38.11899948,4.5
Regular,DRC13,Soft Drinks,2017,OUT035,Tier 2,Small,Supermarket Type1,0.032435436,8.260000229,124.8730011,4.5
Low Fat,FDB17,Frozen Foods,2011,OUT010,Tier 3,Medium,Grocery Store,0.06138159,13.14999962,179.9976044,4.5
Low Fat,FDZ44,Fruits and Vegetables,2011,OUT010,Tier 3,Medium,Grocery Store,0.064824499,8.18500042,116.0808029,4.5
Low Fat,DRK35,Hard Drinks,2011,OUT010,Tier 3,Medium,Grocery Store,0.120256305,8.364999771,39.25059891,4.5
Low Fat,NCP29,Health and Hygiene,2011,OUT010,Tier 3,Medium,Grocery Store,0.187918648,8.420000076,65.41680145,4.5
Low Fat,NCZ29,Health and Hygiene,2011,OUT010,Tier 3,Medium,Grocery Store,0.119461186,15,126.3361969,4.5
Low Fat,NCS30,Household,2011,OUT010,Tier 3,Medium,Grocery Store,0.155706793,5.945000172,127.9652023,4.5
Low Fat,NCA42,Household,2011,OUT010,Tier 3,Medium,Grocery Store,0.047784474,6.965000153,158.8603973,4.5
Low Fat,NCH55,Household,2011,OUT010,Tier 3,Medium,Grocery Store,0.058034349,16.35000038,124.802002,4.5
Low Fat,FDT58,Snack Foods,2011,OUT010,Tier 3,High,Grocery Store,0.143870577,9,169.4815979,4.5
Low Fat,FDZ45,Snack Foods,2011,OUT010,Tier 3,High,Grocery Store,0.111936688,14.10000038,198.8083954,4.5
Low Fat,FDO57,Snack Foods,2011,OUT010,Tier 3,High,Grocery Store,0.181958526,20.75,161.0578003,4.5
Regular,FDT12,Baking Goods,2011,OUT010,Tier 3,High,Grocery Store,0.083056554,6.215000153,224.4062042,4.5
Regular,FDW12,Baking Goods,2011,OUT010,Tier 3,High,Grocery Store,0.059540544,8.31499958,143.6443939,4.5
Regular,FDF26,Canned,2011,OUT010,Tier 3,High,Grocery Store,0.078057028,6.824999809,154.5997925,4.5
Regular,FDV37,Canned,2011,OUT010,Tier 3,High,Grocery Store,0.139785111,13,196.2425995,4.5
Regular,FDW38,Dairy,2011,OUT010,Tier 3,High,Grocery Store,0.232121885,5.324999809,55.52980042,4.5
Regular,FDS04,Frozen Foods,2011,OUT010,Tier 3,High,Grocery Store,0.245483696,10.19499969,141.8838043,4.5
Regular,FDO22,Snack Foods,2011,OUT010,Tier 3,High,Grocery Store,0.029893095,13.5,81.09600067,4.5
Regular,FDJ58,Snack Foods,2011,OUT010,Tier 3,Small,Grocery Store,0.176244035,15.60000038,173.6764069,4.5
Low Fat,FDW13,Canned,2011,OUT010,Tier 3,Small,Grocery Store,0.163838953,8.5,51.33240128,4.5
Low Fat,FDH48,Baking Goods,2000,OUT013,Tier 3,High,Supermarket Type1,0,13.5,88.05400085,4.5
Low Fat,FDO37,Breakfast,2000,OUT013,Tier 3,High,Supermarket Type1,0.021358889,8.06000042,232.3325958,4.5
Low Fat,FDD14,Canned,2000,OUT013,Tier 3,High,Supermarket Type1,0.16966714,20.70000076,183.5265961,4.5
Low Fat,FDV38,Dairy,2000,OUT013,Tier 3,High,Supermarket Type1,0.101689152,19.25,54.6955986,4.5
Low Fat,FDC41,Frozen Foods,2000,OUT013,Tier 3,High,Supermarket Type1,0.116815954,15.60000038,75.56700134,4.5
Low Fat,FDE57,Fruits and Vegetables,2000,OUT013,Tier 3,High,Supermarket Type1,0.036254931,9.600000381,141.0153961,4.5
Low Fat,FDS07,Fruits and Vegetables,2000,OUT013,Tier 3,High,Supermarket Type1,0.099674813,12.35000038,112.2518005,4.5
Low Fat,NCJ30,Household,2000,OUT013,Tier 3,High,Supermarket Type1,0,5.820000172,169.3789978,4.5
Low Fat,NCI06,Household,2000,OUT013,Tier 3,High,Supermarket Type1,0.047677979,11.30000019,181.4660034,4.5
Low Fat,FDO34,Snack Foods,2000,OUT013,Tier 3,High,Supermarket Type1,0.029914021,17.70000076,166.281601,4.5
Low Fat,FDE46,Snack Foods,2000,OUT013,Tier 3,High,Supermarket Type1,0.01575657,18.60000038,153.1365967,4.5
Low Fat,DRH37,Soft Drinks,2000,OUT013,Tier 3,High,Supermarket Type1,0.041581724,17.60000038,163.3526001,4.5
Regular,FDH02,Canned,2000,OUT013,Tier 3,High,Supermarket Type1,0.02076385,7.269999981,89.04879761,4.5
Regular,FDC51,Dairy,2000,OUT013,Tier 3,High,Supermarket Type1,0.009613854,10.89500046,122.9729996,4.5
Regular,FDT07,Fruits and Vegetables,2000,OUT013,Tier 3,High,Supermarket Type1,0.077254735,5.820000172,257.6329956,4.5
Regular,FDJ44,Fruits and Vegetables,2000,OUT013,Tier 3,High,Supermarket Type1,0.106238768,12.30000019,176.1396027,4.5
Regular,FDO22,Snack Foods,2000,OUT013,Tier 3,High,Supermarket Type1,0.01784461,13.5,81.39600372,4.5
Regular,FDI10,Snack Foods,2000,OUT013,Tier 3,High,Supermarket Type1,0.078339078,8.510000229,172.9421997,4.5
Low Fat,FDF04,Frozen Foods,2022,OUT018,Tier 3,Medium,Supermarket Type2,0.013692598,17.5,259.7304077,4.5
Low Fat,FDD11,Starchy Foods,2022,OUT018,Tier 3,Medium,Supermarket Type2,0,12.85000038,253.0039978,4.5
Low Fat,FDN12,Baking Goods,2022,OUT018,Tier 3,Medium,Supermarket Type2,0,15.60000038,111.8544006,4.5
Low Fat,FDD14,Canned,2022,OUT018,Tier 3,Medium,Supermarket Type2,0.170500189,20.70000076,184.1266022,4.5
Low Fat,FDQ52,Frozen Foods,2022,OUT018,Tier 3,Medium,Supermarket Type2,0.119871303,17,248.343399,4.5
Low Fat,FDJ08,Fruits and Vegetables,2022,OUT018,Tier 3,Medium,Supermarket Type2,0.111122936,11.10000038,189.2846069,4.5
Low Fat,FDY19,Fruits and Vegetables,2022,OUT018,Tier 3,Medium,Supermarket Type2,0.041533437,19.75,119.8466034,4.5
Low Fat,DRM11,Hard Drinks,2022,OUT018,Tier 3,Medium,Supermarket Type2,0.066338718,6.570000172,261.4277954,4.5
Low Fat,NCP41,Health and Hygiene,2022,OUT018,Tier 3,Medium,Supermarket Type2,0.016276741,16.60000038,109.8595963,4.5
Low Fat,NCP17,Health and Hygiene,2022,OUT018,Tier 3,Medium,Supermarket Type2,0.027827268,19.35000038,65.6167984,4.5
Low Fat,NCS38,Household,2022,OUT018,Tier 3,Medium,Supermarket Type2,0.090558834,8.600000381,112.6175995,4.5
Low Fat,DRJ25,Soft Drinks,2022,OUT018,Tier 3,Medium,Supermarket Type2,0.151180863,14.60000038,47.56919861,4.5
Regular,FDY26,Dairy,2022,OUT018,Tier 3,Medium,Supermarket Type2,0.030634813,20.60000038,212.9243927,4.5
Regular,FDV20,Fruits and Vegetables,2022,OUT018,Tier 3,Medium,Supermarket Type2,0.060045008,20.20000076,128.3677979,4.5
Regular,FDV57,Snack Foods,2022,OUT018,Tier 3,Medium,Supermarket Type2,0,15.25,179.7660065,4.5
Low Fat,FDP11,Breads,1998,OUT027,Tier 3,Medium,Supermarket Type3,0.068765923,12.85764534,216.9165955,4.5
Low Fat,FDR23,Breads,1998,OUT027,Tier 3,Medium,Supermarket Type3,0.081391461,12.85764534,177.8370056,4.5
Low Fat,FDB27,Dairy,1998,OUT027,Tier 3,Medium,Supermarket Type3,0.055121891,12.85764534,196.7767944,4.5
Low Fat,FDK51,Dairy,1998,OUT027,Tier 3,Medium,Supermarket Type3,0.005209791,12.85764534,265.2883911,4.5
Low Fat,FDK28,Frozen Foods,1998,OUT027,Tier 3,Medium,Supermarket Type3,0.065272287,12.85764534,256.1646118,4.5
Low Fat,FDK52,Frozen Foods,1998,OUT027,Tier 3,Medium,Supermarket Type3,0,12.85764534,225.3061981,4.5
Low Fat,FDU52,Frozen Foods,1998,OUT027,Tier 3,Medium,Supermarket Type3,0.063462049,12.85764534,157.5630035,4.5
Low Fat,NCK05,Health and Hygiene,1998,OUT027,Tier 3,Medium,Supermarket Type3,0.077079177,12.85764534,61.55360031,4.5
Low Fat,NCA06,Household,1998,OUT027,Tier 3,Medium,Supermarket Type3,0.142589748,12.85764534,35.91899872,4.5
Low Fat,NCE06,Household,1998,OUT027,Tier 3,Medium,Supermarket Type3,0.091042213,12.85764534,162.6894073,4.5
Low Fat,NCG07,Household,1998,OUT027,Tier 3,Medium,Supermarket Type3,0.052247807,12.85764534,190.8529968,4.5
Low Fat,NCH54,Household,1998,OUT027,Tier 3,Medium,Supermarket Type3,0.07231722,12.85764534,160.7920074,4.5
Low Fat,NCT18,Household,1998,OUT027,Tier 3,Medium,Supermarket Type3,0.059117481,12.85764534,181.5975952,4.5
Low Fat,NCZ06,Household,1998,OUT027,Tier 3,Medium,Supermarket Type3,0.093705676,12.85764534,253.8697968,4.5
Low Fat,NCL07,Others,1998,OUT027,Tier 3,Medium,Supermarket Type3,0.0311868,12.85764534,39.54800034,4.5
Regular,FDF24,Baking Goods,1998,OUT027,Tier 3,Medium,Supermarket Type3,0.025247609,12.85764534,81.99340057,4.5
Regular,FDF26,Canned,1998,OUT027,Tier 3,Medium,Supermarket Type3,0.046408929,12.85764534,153.2998047,4.5
Regular,FDR40,Frozen Foods,1998,OUT027,Tier 3,Medium,Supermarket Type3,0.00799548,12.85764534,78.5617981,4.5
Regular,FDW16,Frozen Foods,1998,OUT027,Tier 3,Medium,Supermarket Type3,0.041273393,12.85764534,91.68039703,4.5
Regular,FDY04,Frozen Foods,1998,OUT027,Tier 3,Medium,Supermarket Type3,0.04227075,12.85764534,162.5209961,4.5
Regular,FDO31,Fruits and Vegetables,1998,OUT027,Tier 3,Medium,Supermarket Type3,0.028842332,12.85764534,81.4960022,4.5
Regular,FDF34,Snack Foods,1998,OUT027,Tier 3,Medium,Supermarket Type3,0.013951504,12.85764534,199.9084015,4.5
Regular,DRC36,Soft Drinks,1998,OUT027,Tier 3,Medium,Supermarket Type3,0.044767033,12.85764534,173.7053986,4.5
Low Fat,FDW24,Baking Goods,1998,OUT027,Tier 3,Medium,Supermarket Type3,0.037315469,12.85764534,50.0033989,4.5
Low Fat,FDQ23,Breads,1998,OUT027,Tier 3,Medium,Supermarket Type3,0.024407061,12.85764534,102.3331985,4.5
Low Fat,NCS05,Health and Hygiene,1998,OUT027,Tier 3,Medium,Supermarket Type3,0.020876486,12.85764534,133.7942047,4.5
Regular,FDT26,Dairy,1998,OUT027,Tier 3,Medium,Supermarket Type3,0.067624435,12.85764534,120.9440002,4.5
Low Fat,NCD19,Household,2000,OUT013,Tier 3,High,Supermarket Type1,0,8.930000305,53.8614006,4.400000095
Low Fat,FDB34,Snack Foods,1998,OUT027,Tier 3,Medium,Supermarket Type3,0.026480954,12.85764534,87.61979675,4.400000095
Low Fat,DRK35,Hard Drinks,2012,OUT049,Tier 1,Medium,Supermarket Type1,0.071958199,8.364999771,38.05059814,4.400000095
Regular,FDB56,Fruits and Vegetables,2017,OUT035,Tier 2,Small,Supermarket Type1,0.074613087,8.75,187.4555969,4.400000095
Low Fat,FDP09,Snack Foods,2022,OUT018,Tier 3,Medium,Supermarket Type2,0.034027908,19.75,212.0901947,4.400000095
Low Fat,FDG02,Canned,2022,OUT018,Tier 3,Medium,Supermarket Type2,0.011307038,7.855000019,188.5187988,4.400000095
Regular,FDM15,Meat,2000,OUT013,Tier 3,High,Supermarket Type1,0.057373796,11.80000019,151.4365997,4.400000095
Regular,FDO08,Fruits and Vegetables,1998,OUT019,Tier 1,Small,Grocery Store,0.094153747,12.85764534,165.752594,4.400000095
Low Fat,FDT43,Fruits and Vegetables,2022,OUT018,Tier 3,Medium,Supermarket Type2,0.020631654,16.35000038,50.13240051,4.400000095
Low Fat,FDI24,Baking Goods,1998,OUT027,Tier 3,Medium,Supermarket Type3,0.078362487,12.85764534,177.9369965,4.400000095
Regular,FDS46,Snack Foods,1998,OUT019,Tier 1,Small,Grocery Store,0.082741484,12.85764534,118.7781982,4.400000095
Regular,FDG28,Frozen Foods,2020,OUT017,Tier 2,Small,Supermarket Type1,0.049559042,9.284999847,246.4143982,4.400000095
Low Fat,FDG24,Baking Goods,2000,OUT013,Tier 3,High,Supermarket Type1,0.014618973,7.974999905,85.22499847,4.400000095
Low Fat,FDQ56,Fruits and Vegetables,2000,OUT013,Tier 3,High,Supermarket Type1,0.105509438,6.590000153,85.69080353,4.400000095
Low Fat,FDX23,Baking Goods,2010,OUT046,Tier 1,Small,Supermarket Type1,0.029691761,6.445000172,92.64360046,4.400000095
Regular,FDR44,Fruits and Vegetables,2010,OUT046,Tier 1,Small,Supermarket Type1,0.102920882,6.110000134,130.4967957,4.400000095
Regular,FDU01,Canned,2010,OUT046,Tier 1,Small,Supermarket Type1,0.011995271,20.25,184.5924072,4.400000095
Regular,FDP59,Breads,2015,OUT045,Tier 2,Small,Supermarket Type1,0.056580227,20.85000038,105.6648026,4.400000095
Low Fat,NCV17,Health and Hygiene,2020,OUT017,Tier 2,Small,Supermarket Type1,0.016198659,18.85000038,129.2626038,4.400000095
Low Fat,FDZ15,Dairy,2010,OUT046,Tier 1,Small,Supermarket Type1,0.020870743,13.10000038,117.3781967,4.400000095
Low Fat,FDA36,Baking Goods,2015,OUT045,Tier 2,Small,Supermarket Type1,0.005677876,5.985000134,184.892395,4.400000095
Low Fat,FDV51,Meat,2011,OUT010,Tier 3,Small,Grocery Store,0.054463442,16.35000038,163.884201,4.400000095
Low Fat,NCT41,Health and Hygiene,1998,OUT019,Tier 1,Small,Grocery Store,0.098031774,12.85764534,151.3023987,4.400000095
Low Fat,NCK54,Household,2020,OUT017,Tier 2,Medium,Supermarket Type1,0,12.14999962,117.8150024,4.400000095
Low Fat,FDE16,Frozen Foods,2012,OUT049,Tier 1,Medium,Supermarket Type1,0.026384672,8.895000458,208.9954071,4.400000095
Low Fat,FDE53,Frozen Foods,1998,OUT027,Tier 3,Medium,Supermarket Type3,0.026749991,12.85764534,106.9280014,4.400000095
Low Fat,NCL19,Others,2017,OUT035,Tier 2,Small,Supermarket Type1,0.015673267,15.35000038,145.0469971,4.400000095
Regular,FDT32,Fruits and Vegetables,1998,OUT027,Tier 3,Medium,Supermarket Type3,0.065316096,12.85764534,189.921402,4.400000095
Low Fat,FDC46,Snack Foods,1998,OUT027,Tier 3,Medium,Supermarket Type3,0.115978122,12.85764534,183.4266052,4.400000095
Low Fat,FDS10,Snack Foods,1998,OUT027,Tier 3,Medium,Supermarket Type3,0.035015199,12.85764534,182.0317993,4.400000095
Low Fat,FDC04,Dairy,1998,OUT027,Tier 3,Medium,Supermarket Type3,0.044767801,12.85764534,241.8854065,4.400000095
Low Fat,NCJ30,Household,2022,OUT018,Tier 3,Medium,Supermarket Type2,0.080968976,5.820000172,171.3789978,4.400000095
Regular,FDQ15,Meat,1998,OUT027,Tier 3,Medium,Supermarket Type3,0.150341868,12.85764534,83.12760162,4.400000095
Regular,FDV01,Canned,1998,OUT027,Tier 3,Medium,Supermarket Type3,0,12.85764534,154.6313934,4.400000095
Regular,FDJ57,Seafood,2017,OUT035,Tier 2,Small,Supermarket Type1,0.021569567,7.420000076,184.8582001,4.400000095
Low Fat,NCE31,Household,2010,OUT046,Tier 1,Small,Supermarket Type1,0.184843585,7.670000076,33.1216011,4.400000095
Low Fat,FDV07,Fruits and Vegetables,2020,OUT017,Tier 2,Medium,Supermarket Type1,0,9.5,110.4227982,4.400000095
Low Fat,FDD04,Dairy,2015,OUT045,Tier 2,Medium,Supermarket Type1,0.090153754,16,143.2153931,4.400000095
Low Fat,NCC18,Household,2012,OUT049,Tier 1,Medium,Supermarket Type1,0.177545622,19.10000038,172.4421997,4.400000095
Low Fat,NCL31,Others,2012,OUT049,Tier 1,Medium,Supermarket Type1,0.120467991,7.389999866,145.1470032,4.400000095
Low Fat,FDA33,Snack Foods,2012,OUT049,Tier 1,Medium,Supermarket Type1,0.033952601,6.480000019,148.2075958,4.400000095
Low Fat,FDT59,Breads,2012,OUT049,Tier 1,Medium,Supermarket Type1,0,13.64999962,229.4667969,4.400000095
Low Fat,FDE26,Canned,2012,OUT049,Tier 1,Medium,Supermarket Type1,0.089144148,9.300000191,144.9786072,4.400000095
Low Fat,FDB50,Canned,2012,OUT049,Tier 1,Medium,Supermarket Type1,0.153857395,13,76.39859772,4.400000095
Low Fat,FDC17,Frozen Foods,2012,OUT049,Tier 1,Medium,Supermarket Type1,0.015484763,12.14999962,211.9927979,4.400000095
Low Fat,FDM44,Fruits and Vegetables,2012,OUT049,Tier 1,Medium,Supermarket Type1,0.031097949,12.5,103.8990021,4.400000095
Low Fat,DRI11,Hard Drinks,2012,OUT049,Tier 1,Medium,Supermarket Type1,0.034457777,8.260000229,113.3834,4.400000095
Low Fat,DRL47,Hard Drinks,2012,OUT049,Tier 1,Medium,Supermarket Type1,0,19.70000076,125.936203,4.400000095
Low Fat,NCB30,Household,2012,OUT049,Tier 1,Medium,Supermarket Type1,0.025742956,14.60000038,197.1083984,4.400000095
Low Fat,NCI18,Household,2012,OUT049,Tier 1,Medium,Supermarket Type1,0.014045832,18.35000038,222.7745972,4.400000095
Low Fat,NCP06,Household,2012,OUT049,Tier 1,Medium,Supermarket Type1,0.039306823,20.70000076,150.7366028,4.400000095
Low Fat,NCO02,Others,2012,OUT049,Tier 1,Medium,Supermarket Type1,0,11.14999962,65.0141983,4.400000095
Low Fat,DRE37,Soft Drinks,2012,OUT049,Tier 1,Medium,Supermarket Type1,0.094366081,13.5,190.9871979,4.400000095
Low Fat,DRD24,Soft Drinks,2012,OUT049,Tier 1,Medium,Supermarket Type1,0.030842964,13.85000038,143.1154022,4.400000095
Low Fat,DRL37,Soft Drinks,2012,OUT049,Tier 1,Medium,Supermarket Type1,0.053455159,15.5,43.67699814,4.400000095
Regular,FDJ12,Baking Goods,2012,OUT049,Tier 1,Medium,Supermarket Type1,0.039101813,8.895000458,208.8296051,4.400000095
Regular,FDX11,Baking Goods,2012,OUT049,Tier 1,Medium,Supermarket Type1,0.106918052,16,183.5634003,4.400000095
Regular,FDJ60,Baking Goods,2012,OUT049,Tier 1,Medium,Supermarket Type1,0.062625639,19.35000038,165.3184052,4.400000095
Regular,FDB37,Baking Goods,2012,OUT049,Tier 1,Medium,Supermarket Type1,0.022976493,20.25,240.3538055,4.400000095
Regular,FDC51,Dairy,2012,OUT049,Tier 1,Medium,Supermarket Type1,0.009636821,10.89500046,121.8730011,4.400000095
Regular,FDY15,Dairy,2012,OUT049,Tier 1,Medium,Supermarket Type1,0.171093643,18.25,155.6629944,4.400000095
Regular,FDV04,Frozen Foods,2012,OUT049,Tier 1,Medium,Supermarket Type1,0.150248468,7.824999809,155.2288055,4.400000095
Regular,FDB56,Fruits and Vegetables,2012,OUT049,Tier 1,Medium,Supermarket Type1,0.074743226,8.75,187.6555939,4.400000095
Regular,FDY20,Fruits and Vegetables,2012,OUT049,Tier 1,Medium,Supermarket Type1,0.081879862,12.5,91.74880219,4.400000095
Regular,FDK32,Fruits and Vegetables,2012,OUT049,Tier 1,Medium,Supermarket Type1,0.049051717,16.25,152.4682007,4.400000095
Regular,FDP44,Fruits and Vegetables,2012,OUT049,Tier 1,Medium,Supermarket Type1,0.079837508,16.5,102.1332016,4.400000095
Regular,FDS32,Fruits and Vegetables,2012,OUT049,Tier 1,Medium,Supermarket Type1,0.029700018,17.75,140.3838043,4.400000095
Regular,FDG09,Fruits and Vegetables,2012,OUT049,Tier 1,Medium,Supermarket Type1,0.048010811,20.60000038,187.7556,4.400000095
Regular,FDW51,Meat,2012,OUT049,Tier 1,Medium,Supermarket Type1,0.094807044,6.15500021,213.3560028,4.400000095
Regular,FDK58,Snack Foods,2012,OUT049,Tier 1,Medium,Supermarket Type1,0.045052491,11.35000038,102.6016006,4.400000095
Regular,FDA09,Snack Foods,2012,OUT049,Tier 1,Medium,Supermarket Type1,0.149598628,13.35000038,179.4660034,4.400000095
Regular,FDM58,Snack Foods,2012,OUT049,Tier 1,Medium,Supermarket Type1,0,16.85000038,110.0543976,4.400000095
Regular,DRM49,Soft Drinks,2012,OUT049,Tier 1,Medium,Supermarket Type1,0,6.110000134,43.00859833,4.400000095
Regular,DRA59,Soft Drinks,2012,OUT049,Tier 1,Medium,Supermarket Type1,0.12812683,8.270000458,183.6923981,4.400000095
Regular,FDD47,Starchy Foods,2012,OUT049,Tier 1,Medium,Supermarket Type1,0.142632186,7.599999905,172.3448029,4.400000095
Regular,FDC03,Dairy,2012,OUT049,Tier 1,Medium,Supermarket Type1,0.071958199,8.574999809,195.3793945,4.400000095
Regular,FDU31,Fruits and Vegetables,2012,OUT049,Tier 1,Medium,Supermarket Type1,0.025029911,10.5,218.4508057,4.400000095
Low Fat,FDX24,Baking Goods,1998,OUT019,Tier 1,Small,Grocery Store,0.024387984,12.85764534,92.44619751,4.400000095
Low Fat,DRG27,Dairy,1998,OUT019,Tier 1,Small,Grocery Store,0.184035257,12.85764534,42.21379852,4.400000095
Low Fat,FDF16,Frozen Foods,1998,OUT019,Tier 1,Small,Grocery Store,0.150806665,12.85764534,149.0075989,4.400000095
Low Fat,FDH08,Fruits and Vegetables,1998,OUT019,Tier 1,Small,Grocery Store,0.030516069,12.85764534,227.8009949,4.400000095
Low Fat,FDR08,Fruits and Vegetables,1998,OUT019,Tier 1,Small,Grocery Store,0.065872937,12.85764534,113.1885986,4.400000095
Low Fat,FDU07,Fruits and Vegetables,1998,OUT019,Tier 1,Small,Grocery Store,0.104784332,12.85764534,150.4365997,4.400000095
Low Fat,FDU32,Fruits and Vegetables,1998,OUT019,Tier 1,Small,Grocery Store,0.045465957,12.85764534,120.8414001,4.400000095
Low Fat,NCT53,Health and Hygiene,1998,OUT019,Tier 1,Small,Grocery Store,0.084245354,12.85764534,164.6526031,4.400000095
Low Fat,NCB19,Household,1998,OUT019,Tier 1,Small,Grocery Store,0.158096135,12.85764534,86.38819885,4.400000095
Low Fat,FDK43,Meat,1998,OUT019,Tier 1,Small,Grocery Store,0.046994716,12.85764534,125.802002,4.400000095
Low Fat,NCL55,Others,1998,OUT019,Tier 1,Small,Grocery Store,0.113212518,12.85764534,254.6040039,4.400000095
Low Fat,FDK33,Snack Foods,1998,OUT019,Tier 1,Small,Grocery Store,0.019671474,12.85764534,214.7559967,4.400000095
Low Fat,FDX09,Snack Foods,1998,OUT019,Tier 1,Small,Grocery Store,0.114243045,12.85764534,174.9369965,4.400000095
Low Fat,FDZ22,Snack Foods,1998,OUT019,Tier 1,Small,Grocery Store,0.079261743,12.85764534,81.82499695,4.400000095
Regular,FDY38,Dairy,1998,OUT019,Tier 1,Small,Grocery Store,0.20866254,12.85764534,231.8300018,4.400000095
Regular,FDE28,Frozen Foods,1998,OUT019,Tier 1,Small,Grocery Store,0.232072681,12.85764534,229.4667969,4.400000095
Regular,FDP40,Frozen Foods,1998,OUT019,Tier 1,Small,Grocery Store,0.060154967,12.85764534,110.1544037,4.400000095
Regular,FDY39,Meat,1998,OUT019,Tier 1,Small,Grocery Store,0.082341172,12.85764534,185.7608032,4.400000095
Regular,FDQ45,Snack Foods,1998,OUT019,Tier 1,Small,Grocery Store,0.019114349,12.85764534,182.1607971,4.400000095
Regular,FDE11,Starchy Foods,1998,OUT019,Tier 1,Small,Grocery Store,0.236535609,12.85764534,184.1923981,4.400000095
Low Fat,FDD51,Dairy,1998,OUT019,Tier 1,Small,Grocery Store,0.210021719,12.85764534,44.2743988,4.400000095
Low Fat,FDJ41,Frozen Foods,2010,OUT046,Tier 1,Small,Supermarket Type1,0.022883279,6.849999905,261.2593994,4.400000095
Low Fat,FDP60,Baking Goods,2010,OUT046,Tier 1,Small,Supermarket Type1,0,17.35000038,102.9016037,4.400000095
Low Fat,FDZ48,Baking Goods,2010,OUT046,Tier 1,Small,Supermarket Type1,0.075959623,17.75,112.4543991,4.400000095
Low Fat,FDU59,Breads,2010,OUT046,Tier 1,Small,Supermarket Type1,0.096386224,5.78000021,163.5552063,4.400000095
Low Fat,FDC50,Canned,2010,OUT046,Tier 1,Small,Supermarket Type1,0.136497915,15.85000038,96.30940247,4.400000095
Low Fat,DRF03,Dairy,2010,OUT046,Tier 1,Small,Supermarket Type1,0.045308132,19.10000038,42.51380157,4.400000095
Low Fat,FDT28,Frozen Foods,2010,OUT046,Tier 1,Small,Supermarket Type1,0.063566171,13.30000019,151.3708038,4.400000095
Low Fat,DRN11,Hard Drinks,2010,OUT046,Tier 1,Small,Supermarket Type1,0.162980273,7.849999905,145.2444,4.400000095
Low Fat,NCI29,Health and Hygiene,2010,OUT046,Tier 1,Small,Supermarket Type1,0.032621544,8.600000381,143.2153931,4.400000095
Low Fat,NCA53,Health and Hygiene,2010,OUT046,Tier 1,Small,Supermarket Type1,0.009878459,11.39500046,47.60340118,4.400000095
Low Fat,NCT41,Health and Hygiene,2010,OUT046,Tier 1,Small,Supermarket Type1,0.05599029,15.69999981,153.2023926,4.400000095
Low Fat,NCM53,Health and Hygiene,2010,OUT046,Tier 1,Small,Supermarket Type1,0.052040916,18.75,105.7279968,4.400000095
Low Fat,NCM30,Household,2010,OUT046,Tier 1,Small,Supermarket Type1,0.067295402,19.10000038,41.979599,4.400000095
Low Fat,NCN43,Others,2010,OUT046,Tier 1,Small,Supermarket Type1,0,12.14999962,123.7730026,4.400000095
Low Fat,NCP43,Others,2010,OUT046,Tier 1,Small,Supermarket Type1,0.03050705,17.75,180.3659973,4.400000095
Low Fat,FDA33,Snack Foods,2010,OUT046,Tier 1,Small,Supermarket Type1,0.0338999,6.480000019,146.9075928,4.400000095
Low Fat,FDP57,Snack Foods,2010,OUT046,Tier 1,Small,Supermarket Type1,0,17.5,102.9990005,4.400000095
Low Fat,FDE46,Snack Foods,2010,OUT046,Tier 1,Small,Supermarket Type1,0.015769692,18.60000038,152.1365967,4.400000095
Low Fat,FDA22,Starchy Foods,2010,OUT046,Tier 1,Small,Supermarket Type1,0.084452361,7.434999943,165.2158051,4.400000095
Regular,FDW40,Frozen Foods,2010,OUT046,Tier 1,Small,Supermarket Type1,0.105145454,14,144.2812042,4.400000095
Regular,FDH05,Frozen Foods,2010,OUT046,Tier 1,Small,Supermarket Type1,0.090913638,14.35000038,231.2984009,4.400000095
Regular,FDW16,Frozen Foods,2010,OUT046,Tier 1,Small,Supermarket Type1,0.041474231,17.35000038,93.08039856,4.400000095
Regular,FDT07,Fruits and Vegetables,2010,OUT046,Tier 1,Small,Supermarket Type1,0.077319078,5.820000172,255.4329987,4.400000095
Regular,FDC33,Fruits and Vegetables,2010,OUT046,Tier 1,Small,Supermarket Type1,0.068938337,8.960000038,196.4768066,4.400000095
Regular,FDO39,Meat,2010,OUT046,Tier 1,Small,Supermarket Type1,0.137366876,6.985000134,184.9608002,4.400000095
Regular,FDI21,Snack Foods,2010,OUT046,Tier 1,Small,Supermarket Type1,0.056602817,5.590000153,63.21680069,4.400000095
Regular,FDW09,Snack Foods,2010,OUT046,Tier 1,Small,Supermarket Type1,0.025920816,13.64999962,81.23020172,4.400000095
Regular,FDN58,Snack Foods,2010,OUT046,Tier 1,Small,Supermarket Type1,0.05687239,13.80000019,231.1983948,4.400000095
Low Fat,FDA23,Baking Goods,2020,OUT017,Tier 2,Medium,Supermarket Type1,0.047453947,9.800000191,101.7015991,4.400000095
Low Fat,FDR02,Dairy,2020,OUT017,Tier 2,Medium,Supermarket Type1,0.022190489,16.70000076,113.1885986,4.400000095
Low Fat,FDT36,Baking Goods,2015,OUT045,Tier 2,Medium,Supermarket Type1,0.111500256,12.30000019,35.68740082,4.400000095
Low Fat,FDQ12,Baking Goods,2015,OUT045,Tier 2,Medium,Supermarket Type1,0.035482563,12.64999962,231.401001,4.400000095
Low Fat,FDS23,Breads,2015,OUT045,Tier 2,Medium,Supermarket Type1,0.141174838,4.635000229,127.0994034,4.400000095
Low Fat,FDS35,Breads,2015,OUT045,Tier 2,Medium,Supermarket Type1,0.111446083,9.300000191,64.68260193,4.400000095
Low Fat,FDX59,Breads,2015,OUT045,Tier 2,Medium,Supermarket Type1,0.051766042,10.19499969,34.55580139,4.400000095
Low Fat,FDF14,Canned,2015,OUT045,Tier 2,Medium,Supermarket Type1,0.027224917,7.550000191,152.9340057,4.400000095
Low Fat,FDU25,Canned,2015,OUT045,Tier 2,Medium,Supermarket Type1,0.026735373,12.35000038,57.42459869,4.400000095
Low Fat,FDT37,Canned,2015,OUT045,Tier 2,Medium,Supermarket Type1,0,14.14999962,253.7014008,4.400000095
Low Fat,FDX26,Dairy,2015,OUT045,Tier 2,Medium,Supermarket Type1,0.087986596,17.70000076,181.4291992,4.400000095
Low Fat,FDX16,Frozen Foods,2015,OUT045,Tier 2,Medium,Supermarket Type1,0.065943509,17.85000038,149.1049957,4.400000095
Low Fat,FDA56,Fruits and Vegetables,2015,OUT045,Tier 2,Medium,Supermarket Type1,0.008782561,9.210000038,119.8414001,4.400000095
Low Fat,FDP07,Fruits and Vegetables,2015,OUT045,Tier 2,Medium,Supermarket Type1,0.090084098,18.20000076,197.2109985,4.400000095
Low Fat,NCD43,Household,2015,OUT045,Tier 2,Small,Supermarket Type1,0.016052445,8.850000381,106.796402,4.400000095
Low Fat,NCT06,Household,2015,OUT045,Tier 2,Small,Supermarket Type1,0.038816117,17.10000038,166.4842072,4.400000095
Low Fat,NCI18,Household,2015,OUT045,Tier 2,Small,Supermarket Type1,0.014052469,18.35000038,224.0746002,4.400000095
Low Fat,NCB43,Household,2015,OUT045,Tier 2,Small,Supermarket Type1,0.100114942,20.20000076,188.389801,4.400000095
Low Fat,FDQ39,Meat,2015,OUT045,Tier 2,Small,Supermarket Type1,0.081206493,14.80000019,189.2846069,4.400000095
Low Fat,FDK45,Seafood,2015,OUT045,Tier 2,Small,Supermarket Type1,0.033926852,11.64999962,111.5859985,4.400000095
Low Fat,FDK33,Snack Foods,2015,OUT045,Tier 2,Small,Supermarket Type1,0.011258035,17.85000038,211.6560059,4.400000095
Low Fat,FDK48,Baking Goods,2020,OUT017,Tier 2,Small,Supermarket Type1,0.037845086,7.445000172,75.53540039,4.400000095
Low Fat,FDH48,Baking Goods,2020,OUT017,Tier 2,Small,Supermarket Type1,0.060822461,13.5,85.15399933,4.400000095
Low Fat,FDZ38,Dairy,2020,OUT017,Tier 2,Small,Supermarket Type1,0.008046275,17.60000038,173.7422028,4.400000095
Low Fat,DRH39,Dairy,2020,OUT017,Tier 2,Small,Supermarket Type1,0.093214497,20.70000076,74.66699982,4.400000095
Low Fat,FDK04,Frozen Foods,2020,OUT017,Tier 2,Small,Supermarket Type1,0.052607931,7.360000134,56.35879898,4.400000095
Low Fat,FDQ16,Frozen Foods,2020,OUT017,Tier 2,Small,Supermarket Type1,0.041974489,19.70000076,108.6912003,4.400000095
Low Fat,FDX20,Fruits and Vegetables,2020,OUT017,Tier 2,Small,Supermarket Type1,0.042800989,7.364999771,228.371994,4.400000095
Low Fat,FDC44,Fruits and Vegetables,2020,OUT017,Tier 2,Small,Supermarket Type1,0.173573166,15.60000038,114.4517975,4.400000095
Low Fat,DRK23,Hard Drinks,2020,OUT017,Tier 2,Small,Supermarket Type1,0.072383776,8.395000458,251.5039978,4.400000095
Low Fat,DRO47,Hard Drinks,2020,OUT017,Tier 2,Small,Supermarket Type1,0.11285945,10.19499969,114.4860001,4.400000095
Low Fat,DRJ23,Hard Drinks,2020,OUT017,Tier 2,Small,Supermarket Type1,0.04190458,18.35000038,188.1871948,4.400000095
Low Fat,NCL53,Health and Hygiene,2020,OUT017,Tier 2,Small,Supermarket Type1,0.036439877,7.5,175.3027954,4.400000095
Low Fat,NCI17,Health and Hygiene,2020,OUT017,Tier 2,Small,Supermarket Type1,0.144233897,8.645000458,95.44100189,4.400000095
Low Fat,NCL29,Health and Hygiene,2020,OUT017,Tier 2,Small,Supermarket Type1,0.114583924,9.694999695,156.4604034,4.400000095
Low Fat,NCA53,Health and Hygiene,2020,OUT017,Tier 2,Small,Supermarket Type1,0.009934335,11.39500046,47.20339966,4.400000095
Low Fat,NCV41,Health and Hygiene,2020,OUT017,Tier 2,Small,Supermarket Type1,0.017135154,14.35000038,109.8227997,4.400000095
Low Fat,NCP06,Household,2020,OUT017,Tier 2,High,Supermarket Type1,0.039467797,20.70000076,151.7366028,4.400000095
Low Fat,FDP39,Meat,2020,OUT017,Tier 2,High,Supermarket Type1,0.069817662,12.64999962,53.53239822,4.400000095
Low Fat,FDV51,Meat,2020,OUT017,Tier 2,High,Supermarket Type1,0.03272295,16.35000038,165.7841949,4.400000095
Low Fat,FDL10,Snack Foods,2020,OUT017,Tier 2,High,Supermarket Type1,0.039715592,8.395000458,100.1042023,4.400000095
Regular,FDT12,Baking Goods,2015,OUT045,Tier 2,High,Supermarket Type1,0.049722336,6.215000153,224.5061951,4.400000095
Regular,FDD26,Canned,2015,OUT045,Tier 2,High,Supermarket Type1,0.072301798,8.710000038,185.6923981,4.400000095
Regular,FDN16,Frozen Foods,2015,OUT045,Tier 2,High,Supermarket Type1,0.062827446,12.60000038,105.098999,4.400000095
Regular,FDG56,Fruits and Vegetables,2015,OUT045,Tier 2,High,Supermarket Type1,0.071597472,13.30000019,60.85359955,4.400000095
Regular,FDT55,Fruits and Vegetables,2015,OUT045,Tier 2,High,Supermarket Type1,0.043743689,13.60000038,157.7946014,4.400000095
Regular,FDH20,Fruits and Vegetables,2015,OUT045,Tier 2,High,Supermarket Type1,0.024999712,16.10000038,97.84100342,4.400000095
Regular,FDK32,Fruits and Vegetables,2015,OUT045,Tier 2,High,Supermarket Type1,0.049074896,16.25,154.2682037,4.400000095
Regular,FDT09,Snack Foods,2015,OUT045,Tier 2,High,Supermarket Type1,0.012288171,15.14999962,129.9284058,4.400000095
Regular,FDA47,Baking Goods,2020,OUT017,Tier 2,High,Supermarket Type1,0.117333747,10.5,164.1210022,4.400000095
Regular,FDS11,Breads,2020,OUT017,Tier 2,High,Supermarket Type1,0.055872768,7.050000191,222.1087952,4.400000095
Regular,FDL13,Breakfast,2020,OUT017,Tier 2,High,Supermarket Type1,0.056637131,13.85000038,233.8300018,4.400000095
Regular,FDA04,Frozen Foods,2020,OUT017,Tier 2,High,Supermarket Type1,0.067107446,11.30000019,258.1961975,4.400000095
Regular,FDF21,Fruits and Vegetables,2020,OUT017,Tier 2,Medium,Supermarket Type1,0.059160136,10.30000019,191.5529938,4.400000095
Regular,FDR15,Meat,2020,OUT017,Tier 2,Medium,Supermarket Type1,0.03362713,9.300000191,156.1313934,4.400000095
Regular,FDM51,Meat,2020,OUT017,Tier 2,Medium,Supermarket Type1,0.026072873,11.80000019,99.86740112,4.400000095
Regular,FDN46,Snack Foods,2020,OUT017,Tier 2,Medium,Supermarket Type1,0,7.210000038,103.1332016,4.400000095
Regular,FDI58,Snack Foods,2020,OUT017,Tier 2,Medium,Supermarket Type1,0.071104407,7.639999866,95.01200104,4.400000095
Regular,FDM57,Snack Foods,2020,OUT017,Tier 2,Medium,Supermarket Type1,0.076278202,11.64999962,85.19080353,4.400000095
Regular,FDY33,Snack Foods,2020,OUT017,Tier 2,Medium,Supermarket Type1,0.097750939,14.5,159.7261963,4.400000095
Low Fat,FDU02,Dairy,2020,OUT017,Tier 2,Medium,Supermarket Type1,0.103091352,13.35000038,229.9351959,4.400000095
Regular,FDD32,Fruits and Vegetables,2020,OUT017,Tier 2,Medium,Supermarket Type1,0.041163523,17.70000076,80.82759857,4.400000095
Regular,FDB57,Fruits and Vegetables,2020,OUT017,Tier 2,Medium,Supermarket Type1,0.018911473,20.25,220.5771942,4.400000095
Low Fat,NCP06,Household,2017,OUT035,Tier 2,Small,Supermarket Type1,0.039238386,20.70000076,152.8365936,4.400000095
Low Fat,FDV23,Breads,2017,OUT035,Tier 2,Small,Supermarket Type1,0.105816752,11,126.0046005,4.400000095
Low Fat,FDH38,Canned,2017,OUT035,Tier 2,Small,Supermarket Type1,0.010436256,6.425000191,115.5808029,4.400000095
Low Fat,FDX37,Canned,2017,OUT035,Tier 2,Small,Supermarket Type1,0.06301742,16.20000076,100.3700027,4.400000095
Low Fat,FDN02,Canned,2017,OUT035,Tier 2,Small,Supermarket Type1,0.073813789,16.5,207.2637939,4.400000095
Low Fat,FDU04,Frozen Foods,2017,OUT035,Tier 2,Small,Supermarket Type1,0.005547386,7.929999828,121.5413971,4.400000095
Low Fat,FDX40,Frozen Foods,2017,OUT035,Tier 2,Small,Supermarket Type1,0,12.85000038,38.31639862,4.400000095
Low Fat,FDX20,Fruits and Vegetables,2017,OUT035,Tier 2,Small,Supermarket Type1,0.042552207,7.364999771,225.1719971,4.400000095
Low Fat,FDX55,Fruits and Vegetables,2017,OUT035,Tier 2,Small,Supermarket Type1,0.055195462,15.10000038,216.1165924,4.400000095
Low Fat,DRK11,Hard Drinks,2017,OUT035,Tier 2,Small,Supermarket Type1,0.010762387,8.210000038,149.5391998,4.400000095
Low Fat,DRL23,Hard Drinks,2017,OUT035,Tier 2,Small,Supermarket Type1,0.015301418,18.35000038,105.2938004,4.400000095
Low Fat,NCN05,Health and Hygiene,2017,OUT035,Tier 2,Small,Supermarket Type1,0.014456938,8.234999657,184.7949982,4.400000095
Low Fat,NCH43,Household,2017,OUT035,Tier 2,Small,Supermarket Type1,0.070555568,8.420000076,216.0191956,4.400000095
Low Fat,FDA33,Snack Foods,2017,OUT035,Tier 2,Small,Supermarket Type1,0.033893488,6.480000019,147.0075989,4.400000095
Low Fat,FDX58,Snack Foods,2017,OUT035,Tier 2,Small,Supermarket Type1,0.043755405,13.14999962,182.8950043,4.400000095
Low Fat,FDA21,Snack Foods,2017,OUT035,Tier 2,Small,Supermarket Type1,0.035953909,13.64999962,185.2924042,4.400000095
Low Fat,FDG59,Starchy Foods,2017,OUT035,Tier 2,Small,Supermarket Type1,0.043226399,15.85000038,37.51639938,4.400000095
Regular,FDL12,Baking Goods,2017,OUT035,Tier 2,Small,Supermarket Type1,0.121609725,15.85000038,60.22200012,4.400000095
Regular,FDU37,Canned,2017,OUT035,Tier 2,Small,Supermarket Type1,0.104488447,9.5,77.89600372,4.400000095
Regular,FDE14,Canned,2017,OUT035,Tier 2,Small,Supermarket Type1,0.031439207,13.64999962,100.0699997,4.400000095
Regular,FDB14,Canned,2017,OUT035,Tier 2,Small,Supermarket Type1,0.102704495,20.25,94.31199646,4.400000095
Regular,FDT26,Dairy,2017,OUT035,Tier 2,Small,Supermarket Type1,0.06794066,18.85000038,119.0439987,4.400000095
Regular,FDS19,Fruits and Vegetables,2017,OUT035,Tier 2,Small,Supermarket Type1,0.064195134,13.80000019,75.80120087,4.400000095
Regular,FDH31,Meat,2017,OUT035,Tier 2,Small,Supermarket Type1,0.020407297,12,99.90419769,4.400000095
Regular,FDO15,Meat,2017,OUT035,Tier 2,Small,Supermarket Type1,0.008564925,16.75,73.20379639,4.400000095
Regular,FDG34,Snack Foods,2017,OUT035,Tier 2,Small,Supermarket Type1,0.037563324,11.5,109.5253983,4.400000095
Regular,FDH47,Starchy Foods,2017,OUT035,Tier 2,Small,Supermarket Type1,0.128791854,13.5,95.40679932,4.400000095
Regular,FDL38,Canned,2017,OUT035,Tier 2,Small,Supermarket Type1,0.014730322,13.80000019,90.91719818,4.400000095
Low Fat,DRL60,Soft Drinks,2011,OUT010,Tier 3,Medium,Grocery Store,0.045291822,8.520000458,153.5682068,4.400000095
Low Fat,FDK38,Canned,2011,OUT010,Tier 3,Medium,Grocery Store,0.089196391,6.650000095,147.0733948,4.400000095
Low Fat,FDR02,Dairy,2011,OUT010,Tier 3,Medium,Grocery Store,0.036933418,16.70000076,109.1885986,4.400000095
Low Fat,DRI51,Dairy,2011,OUT010,Tier 3,Medium,Grocery Store,0.070703827,17.25,170.3764038,4.400000095
Low Fat,FDC41,Frozen Foods,2011,OUT010,Tier 3,Medium,Grocery Store,0.195688799,15.60000038,77.36699677,4.400000095
Low Fat,NCM05,Health and Hygiene,2011,OUT010,Tier 3,Medium,Grocery Store,0.100171566,6.824999809,262.7225952,4.400000095
Low Fat,NCI29,Health and Hygiene,2011,OUT010,Tier 3,Medium,Grocery Store,0.054601777,8.600000381,141.1154022,4.400000095
Low Fat,NCR53,Health and Hygiene,2011,OUT010,Tier 3,Medium,Grocery Store,0.24276866,12.14999962,226.5404053,4.400000095
Low Fat,NCF06,Household,2011,OUT010,Tier 3,Medium,Grocery Store,0.033807904,6.235000134,258.9961853,4.400000095
Low Fat,NCV42,Household,2011,OUT010,Tier 3,Medium,Grocery Store,0.05259395,6.260000229,111.0227966,4.400000095
Low Fat,NCU54,Household,2011,OUT010,Tier 3,Medium,Grocery Store,0.165073648,8.880000114,207.727005,4.400000095
Low Fat,NCK18,Household,2011,OUT010,Tier 3,Medium,Grocery Store,0.011211251,9.600000381,166.918396,4.400000095
Low Fat,NCC30,Household,2011,OUT010,Tier 3,Medium,Grocery Store,0.046161924,16.60000038,176.6343994,4.400000095
Low Fat,NCF42,Household,2011,OUT010,Tier 3,Medium,Grocery Store,0.280164927,17.35000038,177.5711975,4.400000095
Low Fat,FDP15,Meat,2011,OUT010,Tier 3,High,Grocery Store,0,15.19999981,256.0329895,4.400000095
Low Fat,DRB25,Soft Drinks,2011,OUT010,Tier 3,High,Grocery Store,0.116261333,12.30000019,107.0938034,4.400000095
Regular,FDM02,Canned,2011,OUT010,Tier 3,High,Grocery Store,0.12341737,12.5,86.01979828,4.400000095
Regular,FDA01,Canned,2011,OUT010,Tier 3,High,Grocery Store,0.091018051,15,60.29040146,4.400000095
Regular,FDI16,Frozen Foods,2011,OUT010,Tier 3,High,Grocery Store,0.227260694,14,54.36399841,4.400000095
Regular,FDV28,Frozen Foods,2011,OUT010,Tier 3,High,Grocery Store,0.267352581,16.10000038,34.9557991,4.400000095
Regular,FDF08,Fruits and Vegetables,2011,OUT010,Tier 3,High,Grocery Store,0.109144084,14.30000019,88.28559875,4.400000095
Regular,FDW51,Meat,2011,OUT010,Tier 3,High,Grocery Store,0.158441216,6.15500021,213.7559967,4.400000095
Regular,FDB58,Snack Foods,2011,OUT010,Tier 3,High,Grocery Store,0.022590319,10.5,140.6154022,4.400000095
Regular,FDZ59,Baking Goods,2011,OUT010,Tier 3,Small,Grocery Store,0.1741108,6.630000114,166.8500061,4.400000095
Low Fat,FDK36,Baking Goods,2000,OUT013,Tier 3,High,Supermarket Type1,0.00720931,7.090000153,48.10340118,4.400000095
Low Fat,FDZ27,Dairy,2000,OUT013,Tier 3,High,Supermarket Type1,0.017141985,7.934999943,50.03499985,4.400000095
Low Fat,FDS48,Baking Goods,2000,OUT013,Tier 3,High,Supermarket Type1,0.027756138,15.14999962,150.4707947,4.400000095
Low Fat,FDC02,Canned,2000,OUT013,Tier 3,High,Supermarket Type1,0.068765208,21.35000038,260.4277954,4.400000095
Low Fat,FDI15,Dairy,2000,OUT013,Tier 3,High,Supermarket Type1,0.141234934,13.80000019,263.7883911,4.400000095
Low Fat,DRJ39,Dairy,2000,OUT013,Tier 3,High,Supermarket Type1,0.036295835,20.25,217.5482025,4.400000095
Low Fat,FDT40,Frozen Foods,2000,OUT013,Tier 3,High,Supermarket Type1,0.095715605,5.985000134,125.8677979,4.400000095
Low Fat,FDE29,Frozen Foods,2000,OUT013,Tier 3,High,Supermarket Type1,0.14301002,8.904999733,61.68780136,4.400000095
Low Fat,FDT28,Frozen Foods,2000,OUT013,Tier 3,High,Supermarket Type1,0.063513272,13.30000019,149.9707947,4.400000095
Low Fat,FDK41,Frozen Foods,2000,OUT013,Tier 3,High,Supermarket Type1,0.12743558,14.30000019,86.82240295,4.400000095
Low Fat,FDE45,Fruits and Vegetables,2000,OUT013,Tier 3,High,Supermarket Type1,0.040323731,12.10000038,180.0001984,4.400000095
Low Fat,FDZ20,Fruits and Vegetables,2000,OUT013,Tier 3,High,Supermarket Type1,0.034278411,16.10000038,255.2355957,4.400000095
Low Fat,FDT31,Fruits and Vegetables,2000,OUT013,Tier 3,High,Supermarket Type1,0.012437935,19.75,189.9871979,4.400000095
Low Fat,FDP20,Fruits and Vegetables,2000,OUT013,Tier 3,High,Supermarket Type1,0.04563123,19.85000038,128.102005,4.400000095
Low Fat,DRM59,Hard Drinks,2000,OUT013,Tier 3,High,Supermarket Type1,0.003589104,5.880000114,155.5997925,4.400000095
Low Fat,DRL35,Hard Drinks,2000,OUT013,Tier 3,High,Supermarket Type1,0.03067808,15.69999981,44.77700043,4.400000095
Low Fat,DRP35,Hard Drinks,2000,OUT013,Tier 3,High,Supermarket Type1,0.09079168,18.85000038,127.1335983,4.400000095
Low Fat,NCU17,Health and Hygiene,2000,OUT013,Tier 3,High,Supermarket Type1,0,5.320000172,101.7674026,4.400000095
Low Fat,NCU53,Health and Hygiene,2000,OUT013,Tier 3,High,Supermarket Type1,0.042716235,5.485000134,164.884201,4.400000095
Low Fat,NCT05,Health and Hygiene,2000,OUT013,Tier 3,High,Supermarket Type1,0.020934412,10.89500046,256.5671997,4.400000095
Low Fat,NCC19,Household,2000,OUT013,Tier 3,High,Supermarket Type1,0.096799955,6.570000172,192.3820038,4.400000095
Low Fat,NCV54,Household,2000,OUT013,Tier 3,High,Supermarket Type1,0.03308139,11.10000038,116.5123978,4.400000095
Low Fat,NCF19,Household,2000,OUT013,Tier 3,High,Supermarket Type1,0.035079516,13,47.90340042,4.400000095
Low Fat,NCE30,Household,2000,OUT013,Tier 3,High,Supermarket Type1,0.099053539,16,212.6902008,4.400000095
Low Fat,NCG19,Household,2000,OUT013,Tier 3,High,Supermarket Type1,0.147810459,20.25,234.8616028,4.400000095
Low Fat,FDT21,Snack Foods,2000,OUT013,Tier 3,High,Supermarket Type1,0.020374876,7.420000076,248.009201,4.400000095
Low Fat,FDT57,Snack Foods,2000,OUT013,Tier 3,High,Supermarket Type1,0.019018942,15.19999981,238.7247925,4.400000095
Low Fat,FDP46,Snack Foods,2000,OUT013,Tier 3,High,Supermarket Type1,0.074553519,15.35000038,91.88300323,4.400000095
Low Fat,FDZ09,Snack Foods,2000,OUT013,Tier 3,High,Supermarket Type1,0.104791686,17.60000038,165.2868042,4.400000095
Low Fat,DRF13,Soft Drinks,2000,OUT013,Tier 3,High,Supermarket Type1,0,12.10000038,145.1443939,4.400000095
Low Fat,DRG36,Soft Drinks,2000,OUT013,Tier 3,High,Supermarket Type1,0.095298849,14.14999962,171.8105927,4.400000095
Regular,FDJ12,Baking Goods,2000,OUT013,Tier 3,High,Supermarket Type1,0.039008625,8.895000458,209.0296021,4.400000095
Regular,FDZ49,Canned,2000,OUT013,Tier 3,High,Supermarket Type1,0.13303481,11,222.0798035,4.400000095
Regular,FDW52,Frozen Foods,2000,OUT013,Tier 3,High,Supermarket Type1,0.037491314,14,164.252594,4.400000095
Regular,FDY16,Frozen Foods,2000,OUT013,Tier 3,High,Supermarket Type1,0.092150003,18.35000038,184.8265991,4.400000095
Regular,FDZ43,Fruits and Vegetables,2000,OUT013,Tier 3,High,Supermarket Type1,0.05701106,11,241.9512024,4.400000095
Regular,FDE33,Fruits and Vegetables,2000,OUT013,Tier 3,High,Supermarket Type1,0.049594298,19.35000038,77.06439972,4.400000095
Regular,FDU43,Fruits and Vegetables,2000,OUT013,Tier 3,High,Supermarket Type1,0,19.35000038,238.6564026,4.400000095
Regular,FDU51,Meat,2000,OUT013,Tier 3,High,Supermarket Type1,0.096433356,20.20000076,178.5028076,4.400000095
Regular,FDW21,Snack Foods,2000,OUT013,Tier 3,High,Supermarket Type1,0.005958918,5.340000153,101.6358032,4.400000095
Regular,FDI21,Snack Foods,2000,OUT013,Tier 3,High,Supermarket Type1,0.056555714,5.590000153,62.6167984,4.400000095
Regular,FDI58,Snack Foods,2000,OUT013,Tier 3,High,Supermarket Type1,0.070645638,7.639999866,91.21199799,4.400000095
Regular,FDJ21,Snack Foods,2000,OUT013,Tier 3,High,Supermarket Type1,0.038496166,16.70000076,147.5101929,4.400000095
Low Fat,NCJ29,Health and Hygiene,2000,OUT013,Tier 3,High,Supermarket Type1,0.035163637,10.60000038,84.42240143,4.400000095
Regular,FDW09,Snack Foods,2000,OUT013,Tier 3,High,Supermarket Type1,0.025899244,13.64999962,81.13020325,4.400000095
Low Fat,FDB45,Fruits and Vegetables,2022,OUT018,Tier 3,Medium,Supermarket Type2,0.021416681,20.85000038,104.6306,4.400000095
Low Fat,FDO37,Breakfast,2022,OUT018,Tier 3,Medium,Supermarket Type2,0,8.06000042,232.732605,4.400000095
Low Fat,FDO25,Canned,2022,OUT018,Tier 3,Medium,Supermarket Type2,0.127968207,6.300000191,209.6269989,4.400000095
Low Fat,FDY25,Canned,2022,OUT018,Tier 3,Medium,Supermarket Type2,0.034112833,12,180.1976013,4.400000095
Low Fat,FDX02,Dairy,2022,OUT018,Tier 3,Medium,Supermarket Type2,0.057292528,16,224.3403931,4.400000095
Low Fat,FDK16,Frozen Foods,2022,OUT018,Tier 3,Medium,Supermarket Type2,0.115799591,9.06499958,95.30940247,4.400000095
Low Fat,FDB08,Fruits and Vegetables,2022,OUT018,Tier 3,Medium,Supermarket Type2,0.031230059,6.054999828,160.3578033,4.400000095
Low Fat,FDS55,Fruits and Vegetables,2022,OUT018,Tier 3,Medium,Supermarket Type2,0,7.019999981,148.1734009,4.400000095
Low Fat,FDU55,Fruits and Vegetables,2022,OUT018,Tier 3,Medium,Supermarket Type2,0.036057562,16.20000076,260.3277893,4.400000095
Low Fat,NCH42,Household,2022,OUT018,Tier 3,Medium,Supermarket Type2,0.03668616,6.860000134,229.6009979,4.400000095
Low Fat,NCO02,Others,2022,OUT018,Tier 3,Medium,Supermarket Type2,0.073667027,11.14999962,66.21420288,4.400000095
Low Fat,FDK22,Snack Foods,2022,OUT018,Tier 3,Medium,Supermarket Type2,0.026192766,9.800000191,215.6849976,4.400000095
Low Fat,FDC58,Snack Foods,2022,OUT018,Tier 3,Medium,Supermarket Type2,0.042113174,10.19499969,42.5428009,4.400000095
Low Fat,FDP58,Snack Foods,2022,OUT018,Tier 3,Medium,Supermarket Type2,0.135692835,11.10000038,220.0482025,4.400000095
Regular,FDV48,Baking Goods,2022,OUT018,Tier 3,Medium,Supermarket Type2,0.051827122,9.194999695,77.46440125,4.400000095
Regular,FDK60,Baking Goods,2022,OUT018,Tier 3,Medium,Supermarket Type2,0.094246641,16.5,98.90679932,4.400000095
Regular,FDS59,Breads,2022,OUT018,Tier 3,Medium,Supermarket Type2,0.044072252,14.80000019,109.0569992,4.400000095
Regular,FDN25,Breakfast,2022,OUT018,Tier 3,Medium,Supermarket Type2,0.06142474,7.894999981,57.75880051,4.400000095
Regular,FDG38,Canned,2022,OUT018,Tier 3,Medium,Supermarket Type2,0,8.975000381,84.92240143,4.400000095
Regular,FDM02,Canned,2022,OUT018,Tier 3,Medium,Supermarket Type2,0.074035421,12.5,87.9197998,4.400000095
Regular,FDY28,Frozen Foods,2022,OUT018,Tier 3,Medium,Supermarket Type2,0.152770773,7.46999979,214.4217987,4.400000095
Regular,FDT16,Frozen Foods,2022,OUT018,Tier 3,Medium,Supermarket Type2,0.048860587,9.895000458,260.2278137,4.400000095
Regular,FDQ40,Frozen Foods,2022,OUT018,Tier 3,Medium,Supermarket Type2,0.036174286,11.10000038,176.0711975,4.400000095
Regular,FDU28,Frozen Foods,2022,OUT018,Tier 3,Medium,Supermarket Type2,0.094300933,19.20000076,187.5213928,4.400000095
Regular,FDC57,Fruits and Vegetables,2022,OUT018,Tier 3,Medium,Supermarket Type2,0.054816928,20.10000038,194.2819977,4.400000095
Regular,FDN46,Snack Foods,2022,OUT018,Tier 3,Medium,Supermarket Type2,0.145220652,7.210000038,103.1332016,4.400000095
Regular,FDT10,Snack Foods,2022,OUT018,Tier 3,Medium,Supermarket Type2,0.062297247,16.70000076,60.65620041,4.400000095
Low Fat,FDZ33,Snack Foods,2022,OUT018,Tier 3,Medium,Supermarket Type2,0.10783454,10.19499969,146.5075989,4.400000095
Low Fat,NCJ05,Health and Hygiene,1998,OUT027,Tier 3,Medium,Supermarket Type3,0.045865089,12.85764534,152.3681946,4.400000095
Low Fat,FDN01,Breakfast,1998,OUT027,Tier 3,Medium,Supermarket Type3,0.07204818,12.85764534,177.9369965,4.400000095
Low Fat,FDC02,Canned,1998,OUT027,Tier 3,Medium,Supermarket Type3,0.068489201,12.85764534,259.3277893,4.400000095
Low Fat,FDS01,Canned,1998,OUT027,Tier 3,Medium,Supermarket Type3,0.017659068,12.85764534,175.9685974,4.400000095
Low Fat,DRI39,Dairy,1998,OUT027,Tier 3,Medium,Supermarket Type3,0.096592069,12.85764534,54.89300156,4.400000095
Low Fat,FDB53,Frozen Foods,1998,OUT027,Tier 3,Medium,Supermarket Type3,0.138777107,12.85764534,147.5391998,4.400000095
Low Fat,FDI28,Frozen Foods,1998,OUT027,Tier 3,Medium,Supermarket Type3,0.026194237,12.85764534,79.03019714,4.400000095
Low Fat,FDL04,Frozen Foods,1998,OUT027,Tier 3,Medium,Supermarket Type3,0.111381426,12.85764534,106.7621994,4.400000095
Low Fat,DRJ59,Hard Drinks,1998,OUT027,Tier 3,Medium,Supermarket Type3,0,12.85764534,39.01639938,4.400000095
Low Fat,DRL35,Hard Drinks,1998,OUT027,Tier 3,Medium,Supermarket Type3,0.030554947,12.85764534,41.8769989,4.400000095
Low Fat,NCI29,Health and Hygiene,1998,OUT027,Tier 3,Medium,Supermarket Type3,0.032463573,12.85764534,139.9154053,4.400000095
Low Fat,NCK29,Health and Hygiene,1998,OUT027,Tier 3,Medium,Supermarket Type3,0,12.85764534,125.1729965,4.400000095
Low Fat,NCM05,Health and Hygiene,1998,OUT027,Tier 3,Medium,Supermarket Type3,0.059557162,12.85764534,263.7225952,4.400000095
Low Fat,NCO29,Health and Hygiene,1998,OUT027,Tier 3,Medium,Supermarket Type3,0.032099988,12.85764534,164.1526031,4.400000095
Low Fat,NCP17,Health and Hygiene,1998,OUT027,Tier 3,Medium,Supermarket Type3,0.027580163,12.85764534,62.21680069,4.400000095
Low Fat,NCE42,Household,1998,OUT027,Tier 3,Medium,Supermarket Type3,0.01055095,12.85764534,234.9958038,4.400000095
Low Fat,NCI42,Household,1998,OUT027,Tier 3,Medium,Supermarket Type3,0.01031535,12.85764534,208.4954071,4.400000095
Low Fat,NCQ54,Household,1998,OUT027,Tier 3,Medium,Supermarket Type3,0.012481638,12.85764534,168.3473969,4.400000095
Low Fat,FDV45,Snack Foods,1998,OUT027,Tier 3,Medium,Supermarket Type3,0.044829294,12.85764534,187.4555969,4.400000095
Regular,FDO49,Breakfast,1998,OUT027,Tier 3,Medium,Supermarket Type3,0.032892112,12.85764534,49.30080032,4.400000095
Regular,FDB02,Canned,1998,OUT027,Tier 3,Medium,Supermarket Type3,0.029023048,12.85764534,177.8370056,4.400000095
Regular,FDE51,Dairy,1998,OUT027,Tier 3,Medium,Supermarket Type3,0.09600018,12.85764534,43.70859909,4.400000095
Regular,FDR19,Fruits and Vegetables,1998,OUT027,Tier 3,Medium,Supermarket Type3,0.158947214,12.85764534,145.5101929,4.400000095
Regular,FDR31,Fruits and Vegetables,1998,OUT027,Tier 3,Medium,Supermarket Type3,0.048924811,12.85764534,147.410202,4.400000095
Regular,FDT07,Fruits and Vegetables,1998,OUT027,Tier 3,Medium,Supermarket Type3,0.076944657,12.85764534,257.1329956,4.400000095
Regular,FDI07,Meat,1998,OUT027,Tier 3,Medium,Supermarket Type3,0.033597372,12.85764534,197.2425995,4.400000095
Regular,FDU28,Frozen Foods,2020,OUT017,Tier 2,Small,Supermarket Type1,0.094449587,19.20000076,187.8213959,4.300000191
Low Fat,DRI11,Hard Drinks,1998,OUT027,Tier 3,Medium,Supermarket Type3,0.034237683,12.85764534,113.2834015,4.300000191
Regular,FDE51,Dairy,2011,OUT010,Tier 3,Small,Grocery Store,0.161466539,5.925000191,45.50859833,4.300000191
Low Fat,FDU02,Dairy,2010,OUT046,Tier 1,Small,Supermarket Type1,0.102511503,13.35000038,230.6351929,4.300000191
Low Fat,FDA46,Snack Foods,2012,OUT049,Tier 1,Medium,Supermarket Type1,0.117818348,13.60000038,192.9136047,4.300000191
Low Fat,FDF09,Fruits and Vegetables,1998,OUT027,Tier 3,Medium,Supermarket Type3,0.012090074,12.85764534,38.28480148,4.300000191
Regular,FDL12,Baking Goods,2000,OUT013,Tier 3,High,Supermarket Type1,0.121531501,15.85000038,59.22200012,4.300000191
Low Fat,FDQ10,Snack Foods,2012,OUT049,Tier 1,Medium,Supermarket Type1,0.033230815,12.85000038,172.3421936,4.300000191
Regular,FDZ16,Frozen Foods,2020,OUT017,Tier 2,Small,Supermarket Type1,0.16076006,16.85000038,192.4477997,4.300000191
Low Fat,FDY25,Canned,1998,OUT027,Tier 3,Medium,Supermarket Type3,0.033809911,12.85764534,180.5975952,4.300000191
Regular,FDR28,Frozen Foods,2022,OUT018,Tier 3,Medium,Supermarket Type2,0.026001977,13.85000038,161.5209961,4.300000191
Low Fat,FDX20,Fruits and Vegetables,2010,OUT046,Tier 1,Small,Supermarket Type1,0.042560253,7.364999771,226.1719971,4.300000191
Low Fat,DRF49,Soft Drinks,2010,OUT046,Tier 1,Small,Supermarket Type1,0.071077935,7.269999981,114.2518005,4.300000191
Regular,DRL01,Soft Drinks,2020,OUT017,Tier 2,Small,Supermarket Type1,0.077608839,19.5,233.4958038,4.300000191
Regular,FDB35,Starchy Foods,2015,OUT045,Tier 2,Small,Supermarket Type1,0.064750023,12.30000019,92.68039703,4.300000191
Low Fat,NCN55,Others,2012,OUT049,Tier 1,Medium,Supermarket Type1,0.059582997,14.60000038,238.8538055,4.300000191
Low Fat,FDG52,Frozen Foods,2012,OUT049,Tier 1,Medium,Supermarket Type1,0.065732881,13.64999962,45.74020004,4.300000191
Regular,FDR44,Fruits and Vegetables,2011,OUT010,Tier 3,Small,Grocery Store,0,6.110000134,131.2967987,4.300000191
Low Fat,FDX15,Meat,2000,OUT013,Tier 3,High,Supermarket Type1,0.156168789,17.20000076,160.6578064,4.300000191
Low Fat,DRJ13,Soft Drinks,2000,OUT013,Tier 3,High,Supermarket Type1,0.062837966,12.64999962,161.5578003,4.300000191
Low Fat,FDF14,Canned,2017,OUT035,Tier 2,Small,Supermarket Type1,0.027164679,7.550000191,152.3339996,4.300000191
Regular,FDU44,Fruits and Vegetables,2017,OUT035,Tier 2,Small,Supermarket Type1,0.058414679,12.14999962,163.4552002,4.300000191
Regular,FDT39,Meat,2017,OUT035,Tier 2,Small,Supermarket Type1,0.009866049,6.260000229,151.1365967,4.300000191
Low Fat,FDE08,Fruits and Vegetables,2011,OUT010,Tier 3,Small,Grocery Store,0.08255104,18.20000076,147.3733978,4.300000191
Regular,FDV60,Baking Goods,1998,OUT027,Tier 3,Medium,Supermarket Type3,0.116792917,12.85764534,196.2109985,4.300000191
Low Fat,NCQ54,Household,2017,OUT035,Tier 2,Small,Supermarket Type1,0.012540003,17.70000076,167.0473938,4.300000191
Low Fat,FDX19,Fruits and Vegetables,2017,OUT035,Tier 2,Small,Supermarket Type1,0.096715525,19.10000038,235.0957947,4.300000191
Regular,FDS33,Snack Foods,2010,OUT046,Tier 1,Small,Supermarket Type1,0.123428591,6.670000076,89.15139771,4.300000191
Low Fat,DRQ35,Hard Drinks,1998,OUT027,Tier 3,Medium,Supermarket Type3,0.042086653,12.85764534,122.438797,4.300000191
Low Fat,DRI37,Soft Drinks,2012,OUT049,Tier 1,Medium,Supermarket Type1,0.107765168,15.85000038,59.5904007,4.300000191
Regular,FDU09,Snack Foods,2012,OUT049,Tier 1,Medium,Supermarket Type1,0.066700682,7.710000038,55.29560089,4.300000191
Regular,FDH26,Canned,2010,OUT046,Tier 1,Small,Supermarket Type1,0.034699738,19.25,141.7496033,4.300000191
Regular,FDL51,Dairy,2022,OUT018,Tier 3,Medium,Supermarket Type2,0.04768483,20.70000076,212.5876007,4.300000191
Low Fat,NCA54,Household,2015,OUT045,Tier 2,Small,Supermarket Type1,0.036715906,16.5,180.0317993,4.300000191
Low Fat,FDB34,Snack Foods,2017,OUT035,Tier 2,Small,Supermarket Type1,0.026604781,15.25,86.21980286,4.300000191
Low Fat,FDT57,Snack Foods,2011,OUT010,Tier 3,Small,Grocery Store,0.031860325,15.19999981,235.1248016,4.300000191
Low Fat,NCE19,Household,2015,OUT045,Tier 2,Small,Supermarket Type1,0.093203254,8.970000267,52.79560089,4.300000191
Low Fat,FDZ38,Dairy,2022,OUT018,Tier 3,Medium,Supermarket Type2,0.008033611,17.60000038,174.2422028,4.300000191
Regular,FDF10,Snack Foods,2012,OUT049,Tier 1,Medium,Supermarket Type1,0.157172367,15.5,149.1417999,4.300000191
Low Fat,NCO54,Household,1998,OUT027,Tier 3,Medium,Supermarket Type3,0.014205168,12.85764534,56.76139832,4.300000191
Low Fat,FDO28,Frozen Foods,2017,OUT035,Tier 2,Small,Supermarket Type1,0.072284691,5.764999866,119.9097977,4.300000191
Low Fat,FDU25,Canned,2010,OUT046,Tier 1,Small,Supermarket Type1,0.026681261,12.35000038,56.42459869,4.300000191
Regular,FDA40,Frozen Foods,2017,OUT035,Tier 2,Small,Supermarket Type1,0.09925244,16,87.48560333,4.300000191
Low Fat,FDQ37,Breakfast,2011,OUT010,Tier 3,Medium,Grocery Store,0.149404064,20.75,192.8477936,4.300000191
Low Fat,NCX42,Household,2015,OUT045,Tier 2,Medium,Supermarket Type1,0.00599072,6.360000134,163.6526031,4.300000191
Low Fat,NCD19,Household,2011,OUT010,Tier 3,Medium,Grocery Store,0.022059593,8.930000305,56.06140137,4.300000191
Low Fat,DRG01,Soft Drinks,2017,OUT035,Tier 2,Small,Supermarket Type1,0.044869795,14.80000019,76.46700287,4.300000191
Low Fat,DRH13,Soft Drinks,2022,OUT018,Tier 3,Medium,Supermarket Type2,0.023983259,8.574999809,106.3280029,4.300000191
Regular,FDO22,Snack Foods,2020,OUT017,Tier 2,Medium,Supermarket Type1,0.017960493,13.5,81.59600067,4.300000191
Low Fat,DRE25,Soft Drinks,2017,OUT035,Tier 2,Small,Supermarket Type1,0.073269337,15.35000038,92.11199951,4.300000191
Low Fat,NCF42,Household,2010,OUT046,Tier 1,Small,Supermarket Type1,0.16738306,17.35000038,175.6712036,4.300000191
Regular,FDZ01,Canned,2011,OUT010,Tier 3,Medium,Grocery Store,0.01516265,8.975000381,101.8990021,4.300000191
Low Fat,FDY51,Meat,2022,OUT018,Tier 3,Medium,Supermarket Type2,0.081465334,12.5,220.7798004,4.300000191
Low Fat,FDA34,Starchy Foods,1998,OUT027,Tier 3,Medium,Supermarket Type3,0.014788594,12.85764534,174.4080048,4.300000191
Regular,FDS19,Fruits and Vegetables,2000,OUT013,Tier 3,High,Supermarket Type1,0.064153843,13.80000019,76.90119934,4.300000191
Regular,FDG20,Fruits and Vegetables,2011,OUT010,Tier 3,Medium,Grocery Store,0.210375801,15.5,178.2028046,4.300000191
Regular,FDR24,Baking Goods,2015,OUT045,Tier 2,Medium,Supermarket Type1,0.062979147,17.35000038,87.98300171,4.300000191
Low Fat,NCI43,Household,2017,OUT035,Tier 2,Small,Supermarket Type1,0.025963794,19.85000038,46.33760071,4.300000191
Regular,FDG21,Seafood,2022,OUT018,Tier 3,Medium,Supermarket Type2,0.146895871,17.35000038,149.6049957,4.300000191
Regular,FDF40,Dairy,2020,OUT017,Tier 2,Medium,Supermarket Type1,0.02263947,20.25,248.4091949,4.300000191
Low Fat,FDS03,Meat,1998,OUT019,Tier 1,Small,Grocery Store,0.139419422,12.85764534,66.08260345,4.300000191
Regular,FDA01,Canned,2017,OUT035,Tier 2,Small,Supermarket Type1,0.054367971,15,58.5904007,4.300000191
Low Fat,DRC12,Soft Drinks,2020,OUT017,Tier 2,Medium,Supermarket Type1,0.038040835,17.85000038,189.1188049,4.300000191
Regular,FDY35,Breads,2015,OUT045,Tier 2,Medium,Supermarket Type1,0.016060187,17.60000038,47.24020004,4.300000191
Regular,FDH20,Fruits and Vegetables,2000,OUT013,Tier 3,High,Supermarket Type1,0.024928352,16.10000038,95.14099884,4.300000191
Low Fat,FDR58,Snack Foods,1998,OUT027,Tier 3,Medium,Supermarket Type3,0.041718457,12.85764534,94.54620361,4.300000191
Regular,FDI41,Frozen Foods,1998,OUT019,Tier 1,Small,Grocery Store,0.109003834,12.85764534,145.241806,4.300000191
Low Fat,FDA15,Dairy,2015,OUT045,Tier 2,Medium,Supermarket Type1,0.016054884,9.300000191,250.209198,4.300000191
Low Fat,DRD60,Soft Drinks,1998,OUT019,Tier 1,Small,Grocery Store,0.065188617,12.85764534,181.1634064,4.300000191
Regular,FDS31,Fruits and Vegetables,2012,OUT049,Tier 1,Medium,Supermarket Type1,0,13.10000038,178.9317932,4.300000191
Low Fat,FDS49,Canned,2020,OUT017,Tier 2,Medium,Supermarket Type1,0.079794332,9,80.16439819,4.300000191
Low Fat,FDJ45,Seafood,1998,OUT027,Tier 3,Medium,Supermarket Type3,0.073055148,12.85764534,33.72159958,4.300000191
Regular,FDZ35,Breads,2010,OUT046,Tier 1,Small,Supermarket Type1,0.022278477,9.600000381,102.4990005,4.300000191
Low Fat,DRM48,Soft Drinks,2015,OUT045,Tier 2,Medium,Supermarket Type1,0.11312563,15.19999981,38.68479919,4.300000191
Low Fat,NCA05,Health and Hygiene,2020,OUT017,Tier 2,Medium,Supermarket Type1,0.025272781,20.75,146.6734009,4.300000191
Regular,FDC09,Fruits and Vegetables,2022,OUT018,Tier 3,Medium,Supermarket Type2,0.026409147,15.5,102.1332016,4.300000191
Low Fat,FDQ24,Baking Goods,1998,OUT019,Tier 1,Small,Grocery Store,0.128980875,12.85764534,250.4723969,4.300000191
Low Fat,FDQ21,Snack Foods,2022,OUT018,Tier 3,Medium,Supermarket Type2,0.019502355,21.25,120.8756027,4.300000191
Low Fat,NCK54,Household,1998,OUT027,Tier 3,Medium,Supermarket Type3,0.029380407,12.85764534,114.7149963,4.300000191
Low Fat,FDK28,Frozen Foods,2020,OUT017,Tier 2,Medium,Supermarket Type1,0.065960906,5.695000172,259.2645874,4.300000191
Low Fat,FDJ56,Fruits and Vegetables,2012,OUT049,Tier 1,Medium,Supermarket Type1,0.183688164,8.984999657,100.2699966,4.300000191
Low Fat,FDU36,Baking Goods,2012,OUT049,Tier 1,Medium,Supermarket Type1,0.046342891,6.150000095,97.33840179,4.300000191
Low Fat,FDR23,Breads,2012,OUT049,Tier 1,Medium,Supermarket Type1,0.081914678,15.85000038,177.6369934,4.300000191
Low Fat,FDN13,Breakfast,2012,OUT049,Tier 1,Medium,Supermarket Type1,0.152294695,18.60000038,98.93579865,4.300000191
Low Fat,FDK02,Canned,2012,OUT049,Tier 1,Medium,Supermarket Type1,0.112399146,12.5,120.4440002,4.300000191
Low Fat,FDD02,Canned,2012,OUT049,Tier 1,Medium,Supermarket Type1,0.050369192,16.60000038,117.2124023,4.300000191
Low Fat,DRD15,Dairy,2012,OUT049,Tier 1,Medium,Supermarket Type1,0.056884225,10.60000038,231.9642029,4.300000191
Low Fat,FDE29,Frozen Foods,2012,OUT049,Tier 1,Medium,Supermarket Type1,0.143351659,8.904999733,62.08779907,4.300000191
Low Fat,FDD28,Frozen Foods,2012,OUT049,Tier 1,Medium,Supermarket Type1,0.053379729,10.69499969,56.79040146,4.300000191
Low Fat,FDD29,Frozen Foods,2012,OUT049,Tier 1,Medium,Supermarket Type1,0.018439138,12.14999962,254.7698059,4.300000191
Low Fat,FDE09,Fruits and Vegetables,2012,OUT049,Tier 1,Medium,Supermarket Type1,0,8.774999619,111.3227997,4.300000191
Low Fat,FDI45,Fruits and Vegetables,2012,OUT049,Tier 1,Medium,Supermarket Type1,0.037639674,13.10000038,175.6053925,4.300000191
Low Fat,FDA32,Fruits and Vegetables,2012,OUT049,Tier 1,Medium,Supermarket Type1,0.030140981,14,216.0191956,4.300000191
Low Fat,FDZ20,Fruits and Vegetables,2012,OUT049,Tier 1,Medium,Supermarket Type1,0.034360301,16.10000038,253.4355927,4.300000191
Low Fat,FDT43,Fruits and Vegetables,2012,OUT049,Tier 1,Medium,Supermarket Type1,0.020579897,16.35000038,52.13240051,4.300000191
Low Fat,FDT44,Fruits and Vegetables,2012,OUT049,Tier 1,Medium,Supermarket Type1,0.103146657,16.60000038,117.2465973,4.300000191
Low Fat,FDN32,Fruits and Vegetables,2012,OUT049,Tier 1,Medium,Supermarket Type1,0.01558456,17.5,185.1266022,4.300000191
Low Fat,FDR08,Fruits and Vegetables,2012,OUT049,Tier 1,Medium,Supermarket Type1,0.037681449,18.70000076,111.0886002,4.300000191
Low Fat,DRN35,Hard Drinks,2012,OUT049,Tier 1,Medium,Supermarket Type1,0.070356809,8.010000229,36.85319901,4.300000191
Low Fat,DRH23,Hard Drinks,2012,OUT049,Tier 1,Medium,Supermarket Type1,0,14.64999962,54.96139908,4.300000191
Low Fat,NCK17,Health and Hygiene,2012,OUT049,Tier 1,Medium,Supermarket Type1,0.03795376,11,38.44800186,4.300000191
Low Fat,NCS05,Health and Hygiene,2012,OUT049,Tier 1,Medium,Supermarket Type1,0.021010688,11.5,131.3941956,4.300000191
Low Fat,NCK53,Health and Hygiene,2012,OUT049,Tier 1,Medium,Supermarket Type1,0.037639674,11.60000038,98.40419769,4.300000191
Low Fat,NCR41,Health and Hygiene,2012,OUT049,Tier 1,Medium,Supermarket Type1,0.018052019,17.85000038,96.60939789,4.300000191
Low Fat,NCS17,Health and Hygiene,2012,OUT049,Tier 1,Medium,Supermarket Type1,0.080626599,18.60000038,92.54360199,4.300000191
Low Fat,NCV17,Health and Hygiene,2012,OUT049,Tier 1,Medium,Supermarket Type1,0.016132591,18.85000038,130.2626038,4.300000191
Low Fat,NCL05,Health and Hygiene,2012,OUT049,Tier 1,Medium,Supermarket Type1,0,19.60000038,42.8769989,4.300000191
Low Fat,NCZ30,Household,2012,OUT049,Tier 1,Medium,Supermarket Type1,0.026225694,6.590000153,119.0098038,4.300000191
Low Fat,NCE31,Household,2012,OUT049,Tier 1,Medium,Supermarket Type1,0.185130954,7.670000076,32.92160034,4.300000191
Low Fat,NCY54,Household,2012,OUT049,Tier 1,Medium,Supermarket Type1,0.17797111,8.430000305,174.0422058,4.300000191
Low Fat,NCE19,Household,2012,OUT049,Tier 1,Medium,Supermarket Type1,0.093159236,8.970000267,55.79560089,4.300000191
Low Fat,NCO54,Household,2012,OUT049,Tier 1,Medium,Supermarket Type1,0.014296484,19.5,53.76139832,4.300000191
Low Fat,NCA06,Household,2012,OUT049,Tier 1,Medium,Supermarket Type1,0.143506378,20.5,34.71900177,4.300000191
Low Fat,NCL19,Others,2012,OUT049,Tier 1,Medium,Supermarket Type1,0.015700603,15.35000038,141.1470032,4.300000191
Low Fat,NCM55,Others,2012,OUT049,Tier 1,Medium,Supermarket Type1,0.066829875,15.60000038,185.5924072,4.300000191
Low Fat,NCI31,Others,2012,OUT049,Tier 1,Medium,Supermarket Type1,0.081453599,20,36.81900024,4.300000191
Low Fat,FDX34,Snack Foods,2012,OUT049,Tier 1,Medium,Supermarket Type1,0.07209745,6.195000172,119.3097992,4.300000191
Low Fat,FDM46,Snack Foods,2012,OUT049,Tier 1,Medium,Supermarket Type1,0.160216555,7.364999771,93.51200104,4.300000191
Low Fat,FDD34,Snack Foods,2012,OUT049,Tier 1,Medium,Supermarket Type1,0.015900971,7.945000172,163.8209991,4.300000191
Low Fat,FDL34,Snack Foods,2012,OUT049,Tier 1,Medium,Supermarket Type1,0.041009557,16,141.2496033,4.300000191
Low Fat,FDM10,Snack Foods,2012,OUT049,Tier 1,Medium,Supermarket Type1,0.07608971,18.25,212.9217987,4.300000191
Low Fat,FDO58,Snack Foods,2012,OUT049,Tier 1,Medium,Supermarket Type1,0.039638706,19.60000038,166.052597,4.300000191
Low Fat,DRD37,Soft Drinks,2012,OUT049,Tier 1,Medium,Supermarket Type1,0.013863257,9.800000191,45.10599899,4.300000191
Low Fat,DRL49,Soft Drinks,2012,OUT049,Tier 1,Medium,Supermarket Type1,0.056516755,13.14999962,143.4812012,4.300000191
Low Fat,DRM48,Soft Drinks,2012,OUT049,Tier 1,Medium,Supermarket Type1,0.113072194,15.19999981,35.88479996,4.300000191
Regular,FDU24,Baking Goods,2012,OUT049,Tier 1,Medium,Supermarket Type1,0,6.78000021,95.01200104,4.300000191
Regular,FDV48,Baking Goods,2012,OUT049,Tier 1,Medium,Supermarket Type1,0.051697109,9.194999695,79.26439667,4.300000191
Regular,FDI12,Baking Goods,2012,OUT049,Tier 1,Medium,Supermarket Type1,0.100555032,9.395000458,88.88559723,4.300000191
Regular,FDI48,Baking Goods,2012,OUT049,Tier 1,Medium,Supermarket Type1,0.055805027,11.85000038,53.0666008,4.300000191
Regular,FDK25,Breakfast,2012,OUT049,Tier 1,Medium,Supermarket Type1,0.157075658,11.60000038,166.6473999,4.300000191
Regular,FDK26,Canned,2012,OUT049,Tier 1,Medium,Supermarket Type1,0.03222743,5.460000038,186.8240051,4.300000191
Regular,FDZ49,Canned,2012,OUT049,Tier 1,Medium,Supermarket Type1,0.133352622,11,219.7798004,4.300000191
Regular,FDE14,Canned,2012,OUT049,Tier 1,Medium,Supermarket Type1,0.03149404,13.64999962,98.87000275,4.300000191
Regular,FDT50,Dairy,2012,OUT049,Tier 1,Medium,Supermarket Type1,0,6.75,96.77519989,4.300000191
Regular,FDZ26,Dairy,2012,OUT049,Tier 1,Medium,Supermarket Type1,0.144241318,11.60000038,239.4221954,4.300000191
Regular,FDP40,Frozen Foods,2012,OUT049,Tier 1,Medium,Supermarket Type1,0.034410585,4.554999828,111.3544006,4.300000191
Regular,FDD41,Frozen Foods,2012,OUT049,Tier 1,Medium,Supermarket Type1,0.087395772,6.764999866,105.3305969,4.300000191
Regular,FDV16,Frozen Foods,2012,OUT049,Tier 1,Medium,Supermarket Type1,0.083059631,7.75,35.75579834,4.300000191
Regular,FDG41,Frozen Foods,2012,OUT049,Tier 1,Medium,Supermarket Type1,0.076681145,8.840000153,110.7228012,4.300000191
Regular,FDM04,Frozen Foods,2012,OUT049,Tier 1,Medium,Supermarket Type1,0.04719387,9.194999695,52.86660004,4.300000191
Regular,FDR31,Fruits and Vegetables,2012,OUT049,Tier 1,Medium,Supermarket Type1,0.049239319,6.460000038,144.410202,4.300000191
Regular,FDD44,Fruits and Vegetables,2012,OUT049,Tier 1,Medium,Supermarket Type1,0.078522354,8.050000191,257.1646118,4.300000191
Regular,FDV44,Fruits and Vegetables,2012,OUT049,Tier 1,Medium,Supermarket Type1,0.039906379,8.364999771,191.3188019,4.300000191
Regular,FDM08,Fruits and Vegetables,2012,OUT049,Tier 1,Medium,Supermarket Type1,0.053667516,10.10000038,223.0088043,4.300000191
Regular,FDW19,Fruits and Vegetables,2012,OUT049,Tier 1,Medium,Supermarket Type1,0.038560279,12.35000038,109.8570023,4.300000191
Regular,FDF57,Fruits and Vegetables,2012,OUT049,Tier 1,Medium,Supermarket Type1,0.058918845,14.5,169.7447968,4.300000191
Regular,FDQ07,Fruits and Vegetables,2012,OUT049,Tier 1,Medium,Supermarket Type1,0.087542757,15.10000038,219.8455963,4.300000191
Regular,FDZ31,Fruits and Vegetables,2012,OUT049,Tier 1,Medium,Supermarket Type1,0,15.35000038,193.0503998,4.300000191
Regular,FDZ51,Meat,2012,OUT049,Tier 1,Medium,Supermarket Type1,0.054637633,11.30000019,93.30940247,4.300000191
Regular,FDM27,Meat,2012,OUT049,Tier 1,Medium,Supermarket Type1,0.158715725,12.35000038,157.2946014,4.300000191
Regular,FDQ03,Meat,2012,OUT049,Tier 1,Medium,Supermarket Type1,0,15,235.6248016,4.300000191
Regular,DRY23,Soft Drinks,2012,OUT049,Tier 1,Medium,Supermarket Type1,0.109265991,9.395000458,42.31119919,4.300000191
Low Fat,FDD57,Fruits and Vegetables,2012,OUT049,Tier 1,Medium,Supermarket Type1,0.022434417,18.10000038,96.20939636,4.300000191
Low Fat,FDD14,Canned,1998,OUT019,Tier 1,Small,Grocery Store,0.297312677,12.85764534,185.4266052,4.300000191
Low Fat,FDO36,Baking Goods,1998,OUT019,Tier 1,Small,Grocery Store,0.136417076,12.85764534,179.7660065,4.300000191
Low Fat,FDU36,Baking Goods,1998,OUT019,Tier 1,Small,Grocery Store,0.081014462,12.85764534,98.83840179,4.300000191
Low Fat,FDZ60,Baking Goods,1998,OUT019,Tier 1,Small,Grocery Store,0.208987117,12.85764534,106.0596008,4.300000191
Low Fat,FDS23,Breads,1998,OUT019,Tier 1,Small,Grocery Store,0.24667865,12.85764534,129.7993927,4.300000191
Low Fat,DRI03,Dairy,1998,OUT019,Tier 1,Small,Grocery Store,0.039751235,12.85764534,176.9028015,4.300000191
Low Fat,FDP26,Dairy,1998,OUT019,Tier 1,Small,Grocery Store,0.244338989,12.85764534,105.930603,4.300000191
Low Fat,FDC28,Frozen Foods,1998,OUT019,Tier 1,Small,Grocery Store,0,12.85764534,109.9253998,4.300000191
Low Fat,FDG16,Frozen Foods,1998,OUT019,Tier 1,Small,Grocery Store,0.157257631,12.85764534,215.0191956,4.300000191
Low Fat,FDB33,Fruits and Vegetables,1998,OUT019,Tier 1,Small,Grocery Store,0.025527993,12.85764534,157.5261993,4.300000191
Low Fat,FDI20,Fruits and Vegetables,1998,OUT019,Tier 1,Small,Grocery Store,0.067520164,12.85764534,211.3585968,4.300000191
Low Fat,FDR07,Fruits and Vegetables,1998,OUT019,Tier 1,Small,Grocery Store,0.136119545,12.85764534,94.10939789,4.300000191
Low Fat,NCK17,Health and Hygiene,1998,OUT019,Tier 1,Small,Grocery Store,0,12.85764534,40.34799957,4.300000191
Low Fat,NCL05,Health and Hygiene,1998,OUT019,Tier 1,Small,Grocery Store,0.083862625,12.85764534,44.07699966,4.300000191
Low Fat,NCQ29,Health and Hygiene,1998,OUT019,Tier 1,Small,Grocery Store,0.182493508,12.85764534,258.8277893,4.300000191
Low Fat,NCX29,Health and Hygiene,1998,OUT019,Tier 1,Small,Grocery Store,0.156094566,12.85764534,144.3101959,4.300000191
Low Fat,NCB30,Household,1998,OUT019,Tier 1,Small,Grocery Store,0.045002624,12.85764534,196.5084076,4.300000191
Low Fat,NCE54,Household,1998,OUT019,Tier 1,Small,Grocery Store,0.047098175,12.85764534,75.53540039,4.300000191
Low Fat,NCU06,Household,1998,OUT019,Tier 1,Small,Grocery Store,0.130277157,12.85764534,228.0010071,4.300000191
Low Fat,FDL15,Meat,1998,OUT019,Tier 1,Small,Grocery Store,0.081651442,12.85764534,152.5682068,4.300000191
Low Fat,NCM07,Others,1998,OUT019,Tier 1,Small,Grocery Store,0.069968015,12.85764534,83.99079895,4.300000191
Low Fat,NCP43,Others,1998,OUT019,Tier 1,Small,Grocery Store,0.053413905,12.85764534,181.7660065,4.300000191
Low Fat,FDP34,Snack Foods,1998,OUT019,Tier 1,Small,Grocery Store,0.240268245,12.85764534,156.4629974,4.300000191
Low Fat,DRF01,Soft Drinks,1998,OUT019,Tier 1,Small,Grocery Store,0.306542844,12.85764534,147.3101959,4.300000191
Low Fat,DRL60,Soft Drinks,1998,OUT019,Tier 1,Small,Grocery Store,0.047377449,12.85764534,150.6681976,4.300000191
Regular,FDU24,Baking Goods,1998,OUT019,Tier 1,Small,Grocery Store,0.245407388,12.85764534,92.81199646,4.300000191
Regular,FDN25,Breakfast,1998,OUT019,Tier 1,Small,Grocery Store,0.107110463,12.85764534,55.55879974,4.300000191
Regular,FDW38,Dairy,1998,OUT019,Tier 1,Small,Grocery Store,0,12.85764534,55.92979813,4.300000191
Regular,FDX04,Frozen Foods,1998,OUT019,Tier 1,Small,Grocery Store,0.072786428,12.85764534,49.43759918,4.300000191
Regular,FDA08,Fruits and Vegetables,1998,OUT019,Tier 1,Small,Grocery Store,0.087692633,12.85764534,162.552597,4.300000191
Regular,FDE33,Fruits and Vegetables,1998,OUT019,Tier 1,Small,Grocery Store,0.086905539,12.85764534,78.86440277,4.300000191
Regular,FDG08,Fruits and Vegetables,1998,OUT019,Tier 1,Small,Grocery Store,0.289522827,12.85764534,172.0764008,4.300000191
Regular,FDQ32,Fruits and Vegetables,1998,OUT019,Tier 1,Small,Grocery Store,0.081605464,12.85764534,122.3387985,4.300000191
Regular,FDX56,Fruits and Vegetables,1998,OUT019,Tier 1,Small,Grocery Store,0.129668579,12.85764534,206.8638,4.300000191
Regular,FDX03,Meat,1998,OUT019,Tier 1,Small,Grocery Store,0.106971167,12.85764534,44.7743988,4.300000191
Regular,FDK58,Snack Foods,1998,OUT019,Tier 1,Small,Grocery Store,0.07875865,12.85764534,103.0016022,4.300000191
Regular,FDL09,Snack Foods,1998,OUT019,Tier 1,Small,Grocery Store,0.224174634,12.85764534,168.8816071,4.300000191
Regular,FDM22,Snack Foods,1998,OUT019,Tier 1,Small,Grocery Store,0.073462635,12.85764534,52.36399841,4.300000191
Regular,FDV10,Snack Foods,1998,OUT019,Tier 1,Small,Grocery Store,0.116793685,12.85764534,41.01119995,4.300000191
Low Fat,NCJ54,Household,2010,OUT046,Tier 1,Small,Supermarket Type1,0.060067113,9.895000458,230.6641998,4.300000191
Low Fat,NCY30,Household,2010,OUT046,Tier 1,Small,Supermarket Type1,0.025953257,20.25,179.5975952,4.300000191
Low Fat,FDW24,Baking Goods,2010,OUT046,Tier 1,Small,Supermarket Type1,0.037497051,6.800000191,49.90340042,4.300000191
Low Fat,FDT36,Baking Goods,2010,OUT046,Tier 1,Small,Supermarket Type1,0.111274593,12.30000019,35.08739853,4.300000191
Low Fat,FDS60,Baking Goods,2010,OUT046,Tier 1,Small,Supermarket Type1,0.032448523,20.85000038,177.8659973,4.300000191
Low Fat,FDU23,Breads,2010,OUT046,Tier 1,Small,Supermarket Type1,0,12.14999962,164.718399,4.300000191
Low Fat,FDW47,Breads,2010,OUT046,Tier 1,Small,Supermarket Type1,0.046375226,15,122.8414001,4.300000191
Low Fat,FDV49,Canned,2010,OUT046,Tier 1,Small,Supermarket Type1,0.025827199,10,263.2225952,4.300000191
Low Fat,DRI03,Dairy,2010,OUT046,Tier 1,Small,Supermarket Type1,0.022703692,6.03000021,177.9028015,4.300000191
Low Fat,FDU38,Dairy,2010,OUT046,Tier 1,Small,Supermarket Type1,0.082549892,10.80000019,193.7503967,4.300000191
Low Fat,FDR02,Dairy,2010,OUT046,Tier 1,Small,Supermarket Type1,0.022065677,16.70000076,110.5886002,4.300000191
Low Fat,FDU14,Dairy,2010,OUT046,Tier 1,Small,Supermarket Type1,0.034752648,17.75,248.7749939,4.300000191
Low Fat,FDK28,Frozen Foods,2010,OUT046,Tier 1,Small,Supermarket Type1,0.065589905,5.695000172,258.2645874,4.300000191
Low Fat,FDR04,Frozen Foods,2010,OUT046,Tier 1,Small,Supermarket Type1,0.022566974,7.074999809,97.30680084,4.300000191
Low Fat,FDL08,Fruits and Vegetables,2010,OUT046,Tier 1,Small,Supermarket Type1,0.049719024,10.80000019,246.7144012,4.300000191
Low Fat,FDG57,Fruits and Vegetables,2010,OUT046,Tier 1,Small,Supermarket Type1,0.072298363,14.69999981,48.20339966,4.300000191
Low Fat,FDF32,Fruits and Vegetables,2010,OUT046,Tier 1,Small,Supermarket Type1,0,16.35000038,198.5426025,4.300000191
Low Fat,FDL20,Fruits and Vegetables,2010,OUT046,Tier 1,Small,Supermarket Type1,0,17.10000038,111.9886017,4.300000191
Low Fat,DRK35,Hard Drinks,2010,OUT046,Tier 1,Small,Supermarket Type1,0.071846493,8.364999771,37.95059967,4.300000191
Low Fat,DRP35,Hard Drinks,2010,OUT046,Tier 1,Small,Supermarket Type1,0.090867296,18.85000038,127.3336029,4.300000191
Low Fat,NCN05,Health and Hygiene,2010,OUT046,Tier 1,Small,Supermarket Type1,0.014459672,8.234999657,181.8950043,4.300000191
Low Fat,NCK53,Health and Hygiene,2010,OUT046,Tier 1,Small,Supermarket Type1,0.037581243,11.60000038,98.90419769,4.300000191
Low Fat,NCO41,Health and Hygiene,2010,OUT046,Tier 1,Small,Supermarket Type1,0.018848862,12.5,96.73840332,4.300000191
Low Fat,NCR41,Health and Hygiene,2010,OUT046,Tier 1,Small,Supermarket Type1,0.018023998,17.85000038,95.90940094,4.300000191
Low Fat,NCT42,Household,2010,OUT046,Tier 1,Small,Supermarket Type1,0.02488732,5.880000114,147.5391998,4.300000191
Low Fat,NCV54,Household,2010,OUT046,Tier 1,Small,Supermarket Type1,0,11.10000038,119.1123962,4.300000191
Low Fat,NCR06,Household,2010,OUT046,Tier 1,Small,Supermarket Type1,0.006765149,12.5,41.71120071,4.300000191
Low Fat,NCC07,Household,2010,OUT046,Tier 1,Small,Supermarket Type1,0.023951149,19.60000038,105.6964035,4.300000191
Low Fat,NCV30,Household,2010,OUT046,Tier 1,Small,Supermarket Type1,0.065932088,20.20000076,64.85099792,4.300000191
Low Fat,NCN42,Household,2010,OUT046,Tier 1,Small,Supermarket Type1,0.014222617,20.25,148.941803,4.300000191
Low Fat,NCK19,Others,2010,OUT046,Tier 1,Small,Supermarket Type1,0.090465643,9.800000191,193.6477966,4.300000191
Low Fat,NCL55,Others,2010,OUT046,Tier 1,Small,Supermarket Type1,0,12.14999962,254.904007,4.300000191
Low Fat,FDV09,Snack Foods,2010,OUT046,Tier 1,Small,Supermarket Type1,0.020568574,12.10000038,150.4734039,4.300000191
Low Fat,FDH33,Snack Foods,2010,OUT046,Tier 1,Small,Supermarket Type1,0.12172541,12.85000038,45.14279938,4.300000191
Low Fat,FDK09,Snack Foods,2010,OUT046,Tier 1,Small,Supermarket Type1,0.091763303,15.19999981,228.535202,4.300000191
Low Fat,FDT45,Snack Foods,2010,OUT046,Tier 1,Small,Supermarket Type1,0.057313442,15.85000038,53.39559937,4.300000191
Low Fat,FDM34,Snack Foods,2010,OUT046,Tier 1,Small,Supermarket Type1,0.067447573,19,132.9626007,4.300000191
Low Fat,DRD12,Soft Drinks,2010,OUT046,Tier 1,Small,Supermarket Type1,0.077193558,6.960000038,89.91459656,4.300000191
Low Fat,DRE01,Soft Drinks,2010,OUT046,Tier 1,Small,Supermarket Type1,0.167155191,10.10000038,241.7512054,4.300000191
Low Fat,DRF36,Soft Drinks,2010,OUT046,Tier 1,Small,Supermarket Type1,0.023577297,16.10000038,192.6846008,4.300000191
Low Fat,FDG47,Starchy Foods,2010,OUT046,Tier 1,Small,Supermarket Type1,0.069618843,12.80000019,260.3251953,4.300000191
Regular,FDP48,Baking Goods,2010,OUT046,Tier 1,Small,Supermarket Type1,0.044023212,7.519999981,183.0950012,4.300000191
Regular,FDW12,Baking Goods,2010,OUT046,Tier 1,Small,Supermarket Type1,0.035572182,8.31499958,144.444397,4.300000191
Regular,FDM36,Baking Goods,2010,OUT046,Tier 1,Small,Supermarket Type1,0.05873083,11.64999962,171.9421997,4.300000191
Regular,FDU12,Baking Goods,2010,OUT046,Tier 1,Small,Supermarket Type1,0.075751074,15.5,262.8568115,4.300000191
Regular,FDS11,Breads,2010,OUT046,Tier 1,Small,Supermarket Type1,0.05555851,7.050000191,224.7088013,4.300000191
Regular,FDQ59,Breads,2010,OUT046,Tier 1,Small,Supermarket Type1,0.056386542,9.800000191,84.69080353,4.300000191
Regular,FDR59,Breads,2010,OUT046,Tier 1,Small,Supermarket Type1,0.063863553,14.5,262.3594055,4.300000191
Regular,FDP59,Breads,2010,OUT046,Tier 1,Small,Supermarket Type1,0.056465715,20.85000038,103.6648026,4.300000191
Regular,FDN38,Canned,2010,OUT046,Tier 1,Small,Supermarket Type1,0.091971859,6.614999771,251.6407928,4.300000191
Regular,FDT01,Canned,2010,OUT046,Tier 1,Small,Supermarket Type1,0.184167713,13.64999962,213.7902069,4.300000191
Regular,FDY37,Canned,2010,OUT046,Tier 1,Small,Supermarket Type1,0.026568875,17,142.0469971,4.300000191
Regular,FDZ03,Dairy,2010,OUT046,Tier 1,Small,Supermarket Type1,0.078786671,13.64999962,184.8240051,4.300000191
Regular,FDQ28,Frozen Foods,2010,OUT046,Tier 1,Small,Supermarket Type1,0.060427062,14,153.5655975,4.300000191
Regular,FDU28,Frozen Foods,2010,OUT046,Tier 1,Small,Supermarket Type1,0.093918353,19.20000076,189.8213959,4.300000191
Regular,FDR32,Fruits and Vegetables,2010,OUT046,Tier 1,Small,Supermarket Type1,0,6.78000021,227.4694061,4.300000191
Regular,FDU19,Fruits and Vegetables,2010,OUT046,Tier 1,Small,Supermarket Type1,0.046771478,8.770000458,173.9421997,4.300000191
Regular,FDJ44,Fruits and Vegetables,2010,OUT046,Tier 1,Small,Supermarket Type1,0.106327251,12.30000019,172.8395996,4.300000191
Regular,FDF57,Fruits and Vegetables,2010,OUT046,Tier 1,Small,Supermarket Type1,0.058827382,14.5,172.2447968,4.300000191
Regular,FDD56,Fruits and Vegetables,2010,OUT046,Tier 1,Small,Supermarket Type1,0.103778273,15.19999981,175.6053925,4.300000191
Regular,FDC08,Fruits and Vegetables,2010,OUT046,Tier 1,Small,Supermarket Type1,0.103449993,19,225.4720001,4.300000191
Regular,FDJ55,Meat,2010,OUT046,Tier 1,Small,Supermarket Type1,0.023530953,12.80000019,223.5404053,4.300000191
Regular,FDR57,Snack Foods,2010,OUT046,Tier 1,Small,Supermarket Type1,0.023496967,5.675000191,156.1287994,4.300000191
Regular,FDU45,Snack Foods,2010,OUT046,Tier 1,Small,Supermarket Type1,0.03550614,15.60000038,112.4517975,4.300000191
Regular,DRA59,Soft Drinks,2010,OUT046,Tier 1,Small,Supermarket Type1,0.127927929,8.270000458,184.892395,4.300000191
Regular,FDB35,Starchy Foods,2010,OUT046,Tier 1,Small,Supermarket Type1,0.064618975,12.30000019,89.88040161,4.300000191
Regular,FDK26,Canned,2010,OUT046,Tier 1,Small,Supermarket Type1,0.032177404,5.460000038,185.423996,4.300000191
Low Fat,NCB18,Household,2015,OUT045,Tier 2,Medium,Supermarket Type1,0.041374911,19.60000038,89.25140381,4.300000191
Low Fat,DRK12,Soft Drinks,2020,OUT017,Tier 2,Medium,Supermarket Type1,0.042123243,9.5,32.09000015,4.300000191
Low Fat,FDA48,Baking Goods,2015,OUT045,Tier 2,Medium,Supermarket Type1,0.11510703,12.10000038,222.0113983,4.300000191
Low Fat,FDE24,Baking Goods,2015,OUT045,Tier 2,Medium,Supermarket Type1,0.093652166,14.85000038,141.5812073,4.300000191
Low Fat,FDW48,Baking Goods,2015,OUT045,Tier 2,Medium,Supermarket Type1,0.008558144,18,79.0617981,4.300000191
Low Fat,FDJ50,Canned,2015,OUT045,Tier 2,Medium,Supermarket Type1,0.021629781,8.645000458,51.99819946,4.300000191
Low Fat,FDO38,Canned,2015,OUT045,Tier 2,Medium,Supermarket Type1,0.072986774,17.25,78.89859772,4.300000191
Low Fat,FDB28,Dairy,2015,OUT045,Tier 2,Medium,Supermarket Type1,0.09357477,6.614999771,199.4425964,4.300000191
Low Fat,DRG51,Dairy,2015,OUT045,Tier 2,Medium,Supermarket Type1,0.011563024,12.10000038,164.9526062,4.300000191
Low Fat,DRE15,Dairy,2015,OUT045,Tier 2,Medium,Supermarket Type1,0.017821467,13.35000038,75.10119629,4.300000191
Low Fat,FDR02,Dairy,2015,OUT045,Tier 2,Medium,Supermarket Type1,0.022110425,16.70000076,110.8886032,4.300000191
Low Fat,FDS52,Frozen Foods,2015,OUT045,Tier 2,Medium,Supermarket Type1,0.005485618,8.890000343,99.3015976,4.300000191
Low Fat,FDZ40,Frozen Foods,2015,OUT045,Tier 2,Medium,Supermarket Type1,0.040264241,8.93500042,52.62979889,4.300000191
Low Fat,FDM28,Frozen Foods,2015,OUT045,Tier 2,Medium,Supermarket Type1,0.045295529,15.69999981,181.3659973,4.300000191
Low Fat,FDU40,Frozen Foods,2015,OUT045,Tier 2,Medium,Supermarket Type1,0.037479829,20.85000038,192.7478027,4.300000191
Low Fat,DRM59,Hard Drinks,2015,OUT045,Tier 2,Medium,Supermarket Type1,0.003599378,5.880000114,152.2998047,4.300000191
Low Fat,DRK35,Hard Drinks,2015,OUT045,Tier 2,Medium,Supermarket Type1,0.071992204,8.364999771,38.3506012,4.300000191
Low Fat,DRM47,Hard Drinks,2015,OUT045,Tier 2,Medium,Supermarket Type1,0.043874495,9.300000191,191.0845947,4.300000191
Low Fat,DRJ59,Hard Drinks,2015,OUT045,Tier 2,Medium,Supermarket Type1,0.01941154,11.64999962,40.31639862,4.300000191
Low Fat,NCM29,Health and Hygiene,2015,OUT045,Tier 2,Small,Supermarket Type1,0.017678007,11.5,129.2626038,4.300000191
Low Fat,NCO41,Health and Hygiene,2015,OUT045,Tier 2,Small,Supermarket Type1,0.018887088,12.5,98.83840179,4.300000191
Low Fat,NCJ30,Household,2015,OUT045,Tier 2,Small,Supermarket Type1,0.08080402,5.820000172,171.4790039,4.300000191
Low Fat,NCG54,Household,2015,OUT045,Tier 2,Small,Supermarket Type1,0.079968117,12.10000038,170.8105927,4.300000191
Low Fat,NCY06,Household,2015,OUT045,Tier 2,Small,Supermarket Type1,0.061308891,15.25,128.8968048,4.300000191
Low Fat,FDP27,Meat,2015,OUT045,Tier 2,Small,Supermarket Type1,0.119692884,8.154999733,188.4530029,4.300000191
Low Fat,NCL31,Others,2015,OUT045,Tier 2,Small,Supermarket Type1,0.120524921,7.389999866,142.246994,4.300000191
Low Fat,NCO02,Others,2015,OUT045,Tier 2,Small,Supermarket Type1,0.07351695,11.14999962,65.91419983,4.300000191
Low Fat,NCL55,Others,2015,OUT045,Tier 2,Small,Supermarket Type1,0.064791821,12.14999962,254.0039978,4.300000191
Low Fat,NCQ43,Others,2015,OUT045,Tier 2,Small,Supermarket Type1,0.111527346,17.75,110.2911987,4.300000191
Low Fat,FDX21,Snack Foods,2015,OUT045,Tier 2,Small,Supermarket Type1,0.085138336,7.050000191,108.6912003,4.300000191
Low Fat,FDQ34,Snack Foods,2015,OUT045,Tier 2,Small,Supermarket Type1,0.162571654,10.85000038,107.4621964,4.300000191
Low Fat,FDA46,Snack Foods,2015,OUT045,Tier 2,Small,Supermarket Type1,0.117874026,13.60000038,193.6136017,4.300000191
Low Fat,FDL45,Snack Foods,2015,OUT045,Tier 2,Small,Supermarket Type1,0.03776427,15.60000038,124.9703979,4.300000191
Low Fat,FDO34,Snack Foods,2015,OUT045,Tier 2,Small,Supermarket Type1,0.029999653,17.70000076,169.781601,4.300000191
Low Fat,FDP10,Snack Foods,2015,OUT045,Tier 2,Small,Supermarket Type1,0.128349915,19,106.5622025,4.300000191
Low Fat,DRE48,Soft Drinks,2015,OUT045,Tier 2,Small,Supermarket Type1,0.017360866,8.430000305,196.2767944,4.300000191
Low Fat,DRK12,Soft Drinks,2015,OUT045,Tier 2,Small,Supermarket Type1,0.041971263,9.5,33.38999939,4.300000191
Low Fat,FDK36,Baking Goods,2020,OUT017,Tier 2,Small,Supermarket Type1,0.007256127,7.090000153,50.40340042,4.300000191
Low Fat,FDV36,Baking Goods,2020,OUT017,Tier 2,Small,Supermarket Type1,0.026450779,18.70000076,124.9020004,4.300000191
Low Fat,FDP38,Canned,2020,OUT017,Tier 2,Small,Supermarket Type1,0.032283675,10.10000038,52.20080185,4.300000191
Low Fat,FDX37,Canned,2020,OUT017,Tier 2,Small,Supermarket Type1,0.063385859,16.20000076,98.16999817,4.300000191
Low Fat,DRG15,Dairy,2020,OUT017,Tier 2,Small,Supermarket Type1,0.077169955,6.130000114,63.05360031,4.300000191
Low Fat,FDD53,Frozen Foods,2020,OUT017,Tier 2,Small,Supermarket Type1,0.044472639,16.20000076,43.34540176,4.300000191
Low Fat,FDV40,Frozen Foods,2020,OUT017,Tier 2,Small,Supermarket Type1,0,17.35000038,72.20379639,4.300000191
Low Fat,FDS55,Fruits and Vegetables,2020,OUT017,Tier 2,Small,Supermarket Type1,0.081623279,7.019999981,148.0733948,4.300000191
Low Fat,FDV32,Fruits and Vegetables,2020,OUT017,Tier 2,Small,Supermarket Type1,0.08921016,7.784999847,64.25099945,4.300000191
Low Fat,FDG45,Fruits and Vegetables,2020,OUT017,Tier 2,Small,Supermarket Type1,0.128760293,8.100000381,213.7902069,4.300000191
Low Fat,FDS20,Fruits and Vegetables,2020,OUT017,Tier 2,Small,Supermarket Type1,0.054171607,8.850000381,183.9291992,4.300000191
Low Fat,FDE32,Fruits and Vegetables,2020,OUT017,Tier 2,Small,Supermarket Type1,0.049034711,20.70000076,39.95059967,4.300000191
Low Fat,DRH23,Hard Drinks,2020,OUT017,Tier 2,Small,Supermarket Type1,0.171281636,14.64999962,54.06140137,4.300000191
Low Fat,DRI23,Hard Drinks,2020,OUT017,Tier 2,Small,Supermarket Type1,0.137972996,18.85000038,158.4577942,4.300000191
Low Fat,NCU17,Health and Hygiene,2020,OUT017,Tier 2,Small,Supermarket Type1,0.093408696,5.320000172,101.2674026,4.300000191
Low Fat,NCO05,Health and Hygiene,2020,OUT017,Tier 2,Small,Supermarket Type1,0.046822809,7.269999981,99.33840179,4.300000191
Low Fat,NCM17,Health and Hygiene,2020,OUT017,Tier 2,Small,Supermarket Type1,0.07153824,7.929999828,44.50859833,4.300000191
Low Fat,NCO53,Health and Hygiene,2020,OUT017,Tier 2,Small,Supermarket Type1,0.176175401,16.20000076,184.0608063,4.300000191
Low Fat,NCR41,Health and Hygiene,2020,OUT017,Tier 2,Small,Supermarket Type1,0.018125948,17.85000038,94.90940094,4.300000191
Low Fat,NCU42,Household,2020,OUT017,Tier 2,Small,Supermarket Type1,0.019616991,9,169.6473999,4.300000191
Low Fat,NCZ42,Household,2020,OUT017,Tier 2,Small,Supermarket Type1,0.011351778,10.5,236.5247955,4.300000191
Low Fat,NCV06,Household,2020,OUT017,Tier 2,Small,Supermarket Type1,0.067058511,11.30000019,194.0478058,4.300000191
Low Fat,NCM30,Household,2020,OUT017,Tier 2,High,Supermarket Type1,0.067676052,19.10000038,40.87960052,4.300000191
Low Fat,FDK43,Meat,2020,OUT017,Tier 2,High,Supermarket Type1,0.026992587,9.800000191,127.302002,4.300000191
Low Fat,FDT21,Snack Foods,2020,OUT017,Tier 2,High,Supermarket Type1,0.02050719,7.420000076,249.709198,4.300000191
Low Fat,FDW34,Snack Foods,2020,OUT017,Tier 2,High,Supermarket Type1,0.035780385,9.600000381,241.3170013,4.300000191
Low Fat,FDQ34,Snack Foods,2020,OUT017,Tier 2,High,Supermarket Type1,0.163160324,10.85000038,107.4621964,4.300000191
Low Fat,FDK34,Snack Foods,2020,OUT017,Tier 2,High,Supermarket Type1,0.038744606,13.35000038,239.3563995,4.300000191
Low Fat,FDL45,Snack Foods,2020,OUT017,Tier 2,High,Supermarket Type1,0.037901014,15.60000038,124.1704025,4.300000191
Low Fat,FDM33,Snack Foods,2020,OUT017,Tier 2,High,Supermarket Type1,0.088215873,15.60000038,220.1797943,4.300000191
Low Fat,DRD37,Soft Drinks,2020,OUT017,Tier 2,High,Supermarket Type1,0.013920032,9.800000191,45.00600052,4.300000191
Low Fat,DRK13,Soft Drinks,2020,OUT017,Tier 2,High,Supermarket Type1,0.115819015,11.80000019,198.3083954,4.300000191
Low Fat,DRF13,Soft Drinks,2020,OUT017,Tier 2,High,Supermarket Type1,0.029949818,12.10000038,146.3444061,4.300000191
Low Fat,DRB25,Soft Drinks,2020,OUT017,Tier 2,High,Supermarket Type1,0.069852613,12.30000019,107.4937973,4.300000191
Low Fat,DRJ13,Soft Drinks,2020,OUT017,Tier 2,High,Supermarket Type1,0.063246034,12.64999962,159.2577972,4.300000191
Low Fat,DRG13,Soft Drinks,2020,OUT017,Tier 2,High,Supermarket Type1,0.037396491,17.25,165.6526031,4.300000191
Regular,FDY47,Breads,2015,OUT045,Tier 2,High,Supermarket Type1,0.054594956,8.600000381,130.5310059,4.300000191
Regular,FDW02,Dairy,2015,OUT045,Tier 2,High,Supermarket Type1,0,4.804999828,123.9703979,4.300000191
Regular,FDY15,Dairy,2015,OUT045,Tier 2,High,Supermarket Type1,0.171174496,18.25,156.4629974,4.300000191
Regular,FDD40,Dairy,2015,OUT045,Tier 2,High,Supermarket Type1,0.014823358,20.25,190.7162018,4.300000191
Regular,FDY04,Frozen Foods,2015,OUT045,Tier 2,High,Supermarket Type1,0.042562589,17.70000076,165.0209961,4.300000191
Regular,FDU16,Frozen Foods,2015,OUT045,Tier 2,High,Supermarket Type1,0,19.25,82.59079742,4.300000191
Regular,FDY08,Fruits and Vegetables,2015,OUT045,Tier 2,High,Supermarket Type1,0.171422169,9.395000458,139.1838074,4.300000191
Regular,FDX51,Meat,2015,OUT045,Tier 2,High,Supermarket Type1,0.022103461,9.5,194.7451935,4.300000191
Regular,FDX03,Meat,2015,OUT045,Tier 2,High,Supermarket Type1,0.061219878,15.85000038,45.67440033,4.300000191
Regular,FDN46,Snack Foods,2015,OUT045,Tier 2,High,Supermarket Type1,0.14492479,7.210000038,100.8331985,4.300000191
Regular,FDM09,Snack Foods,2015,OUT045,Tier 2,High,Supermarket Type1,0.086105816,11.14999962,167.8789978,4.300000191
Regular,FDG34,Snack Foods,2015,OUT045,Tier 2,High,Supermarket Type1,0.037646621,11.5,107.5253983,4.300000191
Regular,FDS34,Snack Foods,2015,OUT045,Tier 2,High,Supermarket Type1,0.076914743,19.35000038,114.851799,4.300000191
Regular,FDE36,Baking Goods,2020,OUT017,Tier 2,High,Supermarket Type1,0.042008668,5.260000229,162.6867981,4.300000191
Regular,FDM24,Baking Goods,2020,OUT017,Tier 2,High,Supermarket Type1,0.079776078,6.135000229,152.8365936,4.300000191
Regular,FDY11,Baking Goods,2020,OUT017,Tier 2,High,Supermarket Type1,0.029727656,6.710000038,66.61419678,4.300000191
Regular,FDZ35,Breads,2020,OUT017,Tier 2,High,Supermarket Type1,0.022404494,9.600000381,102.4990005,4.300000191
Regular,FDY49,Canned,2020,OUT017,Tier 2,High,Supermarket Type1,0.012080016,17.20000076,164.418396,4.300000191
Regular,FDE51,Dairy,2020,OUT017,Tier 2,High,Supermarket Type1,0.097012989,5.925000191,42.90859985,4.300000191
Regular,FDC03,Dairy,2020,OUT017,Tier 2,High,Supermarket Type1,0.072252885,8.574999809,196.5794067,4.300000191
Regular,FDC51,Dairy,2020,OUT017,Tier 2,High,Supermarket Type1,0.009676286,10.89500046,122.8730011,4.300000191
Regular,FDY38,Dairy,2020,OUT017,Tier 2,High,Supermarket Type1,0.119850539,13.60000038,234.5299988,4.300000191
Regular,FDS28,Frozen Foods,2020,OUT017,Tier 2,High,Supermarket Type1,0.082867689,8.180000305,58.55879974,4.300000191
Regular,FDE41,Frozen Foods,2020,OUT017,Tier 2,High,Supermarket Type1,0.064376265,9.194999695,83.15660095,4.300000191
Regular,FDW52,Frozen Foods,2020,OUT017,Tier 2,High,Supermarket Type1,0.03773478,14,166.4526062,4.300000191
Regular,FDV44,Fruits and Vegetables,2020,OUT017,Tier 2,Medium,Supermarket Type1,0.040069807,8.364999771,190.7187958,4.300000191
Regular,FDH20,Fruits and Vegetables,2020,OUT017,Tier 2,Medium,Supermarket Type1,0,16.10000038,98.44100189,4.300000191
Regular,FDJ27,Meat,2020,OUT017,Tier 2,Medium,Supermarket Type1,0.122565411,17.70000076,103.8674011,4.300000191
Regular,FDS45,Snack Foods,2020,OUT017,Tier 2,Medium,Supermarket Type1,0.029662795,5.175000191,105.2621994,4.300000191
Regular,FDP21,Snack Foods,2020,OUT017,Tier 2,Medium,Supermarket Type1,0.025886443,7.420000076,189.1871948,4.300000191
Regular,FDZ57,Snack Foods,2020,OUT017,Tier 2,Medium,Supermarket Type1,0.037977915,10,128.6994019,4.300000191
Regular,FDU46,Snack Foods,2020,OUT017,Tier 2,Medium,Supermarket Type1,0.011189235,10.30000019,86.65399933,4.300000191
Regular,FDB58,Snack Foods,2020,OUT017,Tier 2,Medium,Supermarket Type1,0.013572808,10.5,143.2153931,4.300000191
Regular,FDU21,Snack Foods,2020,OUT017,Tier 2,Medium,Supermarket Type1,0.07715442,11.80000019,35.75579834,4.300000191
Regular,FDW09,Snack Foods,2020,OUT017,Tier 2,Medium,Supermarket Type1,0.026067434,13.64999962,78.8302002,4.300000191
Regular,FDJ58,Snack Foods,2020,OUT017,Tier 2,Medium,Supermarket Type1,0.105891667,15.60000038,172.6764069,4.300000191
Regular,FDD10,Snack Foods,2020,OUT017,Tier 2,Medium,Supermarket Type1,0.046280999,20.60000038,177.4344025,4.300000191
Low Fat,FDG26,Canned,2015,OUT045,Tier 2,Medium,Supermarket Type1,0.042736348,18.85000038,255.9329987,4.300000191
Low Fat,FDI19,Meat,2015,OUT045,Tier 2,Medium,Supermarket Type1,0,15.10000038,244.2512054,4.300000191
Regular,FDB26,Canned,2020,OUT017,Tier 2,Medium,Supermarket Type1,0.031444356,14,53.76399994,4.300000191
Low Fat,FDQ13,Canned,2017,OUT035,Tier 2,Small,Supermarket Type1,0.010639596,11.10000038,84.19080353,4.300000191
Low Fat,FDV59,Breads,2017,OUT035,Tier 2,Small,Supermarket Type1,0.048017964,13.35000038,219.6165924,4.300000191
Low Fat,FDV47,Breads,2017,OUT035,Tier 2,Small,Supermarket Type1,0.0541973,17.10000038,83.55660248,4.300000191
Low Fat,FDW49,Canned,2017,OUT035,Tier 2,Small,Supermarket Type1,0.082536601,19.5,177.2001953,4.300000191
Low Fat,FDY50,Dairy,2017,OUT035,Tier 2,Small,Supermarket Type1,0.13093105,5.800000191,89.91719818,4.300000191
Low Fat,DRG15,Dairy,2017,OUT035,Tier 2,Small,Supermarket Type1,0.076721393,6.130000114,59.45360184,4.300000191
Low Fat,FDB15,Dairy,2017,OUT035,Tier 2,Small,Supermarket Type1,0.136784866,10.89500046,265.2568054,4.300000191
Low Fat,FDW50,Dairy,2017,OUT035,Tier 2,Small,Supermarket Type1,0.075563759,13.10000038,168.115799,4.300000191
Low Fat,FDA50,Dairy,2017,OUT035,Tier 2,Small,Supermarket Type1,0.087158658,16.25,95.14099884,4.300000191
Low Fat,FDN40,Frozen Foods,2017,OUT035,Tier 2,Small,Supermarket Type1,0.086440437,5.880000114,155.3997955,4.300000191
Low Fat,FDS52,Frozen Foods,2017,OUT035,Tier 2,Small,Supermarket Type1,0.00547348,8.890000343,100.5016022,4.300000191
Low Fat,FDB08,Fruits and Vegetables,2017,OUT035,Tier 2,Small,Supermarket Type1,0,6.054999828,162.3578033,4.300000191
Low Fat,FDO32,Fruits and Vegetables,2017,OUT035,Tier 2,Small,Supermarket Type1,0.120520815,6.360000134,45.90599823,4.300000191
Low Fat,FDC56,Fruits and Vegetables,2017,OUT035,Tier 2,Small,Supermarket Type1,0.121497743,7.71999979,119.7440033,4.300000191
Low Fat,FDD08,Fruits and Vegetables,2017,OUT035,Tier 2,Small,Supermarket Type1,0.035347678,8.300000191,38.05059814,4.300000191
Low Fat,FDC20,Fruits and Vegetables,2017,OUT035,Tier 2,Small,Supermarket Type1,0,10.64999962,57.12720108,4.300000191
Low Fat,FDL08,Fruits and Vegetables,2017,OUT035,Tier 2,Small,Supermarket Type1,0.049709626,10.80000019,246.8144073,4.300000191
Low Fat,FDS43,Fruits and Vegetables,2017,OUT035,Tier 2,Small,Supermarket Type1,0.040507227,11.64999962,186.923996,4.300000191
Low Fat,FDT08,Fruits and Vegetables,2017,OUT035,Tier 2,Small,Supermarket Type1,0.049209192,13.64999962,150.0050049,4.300000191
Low Fat,DRQ35,Hard Drinks,2017,OUT035,Tier 2,Small,Supermarket Type1,0.042283453,9.300000191,125.438797,4.300000191
Low Fat,DRP35,Hard Drinks,2017,OUT035,Tier 2,Small,Supermarket Type1,0.090850115,18.85000038,126.6335983,4.300000191
Low Fat,NCM05,Health and Hygiene,2017,OUT035,Tier 2,Small,Supermarket Type1,0.059835657,6.824999809,264.3226013,4.300000191
Low Fat,NCX05,Health and Hygiene,2017,OUT035,Tier 2,Small,Supermarket Type1,0.097043738,15.19999981,116.8491974,4.300000191
Low Fat,NCW41,Health and Hygiene,2017,OUT035,Tier 2,Small,Supermarket Type1,0.015447454,18,159.2604065,4.300000191
Low Fat,NCV18,Household,2017,OUT035,Tier 2,Small,Supermarket Type1,0.105225965,6.775000095,84.22499847,4.300000191
Low Fat,NCS06,Household,2017,OUT035,Tier 2,Small,Supermarket Type1,0.031730738,7.934999943,261.0910034,4.300000191
Low Fat,NCN18,Household,2017,OUT035,Tier 2,Small,Supermarket Type1,0,8.895000458,111.9543991,4.300000191
Low Fat,NCU42,Household,2017,OUT035,Tier 2,Small,Supermarket Type1,0.019502966,9,169.447403,4.300000191
Low Fat,NCN30,Household,2017,OUT035,Tier 2,Small,Supermarket Type1,0.016989991,16.35000038,98.54100037,4.300000191
Low Fat,NCL18,Household,2017,OUT035,Tier 2,Small,Supermarket Type1,0.167552203,18.85000038,193.1136017,4.300000191
Low Fat,FDK55,Meat,2017,OUT035,Tier 2,Small,Supermarket Type1,0.025756827,18.5,87.21720123,4.300000191
Low Fat,FDN27,Meat,2017,OUT035,Tier 2,Small,Supermarket Type1,0.039555017,20.85000038,116.8807983,4.300000191
Low Fat,FDJ45,Seafood,2017,OUT035,Tier 2,Small,Supermarket Type1,0.073396765,17.75,35.1216011,4.300000191
Low Fat,FDT21,Snack Foods,2017,OUT035,Tier 2,Small,Supermarket Type1,0.020387989,7.420000076,247.1092072,4.300000191
Low Fat,FDC58,Snack Foods,2017,OUT035,Tier 2,Small,Supermarket Type1,0.041934386,10.19499969,44.64279938,4.300000191
Low Fat,FDH33,Snack Foods,2017,OUT035,Tier 2,Small,Supermarket Type1,0.121702395,12.85000038,42.74280167,4.300000191
Low Fat,FDE46,Snack Foods,2017,OUT035,Tier 2,Small,Supermarket Type1,0.015766712,18.60000038,152.9365997,4.300000191
Low Fat,FDO58,Snack Foods,2017,OUT035,Tier 2,Small,Supermarket Type1,0.039569691,19.60000038,165.9526062,4.300000191
Low Fat,DRJ13,Soft Drinks,2017,OUT035,Tier 2,Small,Supermarket Type1,0.062878415,12.64999962,160.9577942,4.300000191
Low Fat,DRI49,Soft Drinks,2017,OUT035,Tier 2,Small,Supermarket Type1,0.183472589,14.14999962,82.02760315,4.300000191
Low Fat,DRH25,Soft Drinks,2017,OUT035,Tier 2,Small,Supermarket Type1,0,18.70000076,52.23239899,4.300000191
Regular,FDY24,Baking Goods,2017,OUT035,Tier 2,Small,Supermarket Type1,0,4.880000114,53.12979889,4.300000191
Regular,FDP01,Breakfast,2017,OUT035,Tier 2,Small,Supermarket Type1,0.063313976,20.75,153.7682037,4.300000191
Regular,FDI50,Canned,2017,OUT035,Tier 2,Small,Supermarket Type1,0,8.420000076,229.035202,4.300000191
Regular,FDB02,Canned,2017,OUT035,Tier 2,Small,Supermarket Type1,0.029158764,9.694999695,174.5370026,4.300000191
Regular,FDH50,Canned,2017,OUT035,Tier 2,Small,Supermarket Type1,0.161404908,15,185.8265991,4.300000191
Regular,FDW38,Dairy,2017,OUT035,Tier 2,Small,Supermarket Type1,0,5.324999809,55.82979965,4.300000191
Regular,FDQ26,Dairy,2017,OUT035,Tier 2,Small,Supermarket Type1,0.067859568,13.5,60.15620041,4.300000191
Regular,FDB03,Dairy,2017,OUT035,Tier 2,Small,Supermarket Type1,0.156802177,17.75,242.1537933,4.300000191
Regular,FDV16,Frozen Foods,2017,OUT035,Tier 2,Small,Supermarket Type1,0.082915016,7.75,34.9557991,4.300000191
Regular,FDC29,Frozen Foods,2017,OUT035,Tier 2,Small,Supermarket Type1,0.024201084,8.390000343,112.6175995,4.300000191
Regular,FDG41,Frozen Foods,2017,OUT035,Tier 2,Small,Supermarket Type1,0.07654763,8.840000153,109.5227966,4.300000191
Regular,FDN04,Frozen Foods,2017,OUT035,Tier 2,Small,Supermarket Type1,0,11.80000019,179.2344055,4.300000191
Regular,FDH17,Frozen Foods,2017,OUT035,Tier 2,Small,Supermarket Type1,0.016650191,16.20000076,97.47260284,4.300000191
Regular,FDZ16,Frozen Foods,2017,OUT035,Tier 2,Small,Supermarket Type1,0.159825623,16.85000038,195.5478058,4.300000191
Regular,FDD21,Fruits and Vegetables,2017,OUT035,Tier 2,Small,Supermarket Type1,0.030563449,10.30000019,114.4176025,4.300000191
Regular,FDT55,Fruits and Vegetables,2017,OUT035,Tier 2,Small,Supermarket Type1,0.043646902,13.60000038,155.7946014,4.300000191
Regular,FDO19,Fruits and Vegetables,2017,OUT035,Tier 2,Small,Supermarket Type1,0.016593507,17.70000076,46.90340042,4.300000191
Regular,FDS32,Fruits and Vegetables,2017,OUT035,Tier 2,Small,Supermarket Type1,0.029648306,17.75,142.4837952,4.300000191
Regular,FDN39,Meat,2017,OUT035,Tier 2,Small,Supermarket Type1,0.065508001,19.35000038,168.9815979,4.300000191
Regular,FDU33,Snack Foods,2017,OUT035,Tier 2,Small,Supermarket Type1,0.134684294,7.630000114,47.04019928,4.300000191
Regular,FDM57,Snack Foods,2017,OUT035,Tier 2,Small,Supermarket Type1,0.075834826,11.64999962,82.99079895,4.300000191
Regular,FDW46,Snack Foods,2017,OUT035,Tier 2,Small,Supermarket Type1,0.070288368,13,64.3483963,4.300000191
Regular,FDL09,Snack Foods,2017,OUT035,Tier 2,Small,Supermarket Type1,0.128011853,19.60000038,166.8816071,4.300000191
Regular,FDD10,Snack Foods,2017,OUT035,Tier 2,Small,Supermarket Type1,0,20.60000038,178.1343994,4.300000191
Regular,DRB13,Soft Drinks,2017,OUT035,Tier 2,Small,Supermarket Type1,0.007043008,6.114999771,190.3529968,4.300000191
Low Fat,DRN37,Soft Drinks,2017,OUT035,Tier 2,Small,Supermarket Type1,0.096279189,9.600000381,167.3157959,4.300000191
Regular,FDC10,Snack Foods,2017,OUT035,Tier 2,Small,Supermarket Type1,0.072863892,9.800000191,118.6098022,4.300000191
Low Fat,DRH59,Hard Drinks,2011,OUT010,Tier 3,Medium,Grocery Store,0.097805612,10.80000019,73.93800354,4.300000191
Low Fat,FDN12,Baking Goods,2011,OUT010,Tier 3,Medium,Grocery Store,0.135751352,15.60000038,111.5543976,4.300000191
Low Fat,FDO60,Baking Goods,2011,OUT010,Tier 3,Medium,Grocery Store,0.057527546,20,43.10860062,4.300000191
Low Fat,FDP11,Breads,2011,OUT010,Tier 3,Medium,Grocery Store,0.115660153,15.85000038,218.3166046,4.300000191
Low Fat,FDT04,Frozen Foods,2011,OUT010,Tier 3,Medium,Grocery Store,0,17.25,37.5821991,4.300000191
Low Fat,FDG45,Fruits and Vegetables,2011,OUT010,Tier 3,Medium,Grocery Store,0.214306131,8.100000381,213.9902039,4.300000191
Low Fat,FDA32,Fruits and Vegetables,2011,OUT010,Tier 3,Medium,Grocery Store,0.050371509,14,214.7191925,4.300000191
Low Fat,FDR43,Fruits and Vegetables,2011,OUT010,Tier 3,Medium,Grocery Store,0.270300329,18.20000076,38.31900024,4.300000191
Low Fat,FDB32,Fruits and Vegetables,2011,OUT010,Tier 3,Medium,Grocery Store,0.03925541,20.60000038,94.47779846,4.300000191
Low Fat,DRG11,Hard Drinks,2011,OUT010,Tier 3,Medium,Grocery Store,0.140328109,6.385000229,109.1595993,4.300000191
Low Fat,NCN41,Health and Hygiene,2011,OUT010,Tier 3,Medium,Grocery Store,0.087387666,17,125.072998,4.300000191
Low Fat,NCP02,Household,2011,OUT010,Tier 3,Medium,Grocery Store,0.075000681,7.105000019,61.05619812,4.300000191
Low Fat,NCT30,Household,2011,OUT010,Tier 3,Medium,Grocery Store,0.134393841,9.100000381,48.07180023,4.300000191
Low Fat,NCR42,Household,2011,OUT010,Tier 3,Medium,Grocery Store,0.064410783,9.104999542,33.38999939,4.300000191
Low Fat,NCE43,Household,2011,OUT010,Tier 3,Medium,Grocery Store,0.173141152,12.5,168.4447937,4.300000191
Low Fat,NCD55,Household,2011,OUT010,Tier 3,Medium,Grocery Store,0.040725406,14,43.44540024,4.300000191
Low Fat,FDR46,Snack Foods,2011,OUT010,Tier 3,High,Grocery Store,0.233356565,16.85000038,146.576004,4.300000191
Low Fat,FDH35,Starchy Foods,2011,OUT010,Tier 3,High,Grocery Store,0.100843862,18.25,166.3526001,4.300000191
Regular,FDB49,Baking Goods,2011,OUT010,Tier 3,High,Grocery Store,0.050467178,8.300000191,97.63839722,4.300000191
Regular,FDY12,Baking Goods,2011,OUT010,Tier 3,High,Grocery Store,0.235354051,9.800000191,50.80080032,4.300000191
Regular,FDT11,Breads,2011,OUT010,Tier 3,High,Grocery Store,0.049163319,5.940000057,186.4555969,4.300000191
Regular,FDR59,Breads,2011,OUT010,Tier 3,High,Grocery Store,0.106894493,14.5,260.4594116,4.300000191
Regular,FDG38,Canned,2011,OUT010,Tier 3,High,Grocery Store,0.088257775,8.975000381,84.12239838,4.300000191
Regular,FDW26,Dairy,2011,OUT010,Tier 3,High,Grocery Store,0.179191783,11.80000019,224.2772064,4.300000191
Regular,FDK03,Dairy,2011,OUT010,Tier 3,High,Grocery Store,0.123727657,12.60000038,253.0355988,4.300000191
Regular,FDQ40,Frozen Foods,2011,OUT010,Tier 3,High,Grocery Store,0.06030269,11.10000038,175.8712006,4.300000191
Regular,FDR52,Frozen Foods,2011,OUT010,Tier 3,High,Grocery Store,0.127283052,12.64999962,191.7846069,4.300000191
Regular,FDO08,Fruits and Vegetables,2011,OUT010,Tier 3,High,Grocery Store,0.090008967,11.10000038,164.052597,4.300000191
Regular,FDW55,Fruits and Vegetables,2011,OUT010,Tier 3,High,Grocery Store,0.0367731,12.60000038,250.3092041,4.300000191
Regular,FDC09,Fruits and Vegetables,2011,OUT010,Tier 3,High,Grocery Store,0.044024162,15.5,102.0332031,4.300000191
Regular,FDS32,Fruits and Vegetables,2011,OUT010,Tier 3,High,Grocery Store,0.049634572,17.75,140.2837982,4.300000191
Regular,FDV20,Fruits and Vegetables,2011,OUT010,Tier 3,High,Grocery Store,0.100095287,20.20000076,125.2677994,4.300000191
Regular,FDS15,Meat,2011,OUT010,Tier 3,High,Grocery Store,0.130657449,9.194999695,106.4596024,4.300000191
Regular,FDZ51,Meat,2011,OUT010,Tier 3,High,Grocery Store,0.09131024,11.30000019,96.90940094,4.300000191
Regular,FDU58,Snack Foods,2011,OUT010,Tier 3,High,Grocery Store,0.048559681,6.610000134,188.4898071,4.300000191
Regular,FDQ45,Snack Foods,2011,OUT010,Tier 3,High,Grocery Store,0,9.5,182.3607941,4.300000191
Regular,FDU46,Snack Foods,2011,OUT010,Tier 3,High,Grocery Store,0.018623145,10.30000019,87.85399628,4.300000191
Low Fat,FDR48,Baking Goods,2000,OUT013,Tier 3,High,Supermarket Type1,0.131394789,11.64999962,151.9024048,4.300000191
Low Fat,FDW47,Breads,2000,OUT013,Tier 3,High,Supermarket Type1,0.046336632,15,120.0413971,4.300000191
Low Fat,FDP37,Breakfast,2000,OUT013,Tier 3,High,Supermarket Type1,0.142986864,15.60000038,130.3993988,4.300000191
Low Fat,FDG50,Canned,2000,OUT013,Tier 3,High,Supermarket Type1,0.015259084,7.40500021,91.01460266,4.300000191
Low Fat,FDT37,Canned,2000,OUT013,Tier 3,High,Supermarket Type1,0.035240818,14.14999962,255.5014038,4.300000191
Low Fat,FDA13,Canned,2000,OUT013,Tier 3,High,Supermarket Type1,0.078489579,15.85000038,39.95059967,4.300000191
Low Fat,FDP26,Dairy,2000,OUT013,Tier 3,High,Supermarket Type1,0.139436692,7.784999847,103.0306015,4.300000191
Low Fat,FDZ15,Dairy,2000,OUT013,Tier 3,High,Supermarket Type1,0.020853376,13.10000038,117.4782028,4.300000191
Low Fat,FDD03,Dairy,2000,OUT013,Tier 3,High,Supermarket Type1,0.079739854,13.30000019,233.0299988,4.300000191
Low Fat,DRF03,Dairy,2000,OUT013,Tier 3,High,Supermarket Type1,0.045270424,19.10000038,38.81380081,4.300000191
Low Fat,FDH16,Frozen Foods,2000,OUT013,Tier 3,High,Supermarket Type1,0.05251161,10.5,90.78299713,4.300000191
Low Fat,FDD29,Frozen Foods,2000,OUT013,Tier 3,High,Supermarket Type1,0.018395195,12.14999962,251.6697998,4.300000191
Low Fat,FDL40,Frozen Foods,2000,OUT013,Tier 3,High,Supermarket Type1,0.011603492,17.70000076,97.74099731,4.300000191
Low Fat,FDY31,Fruits and Vegetables,2000,OUT013,Tier 3,High,Supermarket Type1,0.043526597,5.980000019,148.441803,4.300000191
Low Fat,FDO32,Fruits and Vegetables,2000,OUT013,Tier 3,High,Supermarket Type1,0.120443299,6.360000134,45.40599823,4.300000191
Low Fat,FDG32,Fruits and Vegetables,2000,OUT013,Tier 3,High,Supermarket Type1,0.175849065,19.85000038,222.0771942,4.300000191
Low Fat,NCP29,Health and Hygiene,2000,OUT013,Tier 3,High,Supermarket Type1,0.112177581,8.420000076,65.91680145,4.300000191
Low Fat,NCS29,Health and Hygiene,2000,OUT013,Tier 3,High,Supermarket Type1,0.069487587,9,266.688385,4.300000191
Low Fat,NCB06,Health and Hygiene,2000,OUT013,Tier 3,High,Supermarket Type1,0.082263559,17.60000038,160.4920044,4.300000191
Low Fat,NCQ53,Health and Hygiene,2000,OUT013,Tier 3,High,Supermarket Type1,0.018889593,17.60000038,236.2590027,4.300000191
Low Fat,NCW53,Health and Hygiene,2000,OUT013,Tier 3,High,Supermarket Type1,0.030469701,18.35000038,191.3161926,4.300000191
Low Fat,NCZ30,Household,2000,OUT013,Tier 3,High,Supermarket Type1,0.026163192,6.590000153,121.5098038,4.300000191
Low Fat,NCA29,Household,2000,OUT013,Tier 3,High,Supermarket Type1,0.027253712,10.5,170.9105988,4.300000191
Low Fat,NCN26,Household,2000,OUT013,Tier 3,High,Supermarket Type1,0,10.85000038,119.0808029,4.300000191
Low Fat,NCJ18,Household,2000,OUT013,Tier 3,High,Supermarket Type1,0.163805515,12.35000038,117.6123962,4.300000191
Low Fat,NCS18,Household,2000,OUT013,Tier 3,High,Supermarket Type1,0.042175993,12.64999962,106.4937973,4.300000191
Low Fat,NCG06,Household,2000,OUT013,Tier 3,High,Supermarket Type1,0.029420856,16.35000038,256.9645996,4.300000191
Low Fat,NCX30,Household,2000,OUT013,Tier 3,High,Supermarket Type1,0.026598474,16.70000076,245.877594,4.300000191
Low Fat,NCT06,Household,2000,OUT013,Tier 3,High,Supermarket Type1,0.038705315,17.10000038,165.084198,4.300000191
Low Fat,NCF18,Household,2000,OUT013,Tier 3,High,Supermarket Type1,0.088908546,18.35000038,192.8504028,4.300000191
Low Fat,NCB18,Household,2000,OUT013,Tier 3,High,Supermarket Type1,0.041256808,19.60000038,88.85140228,4.300000191
Low Fat,NCJ06,Household,2000,OUT013,Tier 3,High,Supermarket Type1,0.034623783,20.10000038,118.9782028,4.300000191
Low Fat,NCA06,Household,2000,OUT013,Tier 3,High,Supermarket Type1,0.143164366,20.5,34.91899872,4.300000191
Low Fat,NCE42,Household,2000,OUT013,Tier 3,High,Supermarket Type1,0.010593469,21.10000038,234.2958069,4.300000191
Low Fat,NCP55,Others,2000,OUT013,Tier 3,High,Supermarket Type1,0.011180713,14.64999962,53.8614006,4.300000191
Low Fat,FDI57,Seafood,2000,OUT013,Tier 3,High,Supermarket Type1,0.053980686,19.85000038,196.8768005,4.300000191
Low Fat,FDZ33,Snack Foods,2000,OUT013,Tier 3,High,Supermarket Type1,0.10730768,10.19499969,149.8076019,4.300000191
Low Fat,FDT45,Snack Foods,2000,OUT013,Tier 3,High,Supermarket Type1,0,15.85000038,55.1955986,4.300000191
Low Fat,FDV46,Snack Foods,2000,OUT013,Tier 3,High,Supermarket Type1,0.012597384,18.20000076,141.2180023,4.300000191
Low Fat,FDM10,Snack Foods,2000,OUT013,Tier 3,High,Supermarket Type1,0.07590837,18.25,213.4217987,4.300000191
Low Fat,DRD37,Soft Drinks,2000,OUT013,Tier 3,High,Supermarket Type1,0.013830218,9.800000191,45.30599976,4.300000191
Low Fat,DRG01,Soft Drinks,2000,OUT013,Tier 3,High,Supermarket Type1,0.044840932,14.80000019,78.36699677,4.300000191
Low Fat,FDF35,Starchy Foods,2000,OUT013,Tier 3,High,Supermarket Type1,0.15386118,15,108.5938034,4.300000191
Regular,FDT12,Baking Goods,2000,OUT013,Tier 3,High,Supermarket Type1,0.049580406,6.215000153,227.4062042,4.300000191
Regular,FDZ59,Baking Goods,2000,OUT013,Tier 3,High,Supermarket Type1,0.103935018,6.630000114,166.8500061,4.300000191
Regular,FDY11,Baking Goods,2000,OUT013,Tier 3,High,Supermarket Type1,0.029535852,6.710000038,67.5141983,4.300000191
Regular,FDI48,Baking Goods,2000,OUT013,Tier 3,High,Supermarket Type1,0.055672031,11.85000038,50.5666008,4.300000191
Regular,FDY47,Breads,2000,OUT013,Tier 3,High,Supermarket Type1,0.05443912,8.600000381,128.8309937,4.300000191
Regular,FDR59,Breads,2000,OUT013,Tier 3,High,Supermarket Type1,0.063810408,14.5,263.2593994,4.300000191
Regular,FDY01,Canned,2000,OUT013,Tier 3,High,Supermarket Type1,0.170141786,11.80000019,116.7834015,4.300000191
Regular,FDV04,Frozen Foods,2000,OUT013,Tier 3,High,Supermarket Type1,0.149890393,7.824999809,159.0287933,4.300000191
Regular,FDR52,Frozen Foods,2000,OUT013,Tier 3,High,Supermarket Type1,0.075981304,12.64999962,192.3845978,4.300000191
Regular,FDH17,Frozen Foods,2000,OUT013,Tier 3,High,Supermarket Type1,0.016639482,16.20000076,95.87259674,4.300000191
Regular,FDE17,Frozen Foods,2000,OUT013,Tier 3,High,Supermarket Type1,0.054410178,20.10000038,151.3365936,4.300000191
Regular,FDA07,Fruits and Vegetables,2000,OUT013,Tier 3,High,Supermarket Type1,0.030918874,7.550000191,123.9072037,4.300000191
Regular,FDE20,Fruits and Vegetables,2000,OUT013,Tier 3,High,Supermarket Type1,0.005525913,11.35000038,168.279007,4.300000191
Regular,FDK20,Fruits and Vegetables,2000,OUT013,Tier 3,High,Supermarket Type1,0.041523069,12.60000038,124.3071976,4.300000191
Regular,FDA55,Fruits and Vegetables,2000,OUT013,Tier 3,High,Supermarket Type1,0.056941602,17.20000076,222.5088043,4.300000191
Regular,FDW07,Fruits and Vegetables,2000,OUT013,Tier 3,High,Supermarket Type1,0.142570108,18,88.25140381,4.300000191
Regular,FDW32,Fruits and Vegetables,2000,OUT013,Tier 3,High,Supermarket Type1,0.094218366,18.35000038,83.98819733,4.300000191
Regular,FDC08,Fruits and Vegetables,2000,OUT013,Tier 3,High,Supermarket Type1,0.103363901,19,226.1719971,4.300000191
Regular,FDM51,Meat,2000,OUT013,Tier 3,High,Supermarket Type1,0.025904648,11.80000019,102.4673996,4.300000191
Regular,FDR27,Meat,2000,OUT013,Tier 3,High,Supermarket Type1,0.09602046,15.10000038,133.7942047,4.300000191
Regular,FDJ10,Snack Foods,2000,OUT013,Tier 3,High,Supermarket Type1,0.129395902,5.09499979,140.3838043,4.300000191
Regular,FDK10,Snack Foods,2000,OUT013,Tier 3,High,Supermarket Type1,0.040325273,5.784999847,180.4660034,4.300000191
Regular,FDL57,Snack Foods,2000,OUT013,Tier 3,High,Supermarket Type1,0.06702099,15.10000038,260.3304138,4.300000191
Regular,FDN34,Snack Foods,2000,OUT013,Tier 3,High,Supermarket Type1,0,15.60000038,170.613205,4.300000191
Regular,FDC34,Snack Foods,2000,OUT013,Tier 3,High,Supermarket Type1,0.172615334,16,154.5971985,4.300000191
Regular,DRB13,Soft Drinks,2000,OUT013,Tier 3,High,Supermarket Type1,0.007038478,6.114999771,189.253006,4.300000191
Regular,DRZ11,Soft Drinks,2000,OUT013,Tier 3,High,Supermarket Type1,0.112571187,8.850000381,122.0388031,4.300000191
Regular,DRL01,Soft Drinks,2000,OUT013,Tier 3,High,Supermarket Type1,0.0771081,19.5,232.8957977,4.300000191
Low Fat,FDN09,Snack Foods,2022,OUT018,Tier 3,Medium,Supermarket Type2,0.035016753,14.14999962,245.3827972,4.300000191
Low Fat,DRD25,Soft Drinks,2022,OUT018,Tier 3,Medium,Supermarket Type2,0.07929375,6.135000229,111.2860031,4.300000191
Low Fat,FDH48,Baking Goods,2022,OUT018,Tier 3,Medium,Supermarket Type2,0,13.5,84.55400085,4.300000191
Low Fat,FDL36,Baking Goods,2022,OUT018,Tier 3,Medium,Supermarket Type2,0.076385386,15.10000038,88.48300171,4.300000191
Low Fat,FDZ48,Baking Goods,2022,OUT018,Tier 3,Medium,Supermarket Type2,0.076269053,17.75,113.1544037,4.300000191
Low Fat,FDO60,Baking Goods,2022,OUT018,Tier 3,Medium,Supermarket Type2,0,20,43.40859985,4.300000191
Low Fat,FDK38,Canned,2022,OUT018,Tier 3,Medium,Supermarket Type2,0.053506996,6.650000095,150.0733948,4.300000191
Low Fat,DRG27,Dairy,2022,OUT018,Tier 3,Medium,Supermarket Type2,0,8.895000458,42.01380157,4.300000191
Low Fat,DRF27,Dairy,2022,OUT018,Tier 3,Medium,Supermarket Type2,0.028533032,8.930000305,151.4340057,4.300000191
Low Fat,FDB15,Dairy,2022,OUT018,Tier 3,Medium,Supermarket Type2,0.137368053,10.89500046,264.3568115,4.300000191
Low Fat,DRE03,Dairy,2022,OUT018,Tier 3,Medium,Supermarket Type2,0.024325592,19.60000038,48.57180023,4.300000191
Low Fat,FDL16,Frozen Foods,2022,OUT018,Tier 3,Medium,Supermarket Type2,0.169139072,12.85000038,46.40599823,4.300000191
Low Fat,FDF05,Frozen Foods,2022,OUT018,Tier 3,Medium,Supermarket Type2,0.026980352,17.5,262.5910034,4.300000191
Low Fat,FDB21,Fruits and Vegetables,2022,OUT018,Tier 3,Medium,Supermarket Type2,0.149125621,7.474999905,241.6853943,4.300000191
Low Fat,FDD09,Fruits and Vegetables,2022,OUT018,Tier 3,Medium,Supermarket Type2,0.021583971,13.5,179.5975952,4.300000191
Low Fat,FDG57,Fruits and Vegetables,2022,OUT018,Tier 3,Medium,Supermarket Type2,0.072592869,14.69999981,48.5033989,4.300000191
Low Fat,FDX19,Fruits and Vegetables,2022,OUT018,Tier 3,Medium,Supermarket Type2,0.09712787,19.10000038,234.4958038,4.300000191
Low Fat,DRQ35,Hard Drinks,2022,OUT018,Tier 3,Medium,Supermarket Type2,0.042463727,9.300000191,121.938797,4.300000191
Low Fat,NCP29,Health and Hygiene,2022,OUT018,Tier 3,Medium,Supermarket Type2,0.112728357,8.420000076,65.81680298,4.300000191
Low Fat,NCR53,Health and Hygiene,2022,OUT018,Tier 3,Medium,Supermarket Type2,0,12.14999962,224.4403992,4.300000191
Low Fat,NCQ53,Health and Hygiene,2022,OUT018,Tier 3,Medium,Supermarket Type2,0.018982338,17.60000038,237.0590057,4.300000191
Low Fat,NCT42,Household,2022,OUT018,Tier 3,Medium,Supermarket Type2,0.0249887,5.880000114,150.3392029,4.300000191
Low Fat,NCT30,Household,2022,OUT018,Tier 3,Medium,Supermarket Type2,0.080619968,9.100000381,47.47180176,4.300000191
Low Fat,NCI06,Household,2022,OUT018,Tier 3,Medium,Supermarket Type2,0.047912072,11.30000019,179.8659973,4.300000191
Low Fat,NCK30,Household,2022,OUT018,Tier 3,Medium,Supermarket Type2,0.061226968,14.85000038,253.0697937,4.300000191
Low Fat,NCW06,Household,2022,OUT018,Tier 3,Medium,Supermarket Type2,0.050545502,16.20000076,191.6161957,4.300000191
Low Fat,NCI42,Household,2022,OUT018,Tier 3,Medium,Supermarket Type2,0.01040777,18.75,209.4954071,4.300000191
Low Fat,NCV30,Household,2022,OUT018,Tier 3,Medium,Supermarket Type2,0.066200666,20.20000076,61.45100021,4.300000191
Low Fat,NCP06,Household,2022,OUT018,Tier 3,Medium,Supermarket Type2,0.039405677,20.70000076,149.8365936,4.300000191
Low Fat,FDN15,Meat,2022,OUT018,Tier 3,Medium,Supermarket Type2,0.016802225,17.5,138.5180054,4.300000191
Low Fat,NCN19,Others,2022,OUT018,Tier 3,Medium,Supermarket Type2,0.012148836,13.10000038,191.3529968,4.300000191
Low Fat,FDX21,Snack Foods,2022,OUT018,Tier 3,Medium,Supermarket Type2,0.085312136,7.050000191,107.4912033,4.300000191
Low Fat,FDT58,Snack Foods,2022,OUT018,Tier 3,Medium,Supermarket Type2,0.086304858,9,168.081604,4.300000191
Low Fat,FDT22,Snack Foods,2022,OUT018,Tier 3,Medium,Supermarket Type2,0.11255385,10.39500046,59.02199936,4.300000191
Low Fat,FDY45,Snack Foods,2022,OUT018,Tier 3,Medium,Supermarket Type2,0.026248606,17.5,255.1356049,4.300000191
Low Fat,FDU34,Snack Foods,2022,OUT018,Tier 3,Medium,Supermarket Type2,0.075501241,18.25,123.104599,4.300000191
Low Fat,FDN21,Snack Foods,2022,OUT018,Tier 3,Medium,Supermarket Type2,0.077168703,18.60000038,160.6235962,4.300000191
Low Fat,FDO58,Snack Foods,2022,OUT018,Tier 3,Medium,Supermarket Type2,0.039738394,19.60000038,163.752594,4.300000191
Low Fat,DRG49,Soft Drinks,2022,OUT018,Tier 3,Medium,Supermarket Type2,0.067730084,7.809999943,242.6486053,4.300000191
Low Fat,DRE48,Soft Drinks,2022,OUT018,Tier 3,Medium,Supermarket Type2,0.017396308,8.430000305,196.0767975,4.300000191
Low Fat,DRI49,Soft Drinks,2022,OUT018,Tier 3,Medium,Supermarket Type2,0.184254825,14.14999962,82.42759705,4.300000191
Low Fat,DRD13,Soft Drinks,2022,OUT018,Tier 3,Medium,Supermarket Type2,0.049279392,15,65.71679688,4.300000191
Low Fat,DRI37,Soft Drinks,2022,OUT018,Tier 3,Medium,Supermarket Type2,0.10803619,15.85000038,57.39039993,4.300000191
Low Fat,DRG13,Soft Drinks,2022,OUT018,Tier 3,Medium,Supermarket Type2,0.037337631,17.25,163.752594,4.300000191
Regular,FDX48,Baking Goods,2022,OUT018,Tier 3,Medium,Supermarket Type2,0.038042232,17.75,154.2655945,4.300000191
Regular,FDX47,Breads,2022,OUT018,Tier 3,Medium,Supermarket Type2,0.034745306,6.550000191,158.8287964,4.300000191
Regular,FDL13,Breakfast,2022,OUT018,Tier 3,Medium,Supermarket Type2,0.056547984,13.85000038,232.7299957,4.300000191
Regular,FDA37,Canned,2022,OUT018,Tier 3,Medium,Supermarket Type2,0.055451725,7.809999943,122.604599,4.300000191
Regular,FDP13,Canned,2022,OUT018,Tier 3,Medium,Supermarket Type2,0.134870738,8.100000381,41.94800186,4.300000191
Regular,FDQ25,Canned,2022,OUT018,Tier 3,Medium,Supermarket Type2,0.028391879,8.630000114,173.9421997,4.300000191
Regular,FDE14,Canned,2022,OUT018,Tier 3,Medium,Supermarket Type2,0.031573247,13.64999962,99.47000122,4.300000191
Regular,FDA01,Canned,2022,OUT018,Tier 3,Medium,Supermarket Type2,0.054599766,15,59.49039841,4.300000191
Regular,FDW38,Dairy,2022,OUT018,Tier 3,Medium,Supermarket Type2,0.139244914,5.324999809,53.02980042,4.300000191
Regular,FDJ03,Dairy,2022,OUT018,Tier 3,Medium,Supermarket Type2,0.072689816,12.35000038,48.76919937,4.300000191
Regular,FDK03,Dairy,2022,OUT018,Tier 3,Medium,Supermarket Type2,0.074221559,12.60000038,255.9355927,4.300000191
Regular,FDC40,Dairy,2022,OUT018,Tier 3,Medium,Supermarket Type2,0.065328933,16,78.49859619,4.300000191
Regular,FDT26,Dairy,2022,OUT018,Tier 3,Medium,Supermarket Type2,0.068230323,18.85000038,121.0439987,4.300000191
Regular,FDM16,Frozen Foods,2022,OUT018,Tier 3,Medium,Supermarket Type2,0.033692088,8.154999733,76.23539734,4.300000191
Regular,FDH05,Frozen Foods,2022,OUT018,Tier 3,Medium,Supermarket Type2,0.091283984,14.35000038,232.6983948,4.300000191
Regular,FDO31,Fruits and Vegetables,2022,OUT018,Tier 3,Medium,Supermarket Type2,0.029100746,6.760000229,80.69599915,4.300000191
Regular,FDN08,Fruits and Vegetables,2022,OUT018,Tier 3,Medium,Supermarket Type2,0,7.71999979,117.7465973,4.300000191
Regular,FDC33,Fruits and Vegetables,2022,OUT018,Tier 3,Medium,Supermarket Type2,0.069219165,8.960000038,196.5767975,4.300000191
Regular,FDO08,Fruits and Vegetables,2022,OUT018,Tier 3,Medium,Supermarket Type2,0,11.10000038,165.552597,4.300000191
Regular,FDW19,Fruits and Vegetables,2022,OUT018,Tier 3,Medium,Supermarket Type2,0.038657255,12.35000038,110.2570038,4.300000191
Regular,FDY20,Fruits and Vegetables,2022,OUT018,Tier 3,Medium,Supermarket Type2,0.082085788,12.5,92.24880219,4.300000191
Regular,FDV19,Fruits and Vegetables,2022,OUT018,Tier 3,Medium,Supermarket Type2,0.035400659,14.85000038,161.9577942,4.300000191
Regular,FDF45,Fruits and Vegetables,2022,OUT018,Tier 3,Medium,Supermarket Type2,0.012254429,18.20000076,59.99039841,4.300000191
Regular,FDQ27,Meat,2022,OUT018,Tier 3,Medium,Supermarket Type2,0.044432886,5.190000057,102.8990021,4.300000191
Regular,FDY39,Meat,2022,OUT018,Tier 3,Medium,Supermarket Type2,0.047220267,5.304999828,181.9608002,4.300000191
Regular,FDM27,Meat,2022,OUT018,Tier 3,Medium,Supermarket Type2,0.159114897,12.35000038,158.1945953,4.300000191
Regular,FDU51,Meat,2022,OUT018,Tier 3,Medium,Supermarket Type2,0.096906833,20.20000076,175.5028076,4.300000191
Regular,FDS45,Snack Foods,2022,OUT018,Tier 3,Medium,Supermarket Type2,0.029616108,5.175000191,107.7621994,4.300000191
Regular,FDK10,Snack Foods,2022,OUT018,Tier 3,Medium,Supermarket Type2,0.040523265,5.784999847,177.8659973,4.300000191
Regular,FDO46,Snack Foods,2022,OUT018,Tier 3,Medium,Supermarket Type2,0.014270394,9.600000381,187.387207,4.300000191
Regular,FDL57,Snack Foods,2022,OUT018,Tier 3,Medium,Supermarket Type2,0.067350052,15.10000038,257.3304138,4.300000191
Regular,FDS46,Snack Foods,2022,OUT018,Tier 3,Medium,Supermarket Type2,0.047449835,17.60000038,118.1781998,4.300000191
Regular,DRC13,Soft Drinks,2022,OUT018,Tier 3,Medium,Supermarket Type2,0.032573726,8.260000229,125.072998,4.300000191
Regular,FDE23,Starchy Foods,2022,OUT018,Tier 3,Medium,Supermarket Type2,0.053397641,17.60000038,46.70600128,4.300000191
Low Fat,DRJ01,Soft Drinks,2022,OUT018,Tier 3,Medium,Supermarket Type2,0.115501001,6.135000229,161.1235962,4.300000191
Regular,FDA04,Frozen Foods,2022,OUT018,Tier 3,Medium,Supermarket Type2,0.067001827,11.30000019,259.1961975,4.300000191
Regular,FDS31,Fruits and Vegetables,2022,OUT018,Tier 3,Medium,Supermarket Type2,0.044372395,13.10000038,180.3318024,4.300000191
Low Fat,FDX60,Baking Goods,1998,OUT027,Tier 3,Medium,Supermarket Type3,0.080203854,12.85764534,77.9960022,4.300000191
Low Fat,FDM20,Fruits and Vegetables,1998,OUT027,Tier 3,Medium,Supermarket Type3,0,12.85764534,245.0144043,4.300000191
Low Fat,FDW08,Fruits and Vegetables,1998,OUT027,Tier 3,Medium,Supermarket Type3,0.147663027,12.85764534,106.0279999,4.300000191
Low Fat,NCR50,Household,1998,OUT027,Tier 3,Medium,Supermarket Type3,0.011762847,12.85764534,153.5339966,4.300000191
Low Fat,FDE24,Baking Goods,1998,OUT027,Tier 3,Medium,Supermarket Type3,0.093010023,12.85764534,143.0812073,4.300000191
Low Fat,FDJ48,Baking Goods,1998,OUT027,Tier 3,Medium,Supermarket Type3,0.05616153,12.85764534,246.9118042,4.300000191
Low Fat,FDO60,Baking Goods,1998,OUT027,Tier 3,Medium,Supermarket Type3,0.034203093,12.85764534,43.30860138,4.300000191
Low Fat,FDR48,Baking Goods,1998,OUT027,Tier 3,Medium,Supermarket Type3,0.130867407,12.85764534,150.8023987,4.300000191
Low Fat,FDA13,Canned,1998,OUT027,Tier 3,Medium,Supermarket Type3,0.078174546,12.85764534,39.95059967,4.300000191
Low Fat,FDF50,Canned,1998,OUT027,Tier 3,Medium,Supermarket Type3,0.116762176,12.85764534,198.9768066,4.300000191
Low Fat,FDN02,Canned,1998,OUT027,Tier 3,Medium,Supermarket Type3,0.073470235,12.85764534,205.3638,4.300000191
Low Fat,DRE15,Dairy,1998,OUT027,Tier 3,Medium,Supermarket Type3,0.01769927,12.85764534,74.20120239,4.300000191
Low Fat,DRF27,Dairy,1998,OUT027,Tier 3,Medium,Supermarket Type3,0.02827966,12.85764534,152.2339935,4.300000191
Low Fat,FDC17,Frozen Foods,1998,OUT027,Tier 3,Medium,Supermarket Type3,0.015385857,12.85764534,208.9927979,4.300000191
Low Fat,FDH41,Frozen Foods,1998,OUT027,Tier 3,Medium,Supermarket Type3,0.081614375,12.85764534,214.7534027,4.300000191
Low Fat,FDX28,Frozen Foods,1998,OUT027,Tier 3,Medium,Supermarket Type3,0,12.85764534,100.7042007,4.300000191
Low Fat,FDB08,Fruits and Vegetables,1998,OUT027,Tier 3,Medium,Supermarket Type3,0.030952737,12.85764534,160.1578064,4.300000191
Low Fat,FDC32,Fruits and Vegetables,1998,OUT027,Tier 3,Medium,Supermarket Type3,0.098629065,12.85764534,90.64620209,4.300000191
Low Fat,FDC44,Fruits and Vegetables,1998,OUT027,Tier 3,Medium,Supermarket Type3,0.171761081,12.85764534,115.7518005,4.300000191
Low Fat,FDD08,Fruits and Vegetables,1998,OUT027,Tier 3,Medium,Supermarket Type3,0.035183158,12.85764534,37.8506012,4.300000191
Low Fat,FDD20,Fruits and Vegetables,1998,OUT027,Tier 3,Medium,Supermarket Type3,0.020614212,12.85764534,126.4046021,4.300000191
Low Fat,FDE08,Fruits and Vegetables,1998,OUT027,Tier 3,Medium,Supermarket Type3,0.049080852,12.85764534,147.773407,4.300000191
Low Fat,FDE57,Fruits and Vegetables,1998,OUT027,Tier 3,Medium,Supermarket Type3,0.036109414,12.85764534,140.6154022,4.300000191
Low Fat,FDL20,Fruits and Vegetables,1998,OUT027,Tier 3,Medium,Supermarket Type3,0.127792701,12.85764534,111.1885986,4.300000191
Low Fat,FDN20,Fruits and Vegetables,1998,OUT027,Tier 3,Medium,Supermarket Type3,0.026055107,12.85764534,169.5473938,4.300000191
Low Fat,DRK59,Hard Drinks,1998,OUT027,Tier 3,Medium,Supermarket Type3,0.075084455,12.85764534,233.9615936,4.300000191
Low Fat,NCQ17,Health and Hygiene,1998,OUT027,Tier 3,Medium,Supermarket Type3,0.116366304,12.85764534,158.3630066,4.300000191
Low Fat,NCQ41,Health and Hygiene,1998,OUT027,Tier 3,Medium,Supermarket Type3,0.019386057,12.85764534,194.5794067,4.300000191
Low Fat,NCC18,Household,1998,OUT027,Tier 3,Medium,Supermarket Type3,0.176411584,12.85764534,173.2422028,4.300000191
Low Fat,NCH55,Household,1998,OUT027,Tier 3,Medium,Supermarket Type3,0.034504414,12.85764534,125.2020035,4.300000191
Low Fat,NCL54,Household,1998,OUT027,Tier 3,Medium,Supermarket Type3,0.082353078,12.85764534,176.9053955,4.300000191
Low Fat,NCO14,Household,1998,OUT027,Tier 3,Medium,Supermarket Type3,0.029500321,12.85764534,46.20859909,4.300000191
Low Fat,NCX54,Household,1998,OUT027,Tier 3,Medium,Supermarket Type3,0.047827139,12.85764534,105.3621979,4.300000191
Low Fat,FDI19,Meat,1998,OUT027,Tier 3,Medium,Supermarket Type3,0.052085616,12.85764534,242.8511963,4.300000191
Low Fat,FDL43,Meat,1998,OUT027,Tier 3,Medium,Supermarket Type3,0.026933322,12.85764534,78.46700287,4.300000191
Low Fat,FDN15,Meat,1998,OUT027,Tier 3,Medium,Supermarket Type3,0.016653022,12.85764534,139.5180054,4.300000191
Low Fat,FDP15,Meat,1998,OUT027,Tier 3,Medium,Supermarket Type3,0.083536074,12.85764534,255.4329987,4.300000191
Low Fat,FDQ39,Meat,1998,OUT027,Tier 3,Medium,Supermarket Type3,0.080649681,12.85764534,189.9846039,4.300000191
Low Fat,FDT03,Meat,1998,OUT027,Tier 3,Medium,Supermarket Type3,0.009950343,12.85764534,185.5608063,4.300000191
Low Fat,FDV51,Meat,1998,OUT027,Tier 3,Medium,Supermarket Type3,0.032381326,12.85764534,166.1842041,4.300000191
Low Fat,FDY51,Meat,1998,OUT027,Tier 3,Medium,Supermarket Type3,0.080741927,12.85764534,220.8798065,4.300000191
Low Fat,NCM43,Others,1998,OUT027,Tier 3,Medium,Supermarket Type3,0.019381059,12.85764534,164.3209991,4.300000191
Low Fat,FDP33,Snack Foods,1998,OUT027,Tier 3,Medium,Supermarket Type3,0.088839948,12.85764534,254.2671967,4.300000191
Low Fat,FDV21,Snack Foods,1998,OUT027,Tier 3,Medium,Supermarket Type3,0.170254469,12.85764534,124.8703995,4.300000191
Low Fat,DRD25,Soft Drinks,1998,OUT027,Tier 3,Medium,Supermarket Type3,0.078589626,12.85764534,113.2860031,4.300000191
Low Fat,DRE25,Soft Drinks,1998,OUT027,Tier 3,Medium,Supermarket Type3,0.072928317,12.85764534,94.41200256,4.300000191
Low Fat,DRF36,Soft Drinks,1998,OUT027,Tier 3,Medium,Supermarket Type3,0.023463124,12.85764534,190.6846008,4.300000191
Low Fat,DRG13,Soft Drinks,1998,OUT027,Tier 3,Medium,Supermarket Type3,0.037006076,12.85764534,164.752594,4.300000191
Low Fat,DRK13,Soft Drinks,1998,OUT027,Tier 3,Medium,Supermarket Type3,0.114609875,12.85764534,197.0084076,4.300000191
Regular,FDN23,Breads,1998,OUT027,Tier 3,Medium,Supermarket Type3,0.075142108,12.85764534,145.8444061,4.300000191
Regular,FDS59,Breads,1998,OUT027,Tier 3,Medium,Supermarket Type3,0.043680891,12.85764534,110.1569977,4.300000191
Regular,FDZ35,Breads,1998,OUT027,Tier 3,Medium,Supermarket Type3,0.022170592,12.85764534,105.1989975,4.300000191
Regular,FDD38,Canned,1998,OUT027,Tier 3,Medium,Supermarket Type3,0,12.85764534,100.3674011,4.300000191
Regular,FDU01,Canned,1998,OUT027,Tier 3,Medium,Supermarket Type3,0.011937183,12.85764534,184.7924042,4.300000191
Regular,FDC29,Frozen Foods,1998,OUT027,Tier 3,Medium,Supermarket Type3,0.024088444,12.85764534,112.717598,4.300000191
Regular,FDD41,Frozen Foods,1998,OUT027,Tier 3,Medium,Supermarket Type3,0.086837545,12.85764534,106.2305984,4.300000191
Regular,FDA08,Fruits and Vegetables,1998,OUT027,Tier 3,Medium,Supermarket Type3,0.049842615,12.85764534,164.252594,4.300000191
Regular,FDQ07,Fruits and Vegetables,1998,OUT027,Tier 3,Medium,Supermarket Type3,0.086983591,12.85764534,219.8455963,4.300000191
Regular,FDQ31,Fruits and Vegetables,1998,OUT027,Tier 3,Medium,Supermarket Type3,0.053586457,12.85764534,89.78559875,4.300000191
Regular,FDL03,Meat,1998,OUT027,Tier 3,Medium,Supermarket Type3,0.026949463,12.85764534,197.7109985,4.300000191
Regular,FDO27,Meat,1998,OUT027,Tier 3,Medium,Supermarket Type3,0.178210288,12.85764534,95.77519989,4.300000191
Regular,FDJ33,Snack Foods,1998,OUT027,Tier 3,Medium,Supermarket Type3,0.087894477,12.85764534,121.1729965,4.300000191
Regular,FDW09,Snack Foods,1998,OUT027,Tier 3,Medium,Supermarket Type3,0.025795292,12.85764534,80.23020172,4.300000191
Regular,FDZ21,Snack Foods,1998,OUT027,Tier 3,Medium,Supermarket Type3,0.039031927,12.85764534,95.64099884,4.300000191
Regular,DRZ11,Soft Drinks,1998,OUT027,Tier 3,Medium,Supermarket Type3,0.112119362,12.85764534,123.0388031,4.300000191
Low Fat,FDF32,Fruits and Vegetables,2000,OUT013,Tier 3,High,Supermarket Type1,0.0680243,16.35000038,196.4425964,4.199999809
Regular,FDN22,Snack Foods,2000,OUT013,Tier 3,High,Supermarket Type1,0.138190284,18.85000038,250.872406,4.199999809
Low Fat,NCS17,Health and Hygiene,2022,OUT018,Tier 3,Medium,Supermarket Type2,0.080829374,18.60000038,96.44360352,4.199999809
Low Fat,FDK43,Meat,2000,OUT013,Tier 3,High,Supermarket Type1,0.02681843,9.800000191,126.0019989,4.199999809
Low Fat,FDM40,Frozen Foods,2000,OUT013,Tier 3,High,Supermarket Type1,0.159803852,10.19499969,141.5153961,4.199999809
Regular,FDN33,Snack Foods,2010,OUT046,Tier 1,Small,Supermarket Type1,0.123115763,6.304999828,95.64360046,4.199999809
Regular,FDW39,Meat,1998,OUT019,Tier 1,Small,Grocery Store,0.064625345,12.85764534,176.9369965,4.199999809
Low Fat,DRJ13,Soft Drinks,2015,OUT045,Tier 2,Small,Supermarket Type1,0.063017845,12.64999962,159.0578003,4.199999809
Low Fat,DRI49,Soft Drinks,2010,OUT046,Tier 1,Small,Supermarket Type1,0.183507293,14.14999962,82.42759705,4.199999809
Low Fat,FDS52,Frozen Foods,2011,OUT010,Tier 3,Small,Grocery Store,0.009163216,8.890000343,101.7015991,4.199999809
Low Fat,NCX54,Household,2020,OUT017,Tier 2,Small,Supermarket Type1,0.048331715,9.194999695,105.1622009,4.199999809
Regular,FDI16,Frozen Foods,2017,OUT035,Tier 2,Small,Supermarket Type1,0,14,53.06399918,4.199999809
Regular,FDM22,Snack Foods,2000,OUT013,Tier 3,High,Supermarket Type1,0.041922849,14,54.76399994,4.199999809
Low Fat,NCO17,Health and Hygiene,1998,OUT019,Tier 1,Small,Grocery Store,0.128478467,12.85764534,117.9440002,4.199999809
Regular,FDK58,Snack Foods,2022,OUT018,Tier 3,Medium,Supermarket Type2,0.045165796,11.35000038,100.0016022,4.199999809
Regular,FDA08,Fruits and Vegetables,2015,OUT045,Tier 2,Small,Supermarket Type1,0.050186727,11.85000038,164.1526031,4.199999809
Low Fat,DRC27,Dairy,2017,OUT035,Tier 2,Small,Supermarket Type1,0.05809148,13.80000019,245.1802063,4.199999809
Regular,FDL58,Snack Foods,2020,OUT017,Tier 2,Small,Supermarket Type1,0,5.78000021,263.7568054,4.199999809
Low Fat,DRJ51,Dairy,2017,OUT035,Tier 2,Small,Supermarket Type1,0.08797726,14.10000038,229.066803,4.199999809
Regular,FDY03,Meat,2015,OUT045,Tier 2,Small,Supermarket Type1,0.076276205,17.60000038,110.9201965,4.199999809
Low Fat,FDG29,Frozen Foods,2000,OUT013,Tier 3,High,Supermarket Type1,0.056245074,17.60000038,43.34540176,4.199999809
Low Fat,DRP47,Hard Drinks,2020,OUT017,Tier 2,Small,Supermarket Type1,0.141398624,15.75,250.5381927,4.199999809
Low Fat,FDB53,Frozen Foods,2015,OUT045,Tier 2,Small,Supermarket Type1,0.139735222,13.35000038,147.5391998,4.199999809
Regular,FDM01,Breakfast,2020,OUT017,Tier 2,Small,Supermarket Type1,0.095102094,7.894999981,104.433197,4.199999809
Low Fat,FDJ22,Snack Foods,1998,OUT019,Tier 1,Small,Grocery Store,0.092463918,12.85764534,190.9503937,4.199999809
Regular,FDR59,Breads,2015,OUT045,Tier 2,Small,Supermarket Type1,0.063993067,14.5,260.4594116,4.199999809
Low Fat,FDH27,Dairy,2010,OUT046,Tier 1,Small,Supermarket Type1,0.058346938,7.074999809,142.2127991,4.199999809
Low Fat,NCW53,Health and Hygiene,1998,OUT019,Tier 1,Small,Grocery Store,0.053392943,12.85764534,193.8161926,4.199999809
Low Fat,FDW24,Baking Goods,1998,OUT019,Tier 1,Small,Grocery Store,0.065652497,12.85764534,48.90340042,4.199999809
Regular,FDF11,Starchy Foods,2017,OUT035,Tier 2,Small,Supermarket Type1,0.017627887,10.19499969,239.6537933,4.199999809
Low Fat,FDZ27,Dairy,2015,OUT045,Tier 2,Small,Supermarket Type1,0.017191054,7.934999943,51.53499985,4.199999809
Regular,FDL51,Dairy,2012,OUT049,Tier 1,Medium,Supermarket Type1,0.047565207,20.70000076,213.4875946,4.199999809
Low Fat,FDX08,Fruits and Vegetables,2010,OUT046,Tier 1,Small,Supermarket Type1,0.02260405,12.85000038,181.4317932,4.199999809
Low Fat,DRH15,Dairy,2000,OUT013,Tier 3,High,Supermarket Type1,0,8.774999619,45.94279861,4.199999809
Low Fat,FDS26,Dairy,1998,OUT027,Tier 3,Medium,Supermarket Type3,0.089035958,12.85764534,260.5593872,4.199999809
Regular,FDT09,Snack Foods,2012,OUT049,Tier 1,Medium,Supermarket Type1,0.012282366,15.14999962,132.5283966,4.199999809
Low Fat,FDK41,Frozen Foods,2010,OUT046,Tier 1,Small,Supermarket Type1,0.127541721,14.30000019,84.92240143,4.199999809
Low Fat,FDN09,Snack Foods,2011,OUT010,Tier 3,Small,Grocery Store,0.058373079,14.14999962,243.9828033,4.199999809
Low Fat,FDK24,Baking Goods,2022,OUT018,Tier 3,Medium,Supermarket Type2,0,9.194999695,43.67440033,4.199999809
Regular,FDW31,Fruits and Vegetables,2022,OUT018,Tier 3,Medium,Supermarket Type2,0.04333391,11.35000038,201.0742035,4.199999809
Regular,FDL48,Baking Goods,2000,OUT013,Tier 3,High,Supermarket Type1,0.082197957,19.35000038,49.20339966,4.199999809
Regular,FDB38,Canned,1998,OUT019,Tier 1,Small,Grocery Store,0,12.85764534,160.6920013,4.199999809
Regular,FDW44,Fruits and Vegetables,2012,OUT049,Tier 1,Medium,Supermarket Type1,0.035205867,9.5,171.3448029,4.199999809
Low Fat,FDE22,Snack Foods,1998,OUT019,Tier 1,Small,Grocery Store,0.051778171,12.85764534,157.8919983,4.199999809
Low Fat,NCU41,Health and Hygiene,2010,OUT046,Tier 1,Small,Supermarket Type1,0.052054819,18.85000038,189.1846008,4.199999809
Low Fat,FDL46,Snack Foods,1998,OUT027,Tier 3,Medium,Supermarket Type3,0.053795155,12.85764534,117.7465973,4.199999809
Low Fat,FDB21,Fruits and Vegetables,2017,OUT035,Tier 2,Small,Supermarket Type1,0.148492515,7.474999905,240.6853943,4.199999809
Low Fat,NCJ42,Household,2010,OUT046,Tier 1,Small,Supermarket Type1,0.014301326,19.75,103.0332031,4.199999809
Low Fat,FDJ08,Fruits and Vegetables,2020,OUT017,Tier 2,Medium,Supermarket Type1,0.111298114,11.10000038,191.7846069,4.199999809
Low Fat,FDB16,Dairy,2012,OUT049,Tier 1,Medium,Supermarket Type1,0.044995632,8.210000038,89.21980286,4.199999809
Regular,FDJ55,Meat,2012,OUT049,Tier 1,Medium,Supermarket Type1,0.023567539,12.80000019,226.8403931,4.199999809
Low Fat,NCZ06,Household,1998,OUT019,Tier 1,Small,Grocery Store,0.164864913,12.85764534,255.2698059,4.199999809
Low Fat,FDM14,Canned,2010,OUT046,Tier 1,Small,Supermarket Type1,0.013263968,13.80000019,106.9253998,4.199999809
Low Fat,FDA23,Baking Goods,2010,OUT046,Tier 1,Small,Supermarket Type1,0.047187038,9.800000191,100.6016006,4.199999809
Low Fat,FDW49,Canned,2010,OUT046,Tier 1,Small,Supermarket Type1,0.082552217,19.5,179.8002014,4.199999809
Low Fat,DRK23,Hard Drinks,2012,OUT049,Tier 1,Medium,Supermarket Type1,0.072088555,8.395000458,253.7039948,4.199999809
Regular,FDV56,Fruits and Vegetables,1998,OUT027,Tier 3,Medium,Supermarket Type3,0.013529884,12.85764534,106.2595978,4.199999809
Low Fat,DRK39,Dairy,2000,OUT013,Tier 3,High,Supermarket Type1,0.049823903,7.019999981,82.22499847,4.199999809
Low Fat,FDM52,Frozen Foods,2015,OUT045,Tier 2,Medium,Supermarket Type1,0.026046138,15.10000038,147.2075958,4.199999809
Low Fat,FDH58,Snack Foods,2015,OUT045,Tier 2,Medium,Supermarket Type1,0.037014589,12.30000019,115.183403,4.199999809
Regular,FDL24,Baking Goods,1998,OUT027,Tier 3,Medium,Supermarket Type3,0.024776027,12.85764534,172.3421936,4.199999809
Low Fat,FDF46,Snack Foods,2017,OUT035,Tier 2,Small,Supermarket Type1,0.093653463,7.070000172,113.3834,4.199999809
Low Fat,NCO54,Household,2015,OUT045,Tier 2,Medium,Supermarket Type1,0.01430324,19.5,57.26139832,4.199999809
Low Fat,NCR17,Health and Hygiene,2022,OUT018,Tier 3,Medium,Supermarket Type2,0.024482643,9.800000191,116.2491989,4.199999809
Regular,FDU44,Fruits and Vegetables,1998,OUT027,Tier 3,Medium,Supermarket Type3,0.058142796,12.85764534,162.1551971,4.199999809
Regular,FDJ03,Dairy,2000,OUT013,Tier 3,High,Supermarket Type1,0.07233467,12.35000038,49.1692009,4.199999809
Regular,FDZ08,Fruits and Vegetables,1998,OUT027,Tier 3,Medium,Supermarket Type3,0.109459735,12.85764534,84.15920258,4.199999809
Low Fat,NCK42,Household,2010,OUT046,Tier 1,Small,Supermarket Type1,0.013120028,7.474999905,217.6192017,4.199999809
Low Fat,DRK12,Soft Drinks,2011,OUT010,Tier 3,Medium,Grocery Store,0,9.5,32.88999939,4.199999809
Low Fat,NCR30,Household,2022,OUT018,Tier 3,Medium,Supermarket Type2,0.071282171,20.60000038,74.46959686,4.199999809
Low Fat,NCZ41,Health and Hygiene,2000,OUT013,Tier 3,High,Supermarket Type1,0.06436763,19.85000038,126.1704025,4.199999809
Regular,FDN52,Frozen Foods,1998,OUT027,Tier 3,Medium,Supermarket Type3,0.130932748,12.85764534,86.9197998,4.199999809
Low Fat,FDA43,Fruits and Vegetables,2000,OUT013,Tier 3,High,Supermarket Type1,0.064621925,10.89500046,196.6793976,4.199999809
Low Fat,NCO18,Household,2015,OUT045,Tier 2,Medium,Supermarket Type1,0.024701262,13.14999962,176.8686066,4.199999809
Low Fat,FDZ33,Snack Foods,2017,OUT035,Tier 2,Small,Supermarket Type1,0.107376739,10.19499969,147.607605,4.199999809
Low Fat,NCY05,Health and Hygiene,2010,OUT046,Tier 1,Small,Supermarket Type1,0.054990008,13.5,35.28739929,4.199999809
Low Fat,FDO34,Snack Foods,2011,OUT010,Tier 3,Medium,Grocery Store,0.05011164,17.70000076,165.9815979,4.199999809
Low Fat,FDX20,Fruits and Vegetables,2012,OUT049,Tier 1,Medium,Supermarket Type1,0.042626422,7.364999771,227.0720062,4.199999809
Low Fat,NCD19,Household,2012,OUT049,Tier 1,Medium,Supermarket Type1,0,8.930000305,53.26139832,4.199999809
Low Fat,FDZ12,Baking Goods,2012,OUT049,Tier 1,Medium,Supermarket Type1,0.103138924,9.170000076,141.746994,4.199999809
Low Fat,FDA23,Baking Goods,2012,OUT049,Tier 1,Medium,Supermarket Type1,0.047260404,9.800000191,102.8015976,4.199999809
Low Fat,FDO12,Baking Goods,2012,OUT049,Tier 1,Medium,Supermarket Type1,0.055015936,15.75,194.3451996,4.199999809
Low Fat,FDH24,Baking Goods,2012,OUT049,Tier 1,Medium,Supermarket Type1,0.021464454,20.70000076,156.6287994,4.199999809
Low Fat,FDW47,Breads,2012,OUT049,Tier 1,Medium,Supermarket Type1,0.046447329,15,121.5413971,4.199999809
Low Fat,FDW25,Canned,2012,OUT049,Tier 1,Medium,Supermarket Type1,0.037457097,5.175000191,83.42240143,4.199999809
Low Fat,FDC38,Canned,2012,OUT049,Tier 1,Medium,Supermarket Type1,0.122684412,15.69999981,132.2942047,4.199999809
Low Fat,FDB15,Dairy,2012,OUT049,Tier 1,Medium,Supermarket Type1,0.137023449,10.89500046,263.7568054,4.199999809
Low Fat,DRC27,Dairy,2012,OUT049,Tier 1,Medium,Supermarket Type1,0.058192801,13.80000019,246.9801941,4.199999809
Low Fat,FDS50,Dairy,2012,OUT049,Tier 1,Medium,Supermarket Type1,0.055519562,17,219.8114014,4.199999809
Low Fat,DRH51,Dairy,2012,OUT049,Tier 1,Medium,Supermarket Type1,0.097367719,17.60000038,89.38559723,4.199999809
Low Fat,FDB05,Frozen Foods,2012,OUT049,Tier 1,Medium,Supermarket Type1,0.083327696,5.15500021,247.2776031,4.199999809
Low Fat,FDO16,Frozen Foods,2012,OUT049,Tier 1,Medium,Supermarket Type1,0.015131684,5.480000019,83.02500153,4.199999809
Low Fat,FDZ04,Frozen Foods,2012,OUT049,Tier 1,Medium,Supermarket Type1,0.038014103,9.31000042,62.35100174,4.199999809
Low Fat,FDH16,Frozen Foods,2012,OUT049,Tier 1,Medium,Supermarket Type1,0.052637056,10.5,88.58300018,4.199999809
Low Fat,FDL16,Frozen Foods,2012,OUT049,Tier 1,Medium,Supermarket Type1,0.168714762,12.85000038,47.30599976,4.199999809
Low Fat,FDD08,Fruits and Vegetables,2012,OUT049,Tier 1,Medium,Supermarket Type1,0.035409328,8.300000191,36.25059891,4.199999809
Low Fat,FDN31,Fruits and Vegetables,2012,OUT049,Tier 1,Medium,Supermarket Type1,0.072994851,11.5,189.253006,4.199999809
Low Fat,FDV43,Fruits and Vegetables,2012,OUT049,Tier 1,Medium,Supermarket Type1,0.076975115,16,46.20859909,4.199999809
Low Fat,FDI32,Fruits and Vegetables,2012,OUT049,Tier 1,Medium,Supermarket Type1,0.174644545,17.70000076,113.2834015,4.199999809
Low Fat,FDE08,Fruits and Vegetables,2012,OUT049,Tier 1,Medium,Supermarket Type1,0.049396362,18.20000076,146.4734039,4.199999809
Low Fat,DRK11,Hard Drinks,2012,OUT049,Tier 1,Medium,Supermarket Type1,0.010781158,8.210000038,149.9391937,4.199999809
Low Fat,DRP47,Hard Drinks,2012,OUT049,Tier 1,Medium,Supermarket Type1,0.140821919,15.75,252.9382019,4.199999809
Low Fat,NCM53,Health and Hygiene,2012,OUT049,Tier 1,Medium,Supermarket Type1,0.052121826,18.75,104.8280029,4.199999809
Low Fat,NCV54,Household,2012,OUT049,Tier 1,Medium,Supermarket Type1,0.033160418,11.10000038,119.6123962,4.199999809
Low Fat,NCG42,Household,2012,OUT049,Tier 1,Medium,Supermarket Type1,0.04129193,19.20000076,130.1309967,4.199999809
Low Fat,FDV03,Meat,2012,OUT049,Tier 1,Medium,Supermarket Type1,0.058181584,17.60000038,154.4313965,4.199999809
Low Fat,FDL15,Meat,2012,OUT049,Tier 1,Medium,Supermarket Type1,0.046707265,17.85000038,152.6681976,4.199999809
Low Fat,FDL10,Snack Foods,2012,OUT049,Tier 1,Medium,Supermarket Type1,0.039553605,8.395000458,99.10420227,4.199999809
Low Fat,FDX09,Snack Foods,2012,OUT049,Tier 1,Medium,Supermarket Type1,0.065350711,9,175.4369965,4.199999809
Low Fat,FDI46,Snack Foods,2012,OUT049,Tier 1,Medium,Supermarket Type1,0.074460857,9.5,253.6723938,4.199999809
Low Fat,FDZ33,Snack Foods,2012,OUT049,Tier 1,Medium,Supermarket Type1,0.107564025,10.19499969,149.0075989,4.199999809
Low Fat,FDQ22,Snack Foods,2012,OUT049,Tier 1,Medium,Supermarket Type1,0.029785888,16.75,38.98220062,4.199999809
Low Fat,FDV45,Snack Foods,2012,OUT049,Tier 1,Medium,Supermarket Type1,0.045117475,16.75,187.9555969,4.199999809
Low Fat,FDU34,Snack Foods,2012,OUT049,Tier 1,Medium,Supermarket Type1,0.07531184,18.25,122.604599,4.199999809
Low Fat,FDY46,Snack Foods,2012,OUT049,Tier 1,Medium,Supermarket Type1,0.047964394,18.60000038,185.089798,4.199999809
Low Fat,FDP10,Snack Foods,2012,OUT049,Tier 1,Medium,Supermarket Type1,0.128289282,19,104.9621964,4.199999809
Low Fat,FDR21,Snack Foods,2012,OUT049,Tier 1,Medium,Supermarket Type1,0.067039527,19.70000076,178.3370056,4.199999809
Low Fat,DRK49,Soft Drinks,2012,OUT049,Tier 1,Medium,Supermarket Type1,0.0359996,14.14999962,41.51380157,4.199999809
Low Fat,DRE25,Soft Drinks,2012,OUT049,Tier 1,Medium,Supermarket Type1,0.07339713,15.35000038,91.91200256,4.199999809
Regular,FDB49,Baking Goods,2012,OUT049,Tier 1,Medium,Supermarket Type1,0.030198228,8.300000191,98.23840332,4.199999809
Regular,FDV11,Breads,2012,OUT049,Tier 1,Medium,Supermarket Type1,0.081794769,9.100000381,173.6053925,4.199999809
Regular,FDR59,Breads,2012,OUT049,Tier 1,Medium,Supermarket Type1,0.06396284,14.5,263.1593933,4.199999809
Regular,FDV13,Canned,2012,OUT049,Tier 1,Medium,Supermarket Type1,0.027653795,17.35000038,88.08560181,4.199999809
Regular,FDU26,Dairy,2012,OUT049,Tier 1,Medium,Supermarket Type1,0.042685218,16.70000076,120.7781982,4.199999809
Regular,FDA03,Dairy,2012,OUT049,Tier 1,Medium,Supermarket Type1,0.045534458,18.5,146.3101959,4.199999809
Regular,FDN28,Frozen Foods,2012,OUT049,Tier 1,Medium,Supermarket Type1,0.030294931,5.880000114,104.098999,4.199999809
Regular,FDI53,Frozen Foods,2012,OUT049,Tier 1,Medium,Supermarket Type1,0.137858957,8.895000458,162.1235962,4.199999809
Regular,FDR28,Frozen Foods,2012,OUT049,Tier 1,Medium,Supermarket Type1,0.025936747,13.85000038,164.9210052,4.199999809
Regular,FDF29,Frozen Foods,2012,OUT049,Tier 1,Medium,Supermarket Type1,0.019965179,15.10000038,130.5310059,4.199999809
Regular,FDY04,Frozen Foods,2012,OUT049,Tier 1,Medium,Supermarket Type1,0.042542484,17.70000076,161.9210052,4.199999809
Regular,FDV19,Fruits and Vegetables,2012,OUT049,Tier 1,Medium,Supermarket Type1,0.035311852,14.85000038,160.9577942,4.199999809
Regular,FDH20,Fruits and Vegetables,2012,OUT049,Tier 1,Medium,Supermarket Type1,0.024987902,16.10000038,97.34100342,4.199999809
Regular,FDO19,Fruits and Vegetables,2012,OUT049,Tier 1,Medium,Supermarket Type1,0.016622448,17.70000076,50.20339966,4.199999809
Regular,FDU20,Fruits and Vegetables,2012,OUT049,Tier 1,Medium,Supermarket Type1,0.021490911,19.35000038,122.1098022,4.199999809
Regular,FDR20,Fruits and Vegetables,2012,OUT049,Tier 1,Medium,Supermarket Type1,0.028167479,20,45.57440186,4.199999809
Regular,FDV20,Fruits and Vegetables,2012,OUT049,Tier 1,Medium,Supermarket Type1,0.059894379,20.20000076,125.9677963,4.199999809
Regular,FDO27,Meat,2012,OUT049,Tier 1,Medium,Supermarket Type1,0.17935589,6.175000191,94.17520142,4.199999809
Regular,FDX51,Meat,2012,OUT049,Tier 1,Medium,Supermarket Type1,0.022093019,9.5,195.9452057,4.199999809
Regular,FDR27,Meat,2012,OUT049,Tier 1,Medium,Supermarket Type1,0.096249841,15.10000038,134.4942017,4.199999809
Regular,FDU33,Snack Foods,2012,OUT049,Tier 1,Medium,Supermarket Type1,0.134919196,7.630000114,46.94020081,4.199999809
Regular,FDC10,Snack Foods,2012,OUT049,Tier 1,Medium,Supermarket Type1,0.072990976,9.800000191,121.6098022,4.199999809
Regular,FDF11,Starchy Foods,2012,OUT049,Tier 1,Medium,Supermarket Type1,0.017658634,10.19499969,240.1537933,4.199999809
Regular,FDE11,Starchy Foods,2012,OUT049,Tier 1,Medium,Supermarket Type1,0.135306016,17.70000076,183.7924042,4.199999809
Low Fat,FDO24,Baking Goods,2012,OUT049,Tier 1,Medium,Supermarket Type1,0,11.10000038,156.4604034,4.199999809
Low Fat,NCD54,Household,2012,OUT049,Tier 1,Medium,Supermarket Type1,0.029054046,21.10000038,144.6786041,4.199999809
Low Fat,FDH33,Snack Foods,1998,OUT019,Tier 1,Small,Grocery Store,0.213125482,12.85764534,44.94279861,4.199999809
Low Fat,FDK24,Baking Goods,1998,OUT019,Tier 1,Small,Grocery Store,0.177354366,12.85764534,46.67440033,4.199999809
Low Fat,FDN60,Baking Goods,1998,OUT019,Tier 1,Small,Grocery Store,0.166609511,12.85764534,157.6604004,4.199999809
Low Fat,FDW36,Baking Goods,1998,OUT019,Tier 1,Small,Grocery Store,0.099681705,12.85764534,107.4621964,4.199999809
Low Fat,FDR23,Breads,1998,OUT019,Tier 1,Small,Grocery Store,0.143199384,12.85764534,175.8370056,4.199999809
Low Fat,FDA13,Canned,1998,OUT019,Tier 1,Small,Grocery Store,0.13753958,12.85764534,38.8506012,4.199999809
Low Fat,FDH38,Canned,1998,OUT019,Tier 1,Small,Grocery Store,0.018275995,12.85764534,115.2807999,4.199999809
Low Fat,FDS01,Canned,1998,OUT019,Tier 1,Small,Grocery Store,0.031069202,12.85764534,179.6685944,4.199999809
Low Fat,FDY13,Canned,1998,OUT019,Tier 1,Small,Grocery Store,0.052749198,12.85764534,74.96700287,4.199999809
Low Fat,FDL40,Frozen Foods,1998,OUT019,Tier 1,Small,Grocery Store,0,12.85764534,98.24099731,4.199999809
Low Fat,NCK05,Health and Hygiene,1998,OUT019,Tier 1,Small,Grocery Store,0.135612398,12.85764534,61.15359879,4.199999809
Low Fat,NCM05,Health and Hygiene,1998,OUT019,Tier 1,Small,Grocery Store,0.104784332,12.85764534,266.0226135,4.199999809
Low Fat,NCY29,Health and Hygiene,1998,OUT019,Tier 1,Small,Grocery Store,0.135226965,12.85764534,56.29299927,4.199999809
Low Fat,NCG30,Household,1998,OUT019,Tier 1,Small,Grocery Store,0.196659952,12.85764534,125.8046036,4.199999809
Low Fat,FDG31,Meat,1998,OUT019,Tier 1,Small,Grocery Store,0.066351689,12.85764534,65.08260345,4.199999809
Low Fat,FDV15,Meat,1998,OUT019,Tier 1,Small,Grocery Store,0.255929083,12.85764534,103.3647995,4.199999809
Low Fat,FDE46,Snack Foods,1998,OUT019,Tier 1,Small,Grocery Store,0.027610699,12.85764534,149.5366058,4.199999809
Low Fat,DRF25,Soft Drinks,1998,OUT019,Tier 1,Small,Grocery Store,0.068153091,12.85764534,36.01900101,4.199999809
Low Fat,DRF49,Soft Drinks,1998,OUT019,Tier 1,Small,Grocery Store,0.124448292,12.85764534,112.0518036,4.199999809
Low Fat,DRH37,Soft Drinks,1998,OUT019,Tier 1,Small,Grocery Store,0.072864868,12.85764534,165.252594,4.199999809
Regular,FDH14,Canned,1998,OUT019,Tier 1,Small,Grocery Store,0.081955738,12.85764534,142.0838013,4.199999809
Regular,FDE51,Dairy,1998,OUT019,Tier 1,Small,Grocery Store,0.168901846,12.85764534,43.40859985,4.199999809
Regular,FDL52,Frozen Foods,1998,OUT019,Tier 1,Small,Grocery Store,0.080697998,12.85764534,39.8506012,4.199999809
Regular,FDY28,Frozen Foods,1998,OUT019,Tier 1,Small,Grocery Store,0.266396701,12.85764534,215.6217957,4.199999809
Regular,FDE56,Fruits and Vegetables,1998,OUT019,Tier 1,Small,Grocery Store,0.278730631,12.85764534,63.2193985,4.199999809
Regular,FDH45,Fruits and Vegetables,1998,OUT019,Tier 1,Small,Grocery Store,0.185008988,12.85764534,42.37960052,4.199999809
Regular,FDH56,Fruits and Vegetables,1998,OUT019,Tier 1,Small,Grocery Store,0.111735687,12.85764534,115.9492035,4.199999809
Regular,FDO56,Fruits and Vegetables,1998,OUT019,Tier 1,Small,Grocery Store,0.07875865,12.85764534,116.3807983,4.199999809
Regular,FDT55,Fruits and Vegetables,1998,OUT019,Tier 1,Small,Grocery Store,0.076434545,12.85764534,155.8946075,4.199999809
Regular,FDY03,Meat,1998,OUT019,Tier 1,Small,Grocery Store,0.133279502,12.85764534,112.6202011,4.199999809
Regular,FDS21,Snack Foods,1998,OUT019,Tier 1,Small,Grocery Store,0.036551446,12.85764534,62.7193985,4.199999809
Low Fat,FDB50,Canned,2010,OUT046,Tier 1,Small,Supermarket Type1,0.153618559,13,79.69860077,4.199999809
Low Fat,NCN30,Household,2010,OUT046,Tier 1,Small,Supermarket Type1,0.016993204,16.35000038,95.74099731,4.199999809
Low Fat,FDV15,Meat,2010,OUT046,Tier 1,Small,Supermarket Type1,0.146172449,10.30000019,103.3647995,4.199999809
Low Fat,FDZ12,Baking Goods,2010,OUT046,Tier 1,Small,Supermarket Type1,0.102978818,9.170000076,144.9470062,4.199999809
Low Fat,FDS23,Breads,2010,OUT046,Tier 1,Small,Supermarket Type1,0.140889108,4.635000229,127.0994034,4.199999809
Low Fat,FDR35,Breads,2010,OUT046,Tier 1,Small,Supermarket Type1,0.020697722,12.5,198.8742065,4.199999809
Low Fat,FDX13,Canned,2010,OUT046,Tier 1,Small,Supermarket Type1,0.047782958,7.724999905,249.1092072,4.199999809
Low Fat,FDG02,Canned,2010,OUT046,Tier 1,Small,Supermarket Type1,0.011261165,7.855000019,189.5187988,4.199999809
Low Fat,FDO50,Canned,2010,OUT046,Tier 1,Small,Supermarket Type1,0.078168742,16.25,91.38040161,4.199999809
Low Fat,FDC28,Frozen Foods,2010,OUT046,Tier 1,Small,Supermarket Type1,0.05498692,7.90500021,108.6253967,4.199999809
Low Fat,FDH41,Frozen Foods,2010,OUT046,Tier 1,Small,Supermarket Type1,0.082011521,9,213.3533936,4.199999809
Low Fat,FDC17,Frozen Foods,2010,OUT046,Tier 1,Small,Supermarket Type1,0.015460726,12.14999962,211.892807,4.199999809
Low Fat,FDG40,Frozen Foods,2010,OUT046,Tier 1,Small,Supermarket Type1,0.039824344,13.64999962,32.85580063,4.199999809
Low Fat,FDG29,Frozen Foods,2010,OUT046,Tier 1,Small,Supermarket Type1,0.056291919,17.60000038,42.54539871,4.199999809
Low Fat,FDD05,Frozen Foods,2010,OUT046,Tier 1,Small,Supermarket Type1,0.016611475,19.35000038,122.0098038,4.199999809
Low Fat,FDO32,Fruits and Vegetables,2010,OUT046,Tier 1,Small,Supermarket Type1,0.120543614,6.360000134,45.80599976,4.199999809
Low Fat,DRH59,Hard Drinks,2010,OUT046,Tier 1,Small,Supermarket Type1,0.058433451,10.80000019,74.73799896,4.199999809
Low Fat,NCM17,Health and Hygiene,2010,OUT046,Tier 1,Small,Supermarket Type1,0.071135871,7.929999828,42.70859909,4.199999809
Low Fat,NCP29,Health and Hygiene,2010,OUT046,Tier 1,Small,Supermarket Type1,0.112271011,8.420000076,63.21680069,4.199999809
Low Fat,NCN41,Health and Hygiene,2010,OUT046,Tier 1,Small,Supermarket Type1,0.052209303,17,122.3730011,4.199999809
Low Fat,NCP17,Health and Hygiene,2010,OUT046,Tier 1,Small,Supermarket Type1,0.027714372,19.35000038,65.6167984,4.199999809
Low Fat,NCA05,Health and Hygiene,2010,OUT046,Tier 1,Small,Supermarket Type1,0.025130631,20.75,150.0733948,4.199999809
Low Fat,NCB31,Household,2010,OUT046,Tier 1,Small,Supermarket Type1,0.11867436,6.235000134,261.6910095,4.199999809
Low Fat,NCE07,Household,2010,OUT046,Tier 1,Small,Supermarket Type1,0.013130031,8.180000305,142.6154022,4.199999809
Low Fat,NCD19,Household,2010,OUT046,Tier 1,Small,Supermarket Type1,0.013179388,8.930000305,55.16139984,4.199999809
Low Fat,NCP18,Household,2010,OUT046,Tier 1,Small,Supermarket Type1,0.028598251,12.14999962,150.4707947,4.199999809
Low Fat,NCG06,Household,2010,OUT046,Tier 1,Small,Supermarket Type1,0.029445361,16.35000038,257.6646118,4.199999809
Low Fat,NCC30,Household,2010,OUT046,Tier 1,Small,Supermarket Type1,0.027579198,16.60000038,178.7344055,4.199999809
Low Fat,NCI30,Household,2010,OUT046,Tier 1,Small,Supermarket Type1,0.058935523,20.25,246.6459961,4.199999809
Low Fat,FDS03,Meat,2010,OUT046,Tier 1,Small,Supermarket Type1,0.079628609,7.824999809,63.48260117,4.199999809
Low Fat,FDL43,Meat,2010,OUT046,Tier 1,Small,Supermarket Type1,0.027064381,10.10000038,76.36699677,4.199999809
Low Fat,FDV03,Meat,2010,OUT046,Tier 1,Small,Supermarket Type1,0.058091268,17.60000038,156.2313995,4.199999809
Low Fat,NCL31,Others,2010,OUT046,Tier 1,Small,Supermarket Type1,0.120280989,7.389999866,142.746994,4.199999809
Low Fat,FDR58,Snack Foods,2010,OUT046,Tier 1,Small,Supermarket Type1,0.041921463,6.675000191,92.34619904,4.199999809
Low Fat,FDF22,Snack Foods,2010,OUT046,Tier 1,Small,Supermarket Type1,0.056830682,6.864999771,214.0218048,4.199999809
Low Fat,FDZ10,Snack Foods,2010,OUT046,Tier 1,Small,Supermarket Type1,0.044463489,17.85000038,127.1019974,4.199999809
Low Fat,FDW45,Snack Foods,2010,OUT046,Tier 1,Small,Supermarket Type1,0.03901099,18,147.741806,4.199999809
Low Fat,FDN45,Snack Foods,2010,OUT046,Tier 1,Small,Supermarket Type1,0.118102767,19.35000038,224.8088074,4.199999809
Low Fat,DRZ24,Soft Drinks,2010,OUT046,Tier 1,Small,Supermarket Type1,0.081787519,7.534999847,120.8440018,4.199999809
Regular,FDS36,Baking Goods,2010,OUT046,Tier 1,Small,Supermarket Type1,0.046887338,8.380000114,107.9570007,4.199999809
Regular,FDJ60,Baking Goods,2010,OUT046,Tier 1,Small,Supermarket Type1,0.062528424,19.35000038,166.918396,4.199999809
Regular,FDB37,Baking Goods,2010,OUT046,Tier 1,Small,Supermarket Type1,0.022940826,20.25,241.8538055,4.199999809
Regular,FDG38,Canned,2010,OUT046,Tier 1,Small,Supermarket Type1,0.052729141,8.975000381,86.42240143,4.199999809
Regular,FDI38,Canned,2010,OUT046,Tier 1,Small,Supermarket Type1,0.014626901,13.35000038,207.7637939,4.199999809
Regular,FDI02,Canned,2010,OUT046,Tier 1,Small,Supermarket Type1,0.114565089,15.69999981,112.0202026,4.199999809
Regular,FDD38,Canned,2010,OUT046,Tier 1,Small,Supermarket Type1,0.008191729,16.75,103.5673981,4.199999809
Regular,FDY49,Canned,2010,OUT046,Tier 1,Small,Supermarket Type1,0.012012071,17.20000076,163.1183929,4.199999809
Regular,FDE05,Frozen Foods,2010,OUT046,Tier 1,Small,Supermarket Type1,0.032454047,10.89500046,144.8101959,4.199999809
Regular,FDQ40,Frozen Foods,2010,OUT046,Tier 1,Small,Supermarket Type1,0.036027525,11.10000038,177.2711945,4.199999809
Regular,FDI16,Frozen Foods,2010,OUT046,Tier 1,Small,Supermarket Type1,0.1357757,14,54.56399918,4.199999809
Regular,FDV28,Frozen Foods,2010,OUT046,Tier 1,Small,Supermarket Type1,0.159728393,16.10000038,34.35580063,4.199999809
Regular,FDZ43,Fruits and Vegetables,2010,OUT046,Tier 1,Small,Supermarket Type1,0.057058547,11,241.7512054,4.199999809
Regular,FDV19,Fruits and Vegetables,2010,OUT046,Tier 1,Small,Supermarket Type1,0.035257038,14.85000038,161.2577972,4.199999809
Regular,FDZ31,Fruits and Vegetables,2010,OUT046,Tier 1,Small,Supermarket Type1,0.11321722,15.35000038,191.1504059,4.199999809
Regular,FDS32,Fruits and Vegetables,2010,OUT046,Tier 1,Small,Supermarket Type1,0.029653914,17.75,140.5838013,4.199999809
Regular,FDQ32,Fruits and Vegetables,2010,OUT046,Tier 1,Small,Supermarket Type1,0.046608496,17.85000038,122.938797,4.199999809
Regular,FDS27,Meat,2010,OUT046,Tier 1,Small,Supermarket Type1,0.012458143,10.19499969,196.3110046,4.199999809
Regular,FDH31,Meat,2010,OUT046,Tier 1,Small,Supermarket Type1,0.020411154,12,98.60420227,4.199999809
Regular,FDL58,Snack Foods,2010,OUT046,Tier 1,Small,Supermarket Type1,0.074149072,5.78000021,262.2568054,4.199999809
Regular,FDH46,Snack Foods,2010,OUT046,Tier 1,Small,Supermarket Type1,0.041282285,6.934999943,103.5332031,4.199999809
Regular,FDS58,Snack Foods,2010,OUT046,Tier 1,Small,Supermarket Type1,0,9.284999847,161.5578003,4.199999809
Regular,FDU46,Snack Foods,2010,OUT046,Tier 1,Small,Supermarket Type1,0.0111263,10.30000019,87.2539978,4.199999809
Regular,FDY57,Snack Foods,2010,OUT046,Tier 1,Small,Supermarket Type1,0.121254236,20.20000076,94.57520294,4.199999809
Regular,FDH47,Starchy Foods,2010,OUT046,Tier 1,Small,Supermarket Type1,0.128816217,13.5,96.40679932,4.199999809
Regular,FDE11,Starchy Foods,2010,OUT046,Tier 1,Small,Supermarket Type1,0,17.70000076,184.392395,4.199999809
Low Fat,FDV38,Dairy,2015,OUT045,Tier 2,Medium,Supermarket Type1,0.101980247,19.25,54.39559937,4.199999809
Low Fat,NCM06,Household,2015,OUT045,Tier 2,Medium,Supermarket Type1,0.075881474,7.474999905,155.2655945,4.199999809
Low Fat,NCO43,Others,2015,OUT045,Tier 2,Medium,Supermarket Type1,0,5.5,103.1016006,4.199999809
Low Fat,FDB51,Dairy,2020,OUT017,Tier 2,Medium,Supermarket Type1,0.038671587,6.920000076,64.28520203,4.199999809
Low Fat,FDP33,Snack Foods,2020,OUT017,Tier 2,Medium,Supermarket Type1,0.089777216,18.70000076,256.4671936,4.199999809
Low Fat,FDK48,Baking Goods,2015,OUT045,Tier 2,Medium,Supermarket Type1,0.037708543,7.445000172,74.73539734,4.199999809
Low Fat,FDZ48,Baking Goods,2015,OUT045,Tier 2,Medium,Supermarket Type1,0.076113671,17.75,111.4543991,4.199999809
Low Fat,FDP24,Baking Goods,2015,OUT045,Tier 2,Medium,Supermarket Type1,0.083172411,20.60000038,121.0755997,4.199999809
Low Fat,FDS37,Canned,2015,OUT045,Tier 2,Medium,Supermarket Type1,0.032009654,7.65500021,117.2491989,4.199999809
Low Fat,FDU13,Canned,2015,OUT045,Tier 2,Medium,Supermarket Type1,0.187939003,8.354999542,146.941803,4.199999809
Low Fat,FDX01,Canned,2015,OUT045,Tier 2,Medium,Supermarket Type1,0.024213342,10.10000038,116.7149963,4.199999809
Low Fat,FDA13,Canned,2015,OUT045,Tier 2,Medium,Supermarket Type1,0.078714259,15.85000038,37.25059891,4.199999809
Low Fat,FDZ15,Dairy,2015,OUT045,Tier 2,Medium,Supermarket Type1,0.020913072,13.10000038,120.1781998,4.199999809
Low Fat,DRF51,Dairy,2015,OUT045,Tier 2,Medium,Supermarket Type1,0.166174546,15.75,37.45059967,4.199999809
Low Fat,FDD39,Dairy,2015,OUT045,Tier 2,Medium,Supermarket Type1,0.070297174,16.70000076,216.3849945,4.199999809
Low Fat,FDS50,Dairy,2015,OUT045,Tier 2,Medium,Supermarket Type1,0.055545796,17,220.5113983,4.199999809
Low Fat,FDO16,Frozen Foods,2015,OUT045,Tier 2,Medium,Supermarket Type1,0.015138834,5.480000019,81.92500305,4.199999809
Low Fat,FDK40,Frozen Foods,2015,OUT045,Tier 2,Medium,Supermarket Type1,0.02189371,7.034999847,262.7909851,4.199999809
Low Fat,FDC28,Frozen Foods,2015,OUT045,Tier 2,Medium,Supermarket Type1,0.055098433,7.90500021,109.2254028,4.199999809
Low Fat,FDE29,Frozen Foods,2015,OUT045,Tier 2,Medium,Supermarket Type1,0.1434194,8.904999733,61.4878006,4.199999809
Low Fat,FDH41,Frozen Foods,2015,OUT045,Tier 2,Medium,Supermarket Type1,0.08217784,9,214.1533966,4.199999809
Low Fat,FDX40,Frozen Foods,2015,OUT045,Tier 2,Medium,Supermarket Type1,0.099193901,12.85000038,38.11640167,4.199999809
Low Fat,FDS40,Frozen Foods,2015,OUT045,Tier 2,Medium,Supermarket Type1,0.014047825,15.35000038,36.71900177,4.199999809
Low Fat,FDJ04,Frozen Foods,2015,OUT045,Tier 2,Medium,Supermarket Type1,0.124704443,18,120.3124008,4.199999809
Low Fat,FDP19,Fruits and Vegetables,2015,OUT045,Tier 2,Medium,Supermarket Type1,0.173867956,11.5,128.8652039,4.199999809
Low Fat,FDD33,Fruits and Vegetables,2015,OUT045,Tier 2,Medium,Supermarket Type1,0.108412057,12.85000038,233.2642059,4.199999809
Low Fat,FDZ56,Fruits and Vegetables,2015,OUT045,Tier 2,Medium,Supermarket Type1,0.025789175,16.25,166.947403,4.199999809
Low Fat,FDY55,Fruits and Vegetables,2015,OUT045,Tier 2,Medium,Supermarket Type1,0.081485122,16.75,258.0987854,4.199999809
Low Fat,FDI32,Fruits and Vegetables,2015,OUT045,Tier 2,Medium,Supermarket Type1,0,17.70000076,115.0833969,4.199999809
Low Fat,FDL44,Fruits and Vegetables,2015,OUT045,Tier 2,Medium,Supermarket Type1,0.012300013,18.25,160.4893951,4.199999809
Low Fat,DRK47,Hard Drinks,2015,OUT045,Tier 2,Medium,Supermarket Type1,0.064194307,7.90500021,229.4694061,4.199999809
Low Fat,DRP35,Hard Drinks,2015,OUT045,Tier 2,Small,Supermarket Type1,0.091051579,18.85000038,127.4336014,4.199999809
Low Fat,NCH29,Health and Hygiene,2015,OUT045,Tier 2,Small,Supermarket Type1,0.034543719,5.510000229,99.77259827,4.199999809
Low Fat,NCY05,Health and Hygiene,2015,OUT045,Tier 2,Small,Supermarket Type1,0.055101529,13.5,37.08739853,4.199999809
Low Fat,NCV41,Health and Hygiene,2015,OUT045,Tier 2,Small,Supermarket Type1,0.017073331,14.35000038,109.5227966,4.199999809
Low Fat,NCM41,Health and Hygiene,2015,OUT045,Tier 2,Small,Supermarket Type1,0.035728302,16.5,95.21199799,4.199999809
Low Fat,NCW41,Health and Hygiene,2015,OUT045,Tier 2,Small,Supermarket Type1,0.01548171,18,159.3603973,4.199999809
Low Fat,NCA17,Health and Hygiene,2015,OUT045,Tier 2,Small,Supermarket Type1,0.045510311,20.60000038,149.6392059,4.199999809
Low Fat,NCO26,Household,2015,OUT045,Tier 2,Small,Supermarket Type1,0.077011496,7.235000134,117.3491974,4.199999809
Low Fat,NCR42,Household,2015,OUT045,Tier 2,Small,Supermarket Type1,0.038559925,9.104999542,33.88999939,4.199999809
Low Fat,NCF42,Household,2015,OUT045,Tier 2,Small,Supermarket Type1,0.167722523,17.35000038,176.3712006,4.199999809
Low Fat,NCM19,Others,2015,OUT045,Tier 2,Small,Supermarket Type1,0.047333043,12.64999962,113.8201981,4.199999809
Low Fat,NCQ38,Others,2015,OUT045,Tier 2,Small,Supermarket Type1,0.013393537,16.35000038,106.0279999,4.199999809
Low Fat,FDQ46,Snack Foods,2015,OUT045,Tier 2,Small,Supermarket Type1,0.104023568,7.510000229,112.4543991,4.199999809
Low Fat,FDI22,Snack Foods,2015,OUT045,Tier 2,Small,Supermarket Type1,0.096407555,12.60000038,210.8612061,4.199999809
Low Fat,FDH33,Snack Foods,2015,OUT045,Tier 2,Small,Supermarket Type1,0.12197227,12.85000038,43.14279938,4.199999809
Low Fat,FDB34,Snack Foods,2015,OUT045,Tier 2,Small,Supermarket Type1,0.026663778,15.25,87.01979828,4.199999809
Low Fat,FDV45,Snack Foods,2015,OUT045,Tier 2,Small,Supermarket Type1,0.045138799,16.75,187.9555969,4.199999809
Low Fat,FDM21,Snack Foods,2015,OUT045,Tier 2,Small,Supermarket Type1,0.06449461,20.20000076,259.2645874,4.199999809
Low Fat,DRZ24,Soft Drinks,2015,OUT045,Tier 2,Small,Supermarket Type1,0,7.534999847,121.6439972,4.199999809
Low Fat,DRL37,Soft Drinks,2015,OUT045,Tier 2,Small,Supermarket Type1,0.05348042,15.5,42.3769989,4.199999809
Low Fat,DRH25,Soft Drinks,2015,OUT045,Tier 2,Small,Supermarket Type1,0.014622625,18.70000076,52.03239822,4.199999809
Low Fat,FDJ48,Baking Goods,2020,OUT017,Tier 2,Small,Supermarket Type1,0.056754038,11.30000019,247.511795,4.199999809
Low Fat,FDH24,Baking Goods,2020,OUT017,Tier 2,Small,Supermarket Type1,0.021552358,20.70000076,157.0287933,4.199999809
Low Fat,FDK38,Canned,2020,OUT017,Tier 2,Small,Supermarket Type1,0.053591345,6.650000095,149.773407,4.199999809
Low Fat,FDE02,Canned,2020,OUT017,Tier 2,Small,Supermarket Type1,0.121936217,8.710000038,94.47779846,4.199999809
Low Fat,FDY25,Canned,2020,OUT017,Tier 2,Small,Supermarket Type1,0.034166608,12,181.2976074,4.199999809
Low Fat,FDB50,Canned,2020,OUT017,Tier 2,Small,Supermarket Type1,0.154487491,13,77.29859924,4.199999809
Low Fat,FDT37,Canned,2020,OUT017,Tier 2,Small,Supermarket Type1,0.03546967,14.14999962,256.3013916,4.199999809
Low Fat,FDH27,Dairy,2020,OUT017,Tier 2,Small,Supermarket Type1,0.058676973,7.074999809,142.0128021,4.199999809
Low Fat,FDP26,Dairy,2020,OUT017,Tier 2,Small,Supermarket Type1,0.140342191,7.784999847,105.6306,4.199999809
Low Fat,FDZ15,Dairy,2020,OUT017,Tier 2,Small,Supermarket Type1,0.020988798,13.10000038,117.7781982,4.199999809
Low Fat,FDD03,Dairy,2020,OUT017,Tier 2,Small,Supermarket Type1,0.080257684,13.30000019,232.6300049,4.199999809
Low Fat,FDE53,Frozen Foods,2020,OUT017,Tier 2,Small,Supermarket Type1,0.027032204,10.89500046,106.3280029,4.199999809
Low Fat,FDS40,Frozen Foods,2020,OUT017,Tier 2,Small,Supermarket Type1,0.014098693,15.35000038,37.21900177,4.199999809
Low Fat,FDY31,Fruits and Vegetables,2020,OUT017,Tier 2,Small,Supermarket Type1,0.043809261,5.980000019,146.8417969,4.199999809
Low Fat,FDZ19,Fruits and Vegetables,2020,OUT017,Tier 2,Small,Supermarket Type1,0.093983516,6.425000191,175.5711975,4.199999809
Low Fat,FDQ20,Fruits and Vegetables,2020,OUT017,Tier 2,Small,Supermarket Type1,0.029953314,8.324999809,39.51380157,4.199999809
Low Fat,FDJ56,Fruits and Vegetables,2020,OUT017,Tier 2,Small,Supermarket Type1,0.184440419,8.984999657,99.66999817,4.199999809
Low Fat,FDG57,Fruits and Vegetables,2020,OUT017,Tier 2,Small,Supermarket Type1,0.07270731,14.69999981,49.5033989,4.199999809
Low Fat,FDI44,Fruits and Vegetables,2020,OUT017,Tier 2,Small,Supermarket Type1,0.100799829,16.10000038,78.43280029,4.199999809
Low Fat,DRF23,Hard Drinks,2020,OUT017,Tier 2,Small,Supermarket Type1,0.123346083,4.610000134,172.5395966,4.199999809
Low Fat,DRK59,Hard Drinks,2020,OUT017,Tier 2,Small,Supermarket Type1,0.075876601,8.895000458,235.9615936,4.199999809
Low Fat,DRL35,Hard Drinks,2020,OUT017,Tier 2,Small,Supermarket Type1,0.030877303,15.69999981,42.17699814,4.199999809
Low Fat,NCR17,Health and Hygiene,2020,OUT017,Tier 2,Small,Supermarket Type1,0.024521239,9.800000191,117.549202,4.199999809
Low Fat,NCO26,Household,2020,OUT017,Tier 2,Small,Supermarket Type1,0.077290356,7.235000134,116.9492035,4.199999809
Low Fat,NCE31,Household,2020,OUT017,Tier 2,Small,Supermarket Type1,0.185889125,7.670000076,35.42160034,4.199999809
Low Fat,NCQ30,Household,2020,OUT017,Tier 2,Small,Supermarket Type1,0.029236726,7.724999905,123.8414001,4.199999809
Low Fat,NCR42,Household,2020,OUT017,Tier 2,Small,Supermarket Type1,0.038699552,9.104999542,33.79000092,4.199999809
Low Fat,NCI18,Household,2020,OUT017,Tier 2,High,Supermarket Type1,0.014103354,18.35000038,225.4745941,4.199999809
Low Fat,NCJ42,Household,2020,OUT017,Tier 2,High,Supermarket Type1,0.01438222,19.75,102.2332001,4.199999809
Low Fat,FDS39,Meat,2020,OUT017,Tier 2,High,Supermarket Type1,0.022587622,6.894999981,143.7812042,4.199999809
Low Fat,FDR33,Snack Foods,2020,OUT017,Tier 2,High,Supermarket Type1,0.026940467,7.309999943,108.4570007,4.199999809
Low Fat,FDJ09,Snack Foods,2020,OUT017,Tier 2,High,Supermarket Type1,0.058725134,15,43.67440033,4.199999809
Low Fat,FDT57,Snack Foods,2020,OUT017,Tier 2,High,Supermarket Type1,0.019142453,15.19999981,237.5247955,4.199999809
Low Fat,FDS10,Snack Foods,2020,OUT017,Tier 2,High,Supermarket Type1,0.03538461,19.20000076,180.3318024,4.199999809
Low Fat,DRM37,Soft Drinks,2020,OUT017,Tier 2,High,Supermarket Type1,0.09694308,15.35000038,196.5767975,4.199999809
Regular,FDL24,Baking Goods,2015,OUT045,Tier 2,High,Supermarket Type1,0.024947081,10.30000019,172.3421936,4.199999809
Regular,FDT24,Baking Goods,2015,OUT045,Tier 2,High,Supermarket Type1,0.186236233,12.35000038,78.73280334,4.199999809
Regular,FDX52,Frozen Foods,2015,OUT045,Tier 2,High,Supermarket Type1,0.042087749,11.5,192.6820068,4.199999809
Regular,FDN08,Fruits and Vegetables,2015,OUT045,Tier 2,High,Supermarket Type1,0.08854387,7.71999979,117.5466003,4.199999809
Regular,FDW44,Fruits and Vegetables,2015,OUT045,Tier 2,High,Supermarket Type1,0.035222504,9.5,170.1448059,4.199999809
Regular,FDW31,Fruits and Vegetables,2015,OUT045,Tier 2,High,Supermarket Type1,0.043245628,11.35000038,199.4741974,4.199999809
Regular,FDJ44,Fruits and Vegetables,2015,OUT045,Tier 2,High,Supermarket Type1,0.106542885,12.30000019,173.2395935,4.199999809
Regular,FDF08,Fruits and Vegetables,2015,OUT045,Tier 2,High,Supermarket Type1,0.065339804,14.30000019,89.18560028,4.199999809
Regular,FDH44,Fruits and Vegetables,2015,OUT045,Tier 2,High,Supermarket Type1,0.025924623,19.10000038,148.0417938,4.199999809
Regular,FDE33,Fruits and Vegetables,2015,OUT045,Tier 2,High,Supermarket Type1,0.049736269,19.35000038,76.86440277,4.199999809
Regular,FDO03,Meat,2015,OUT045,Tier 2,High,Supermarket Type1,0.036957778,10.39500046,230.535202,4.199999809
Regular,FDS45,Snack Foods,2015,OUT045,Tier 2,High,Supermarket Type1,0.029555773,5.175000191,105.9621964,4.199999809
Regular,FDP45,Snack Foods,2015,OUT045,Tier 2,High,Supermarket Type1,0.030686952,15.69999981,253.4723969,4.199999809
Regular,FDS22,Snack Foods,2015,OUT045,Tier 2,High,Supermarket Type1,0.023201358,16.85000038,45.94279861,4.199999809
Regular,DRM49,Soft Drinks,2015,OUT045,Tier 2,High,Supermarket Type1,0.152262166,6.110000134,44.40859985,4.199999809
Regular,FDQ49,Breakfast,2020,OUT017,Tier 2,High,Supermarket Type1,0.039469738,20.20000076,155.1629944,4.199999809
Regular,FDH02,Canned,2020,OUT017,Tier 2,High,Supermarket Type1,0.02089869,7.269999981,92.24880219,4.199999809
Regular,FDI02,Canned,2020,OUT017,Tier 2,High,Supermarket Type1,0.115213118,15.69999981,112.0202026,4.199999809
Regular,FDV01,Canned,2020,OUT017,Tier 2,High,Supermarket Type1,0,19.20000076,153.3314056,4.199999809
Regular,FDQ26,Dairy,2020,OUT017,Tier 2,High,Supermarket Type1,0.068256319,13.5,60.95619965,4.199999809
Regular,FDU26,Dairy,2020,OUT017,Tier 2,High,Supermarket Type1,0.042860027,16.70000076,120.3781967,4.199999809
Regular,FDC29,Frozen Foods,2020,OUT017,Tier 2,High,Supermarket Type1,0.024342578,8.390000343,113.6175995,4.199999809
Regular,FDN04,Frozen Foods,2020,OUT017,Tier 2,High,Supermarket Type1,0.014166739,11.80000019,178.2344055,4.199999809
Regular,FDR52,Frozen Foods,2020,OUT017,Tier 2,High,Supermarket Type1,0.076474726,12.64999962,191.8845978,4.199999809
Regular,FDP28,Frozen Foods,2020,OUT017,Tier 2,High,Supermarket Type1,0.081096612,13.64999962,261.2936096,4.199999809
Regular,FDA40,Frozen Foods,2020,OUT017,Tier 2,High,Supermarket Type1,0.099832729,16,87.48560333,4.199999809
Regular,FDD21,Fruits and Vegetables,2020,OUT017,Tier 2,Medium,Supermarket Type1,0,10.30000019,115.717598,4.199999809
Regular,FDA08,Fruits and Vegetables,2020,OUT017,Tier 2,Medium,Supermarket Type1,0.050368454,11.85000038,163.8526001,4.199999809
Regular,FDS44,Fruits and Vegetables,2020,OUT017,Tier 2,Medium,Supermarket Type1,0.156926602,12.64999962,238.3538055,4.199999809
Regular,FDG08,Fruits and Vegetables,2020,OUT017,Tier 2,Medium,Supermarket Type1,0,13.14999962,171.9763947,4.199999809
Regular,FDT55,Fruits and Vegetables,2020,OUT017,Tier 2,Medium,Supermarket Type1,0.043902088,13.60000038,157.0946045,4.199999809
Regular,FDC21,Fruits and Vegetables,2020,OUT017,Tier 2,Medium,Supermarket Type1,0.043201812,14.60000038,110.1253967,4.199999809
Regular,FDV19,Fruits and Vegetables,2020,OUT017,Tier 2,Medium,Supermarket Type1,0.035456464,14.85000038,162.2577972,4.199999809
Regular,FDO19,Fruits and Vegetables,2020,OUT017,Tier 2,Medium,Supermarket Type1,0,17.70000076,46.80339813,4.199999809
Regular,FDT32,Fruits and Vegetables,2020,OUT017,Tier 2,Medium,Supermarket Type1,0.066005185,19,188.421402,4.199999809
Regular,FDJ57,Seafood,2020,OUT017,Tier 2,Medium,Supermarket Type1,0.021695673,7.420000076,185.3582001,4.199999809
Regular,FDF34,Snack Foods,2020,OUT017,Tier 2,Medium,Supermarket Type1,0.014098693,9.300000191,197.7084045,4.199999809
Regular,FDO21,Snack Foods,2020,OUT017,Tier 2,Medium,Supermarket Type1,0.009818244,11.60000038,223.1403961,4.199999809
Regular,FDA09,Snack Foods,2020,OUT017,Tier 2,Medium,Supermarket Type1,0.150211275,13.35000038,179.0659943,4.199999809
Regular,FDN34,Snack Foods,2020,OUT017,Tier 2,Medium,Supermarket Type1,0.046023104,15.60000038,169.2131958,4.199999809
Regular,FDR34,Snack Foods,2020,OUT017,Tier 2,Medium,Supermarket Type1,0.016055616,17,228.4351959,4.199999809
Regular,DRM49,Soft Drinks,2020,OUT017,Tier 2,Medium,Supermarket Type1,0.152813524,6.110000134,45.60860062,4.199999809
Low Fat,DRG36,Soft Drinks,2015,OUT045,Tier 2,Medium,Supermarket Type1,0.095571652,14.14999962,171.0106049,4.199999809
Low Fat,DRF27,Dairy,2020,OUT017,Tier 2,Medium,Supermarket Type1,0.028578011,8.930000305,152.2339935,4.199999809
Regular,FDI07,Meat,2015,OUT045,Tier 2,Medium,Supermarket Type1,0.033829331,12.35000038,196.9425964,4.199999809
Regular,FDD47,Starchy Foods,2015,OUT045,Tier 2,Medium,Supermarket Type1,0.142699584,7.599999905,171.7447968,4.199999809
Regular,FDN51,Meat,2020,OUT017,Tier 2,Medium,Supermarket Type1,0.021065312,17.85000038,261.5935974,4.199999809
Regular,FDT10,Snack Foods,2020,OUT017,Tier 2,Medium,Supermarket Type1,0.062395453,16.70000076,57.65620041,4.199999809
Low Fat,FDT20,Fruits and Vegetables,2017,OUT035,Tier 2,Small,Supermarket Type1,0.041387618,10.5,40.11640167,4.199999809
Low Fat,NCF30,Household,2017,OUT035,Tier 2,Small,Supermarket Type1,0.126220182,17,126.7361984,4.199999809
Low Fat,NCO06,Household,2017,OUT035,Tier 2,Small,Supermarket Type1,0.108010009,19.25,33.35580063,4.199999809
Low Fat,NCO42,Household,2017,OUT035,Tier 2,Small,Supermarket Type1,0.024650931,21.25,146.0101929,4.199999809
Low Fat,FDF33,Seafood,2017,OUT035,Tier 2,Small,Supermarket Type1,0.021531416,7.96999979,108.4596024,4.199999809
Low Fat,FDW23,Baking Goods,2017,OUT035,Tier 2,Small,Supermarket Type1,0.081996784,5.764999866,40.11640167,4.199999809
Low Fat,FDP23,Breads,2017,OUT035,Tier 2,Small,Supermarket Type1,0.035580128,6.710000038,217.5166016,4.199999809
Low Fat,FDP25,Canned,2017,OUT035,Tier 2,Small,Supermarket Type1,0.021203509,15.19999981,216.3824005,4.199999809
Low Fat,FDD50,Canned,2017,OUT035,Tier 2,Small,Supermarket Type1,0.141615435,18.85000038,169.0131989,4.199999809
Low Fat,FDZ15,Dairy,2017,OUT035,Tier 2,Small,Supermarket Type1,0,13.10000038,117.8781967,4.199999809
Low Fat,FDC53,Frozen Foods,2017,OUT035,Tier 2,Small,Supermarket Type1,0.008834023,8.680000305,100.0383987,4.199999809
Low Fat,FDD29,Frozen Foods,2017,OUT035,Tier 2,Small,Supermarket Type1,0.018407034,12.14999962,254.7698059,4.199999809
Low Fat,FDI52,Frozen Foods,2017,OUT035,Tier 2,Small,Supermarket Type1,0.104658343,18.70000076,121.2071991,4.199999809
Low Fat,FDA31,Fruits and Vegetables,2017,OUT035,Tier 2,Small,Supermarket Type1,0.109990887,7.099999905,172.9080048,4.199999809
Low Fat,FDH08,Fruits and Vegetables,2017,OUT035,Tier 2,Small,Supermarket Type1,0.017425785,7.510000229,227.901001,4.199999809
Low Fat,FDI45,Fruits and Vegetables,2017,OUT035,Tier 2,Small,Supermarket Type1,0.037574138,13.10000038,174.2053986,4.199999809
Low Fat,FDL56,Fruits and Vegetables,2017,OUT035,Tier 2,Small,Supermarket Type1,0.12575683,14.10000038,87.11979675,4.199999809
Low Fat,FDD57,Fruits and Vegetables,2017,OUT035,Tier 2,Small,Supermarket Type1,0.022395357,18.10000038,96.50939941,4.199999809
Low Fat,FDC32,Fruits and Vegetables,2017,OUT035,Tier 2,Small,Supermarket Type1,0.099090263,18.35000038,94.04620361,4.199999809
Low Fat,FDW20,Fruits and Vegetables,2017,OUT035,Tier 2,Small,Supermarket Type1,0.024144862,20.75,123.3730011,4.199999809
Low Fat,DRI11,Hard Drinks,2017,OUT035,Tier 2,Small,Supermarket Type1,0.034397781,8.260000229,115.7834015,4.199999809
Low Fat,DRG23,Hard Drinks,2017,OUT035,Tier 2,Small,Supermarket Type1,0.086764798,8.880000114,153.8681946,4.199999809
Low Fat,NCL29,Health and Hygiene,2017,OUT035,Tier 2,Small,Supermarket Type1,0.113917887,9.694999695,158.2604065,4.199999809
Low Fat,NCQ41,Health and Hygiene,2017,OUT035,Tier 2,Small,Supermarket Type1,0.019476708,14.80000019,193.0794067,4.199999809
Low Fat,NCF43,Household,2017,OUT035,Tier 2,Small,Supermarket Type1,0.051936086,8.510000229,142.9470062,4.199999809
Low Fat,NCC55,Household,2017,OUT035,Tier 2,Small,Supermarket Type1,0.063751079,10.69499969,36.78480148,4.199999809
Low Fat,NCG07,Household,2017,OUT035,Tier 2,Small,Supermarket Type1,0.052492123,12.30000019,191.0529938,4.199999809
Low Fat,NCK30,Household,2017,OUT035,Tier 2,Small,Supermarket Type1,0.060967039,14.85000038,254.3697968,4.199999809
Low Fat,NCC07,Household,2017,OUT035,Tier 2,Small,Supermarket Type1,0.023946621,19.60000038,106.9963989,4.199999809
Low Fat,NCJ06,Household,2017,OUT035,Tier 2,Small,Supermarket Type1,0.034646068,20.10000038,120.6781998,4.199999809
Low Fat,FDG31,Meat,2017,OUT035,Tier 2,Small,Supermarket Type1,0.037889224,12.14999962,64.7826004,4.199999809
Low Fat,FDY51,Meat,2017,OUT035,Tier 2,Small,Supermarket Type1,0.081119485,12.5,220.0798035,4.199999809
Low Fat,NCN19,Others,2017,OUT035,Tier 2,Small,Supermarket Type1,0.01209726,13.10000038,188.8529968,4.199999809
Low Fat,NCN07,Others,2017,OUT035,Tier 2,Small,Supermarket Type1,0.033938278,18.5,132.5283966,4.199999809
Low Fat,FDK45,Seafood,2017,OUT035,Tier 2,Small,Supermarket Type1,0.033851784,11.64999962,112.185997,4.199999809
Low Fat,FDQ46,Snack Foods,2017,OUT035,Tier 2,Small,Supermarket Type1,0.103793398,7.510000229,110.1544037,4.199999809
Low Fat,FDB22,Snack Foods,2017,OUT035,Tier 2,Small,Supermarket Type1,0.111419588,8.020000458,154.3997955,4.199999809
Low Fat,FDW34,Snack Foods,2017,OUT035,Tier 2,Small,Supermarket Type1,0,9.600000381,244.8170013,4.199999809
Low Fat,FDK34,Snack Foods,2017,OUT035,Tier 2,Small,Supermarket Type1,0.038519397,13.35000038,236.8563995,4.199999809
Low Fat,FDM10,Snack Foods,2017,OUT035,Tier 2,Small,Supermarket Type1,0.075957231,18.25,214.1217957,4.199999809
Low Fat,FDU34,Snack Foods,2017,OUT035,Tier 2,Small,Supermarket Type1,0.075180709,18.25,126.2045975,4.199999809
Low Fat,FDN21,Snack Foods,2017,OUT035,Tier 2,Small,Supermarket Type1,0.076841094,18.60000038,162.2236023,4.199999809
Low Fat,FDJ22,Snack Foods,2017,OUT035,Tier 2,Small,Supermarket Type1,0.052800257,18.75,193.2503967,4.199999809
Low Fat,FDA10,Snack Foods,2017,OUT035,Tier 2,Small,Supermarket Type1,0.141789198,20.35000038,121.9072037,4.199999809
Low Fat,DRG25,Soft Drinks,2017,OUT035,Tier 2,Small,Supermarket Type1,0.019046089,10.5,188.423996,4.199999809
Low Fat,FDF35,Starchy Foods,2017,OUT035,Tier 2,Small,Supermarket Type1,0.153960213,15,105.9937973,4.199999809
Regular,FDP12,Baking Goods,2017,OUT035,Tier 2,Small,Supermarket Type1,0.045258246,9.800000191,35.98740005,4.199999809
Regular,FDF24,Baking Goods,2017,OUT035,Tier 2,Small,Supermarket Type1,0.025365669,15.5,82.79340363,4.199999809
Regular,FDB37,Baking Goods,2017,OUT035,Tier 2,Small,Supermarket Type1,0.022936488,20.25,240.8538055,4.199999809
Regular,FDQ59,Breads,2017,OUT035,Tier 2,Small,Supermarket Type1,0.05637588,9.800000191,84.69080353,4.199999809
Regular,FDS59,Breads,2017,OUT035,Tier 2,Small,Supermarket Type1,0.043885145,14.80000019,108.7570038,4.199999809
Regular,FDT50,Dairy,2017,OUT035,Tier 2,Small,Supermarket Type1,0.108218521,6.75,96.37519836,4.199999809
Regular,FDT14,Dairy,2017,OUT035,Tier 2,Small,Supermarket Type1,0.127702951,10.69499969,120.4440002,4.199999809
Regular,FDY15,Dairy,2017,OUT035,Tier 2,Small,Supermarket Type1,0.170795739,18.25,154.4629974,4.199999809
Regular,FDE41,Frozen Foods,2017,OUT035,Tier 2,Small,Supermarket Type1,0.064002067,9.194999695,85.55660248,4.199999809
Regular,FDE28,Frozen Foods,2017,OUT035,Tier 2,Small,Supermarket Type1,0.132521927,9.5,228.6667938,4.199999809
Regular,FDR52,Frozen Foods,2017,OUT035,Tier 2,Small,Supermarket Type1,0.07603021,12.64999962,189.0845947,4.199999809
Regular,FDX04,Frozen Foods,2017,OUT035,Tier 2,Small,Supermarket Type1,0.041563697,19.60000038,47.63759995,4.199999809
Regular,FDF44,Fruits and Vegetables,2017,OUT035,Tier 2,Small,Supermarket Type1,0.059716728,7.170000076,130.9967957,4.199999809
Regular,FDF21,Fruits and Vegetables,2017,OUT035,Tier 2,Small,Supermarket Type1,0,10.30000019,191.1529999,4.199999809
Regular,FDJ44,Fruits and Vegetables,2017,OUT035,Tier 2,Small,Supermarket Type1,0.106307149,12.30000019,174.9396057,4.199999809
Regular,FDW55,Fruits and Vegetables,2017,OUT035,Tier 2,Small,Supermarket Type1,0,12.60000038,248.8092041,4.199999809
Regular,FDG56,Fruits and Vegetables,2017,OUT035,Tier 2,Small,Supermarket Type1,0.07143905,13.30000019,61.05360031,4.199999809
Regular,FDF08,Fruits and Vegetables,2017,OUT035,Tier 2,Small,Supermarket Type1,0.065195233,14.30000019,88.98560333,4.199999809
Regular,FDI08,Fruits and Vegetables,2017,OUT035,Tier 2,Small,Supermarket Type1,0.066284522,18.20000076,247.209198,4.199999809
Regular,FDS45,Snack Foods,2017,OUT035,Tier 2,Small,Supermarket Type1,0.029490378,5.175000191,107.6622009,4.199999809
Regular,FDL58,Snack Foods,2017,OUT035,Tier 2,Small,Supermarket Type1,0.07413505,5.78000021,264.0567932,4.199999809
Regular,FDK10,Snack Foods,2017,OUT035,Tier 2,Small,Supermarket Type1,0.040351231,5.784999847,181.3659973,4.199999809
Regular,FDK58,Snack Foods,2017,OUT035,Tier 2,Small,Supermarket Type1,0,11.35000038,103.0016022,4.199999809
Regular,FDA09,Snack Foods,2017,OUT035,Tier 2,Small,Supermarket Type1,0.149338156,13.35000038,178.6660004,4.199999809
Regular,FDN34,Snack Foods,2017,OUT035,Tier 2,Small,Supermarket Type1,0.045755591,15.60000038,167.113205,4.199999809
Regular,FDL21,Snack Foods,2017,OUT035,Tier 2,Small,Supermarket Type1,0.007145063,15.85000038,41.04800034,4.199999809
Low Fat,NCU53,Health and Hygiene,2017,OUT035,Tier 2,Small,Supermarket Type1,0.042743728,5.485000134,166.2841949,4.199999809
Regular,FDU19,Fruits and Vegetables,2017,OUT035,Tier 2,Small,Supermarket Type1,0.046762634,8.770000458,170.8421936,4.199999809
Regular,FDM08,Fruits and Vegetables,2017,OUT035,Tier 2,Small,Supermarket Type1,0.053574074,10.10000038,223.7088013,4.199999809
Regular,FDS34,Snack Foods,2017,OUT035,Tier 2,Small,Supermarket Type1,0.076744564,19.35000038,113.4517975,4.199999809
Low Fat,FDP24,Baking Goods,2011,OUT010,Tier 3,Medium,Grocery Store,0.138931811,20.60000038,119.5755997,4.199999809
Low Fat,FDV59,Breads,2011,OUT010,Tier 3,Medium,Grocery Store,0.080387421,13.35000038,219.2165985,4.199999809
Low Fat,FDT13,Canned,2011,OUT010,Tier 3,Medium,Grocery Store,0,14.85000038,187.721405,4.199999809
Low Fat,FDX37,Canned,2011,OUT010,Tier 3,Medium,Grocery Store,0.105498195,16.20000076,101.4700012,4.199999809
Low Fat,FDR26,Dairy,2011,OUT010,Tier 3,Medium,Grocery Store,0.071699984,20.70000076,177.6027985,4.199999809
Low Fat,FDF16,Frozen Foods,2011,OUT010,Tier 3,Medium,Grocery Store,0.14416793,7.300000191,146.3076019,4.199999809
Low Fat,FDC53,Frozen Foods,2011,OUT010,Tier 3,Medium,Grocery Store,0.01478914,8.680000305,97.73840332,4.199999809
Low Fat,FDF52,Frozen Foods,2011,OUT010,Tier 3,Medium,Grocery Store,0.111781538,9.300000191,182.3291931,4.199999809
Low Fat,FDP16,Frozen Foods,2011,OUT010,Tier 3,Medium,Grocery Store,0.065771528,18.60000038,245.7801971,4.199999809
Low Fat,FDM32,Fruits and Vegetables,2011,OUT010,Tier 3,Medium,Grocery Store,0,20.5,90.88300323,4.199999809
Low Fat,DRI47,Hard Drinks,2011,OUT010,Tier 3,Medium,Grocery Store,0.03501609,14.69999981,144.3128052,4.199999809
Low Fat,DRM23,Hard Drinks,2011,OUT010,Tier 3,Medium,Grocery Store,0.227189586,16.60000038,173.9421997,4.199999809
Low Fat,NCV29,Health and Hygiene,2011,OUT010,Tier 3,Medium,Grocery Store,0.038235337,11.80000019,177.5686035,4.199999809
Low Fat,NCB06,Health and Hygiene,2011,OUT010,Tier 3,Medium,Grocery Store,0.137807012,17.60000038,161.7920074,4.199999809
Low Fat,NCK05,Health and Hygiene,2011,OUT010,Tier 3,Medium,Grocery Store,0,20.10000038,61.35359955,4.199999809
Low Fat,NCM06,Household,2011,OUT010,Tier 3,Medium,Grocery Store,0.126752973,7.474999905,154.2655945,4.199999809
Low Fat,NCE07,Household,2011,OUT010,Tier 3,Medium,Grocery Store,0.021976979,8.180000305,140.6154022,4.199999809
Low Fat,NCB30,Household,2011,OUT010,Tier 3,Medium,Grocery Store,0.043021541,14.60000038,196.9084015,4.199999809
Low Fat,NCK30,Household,2011,OUT010,Tier 3,Medium,Grocery Store,0.102065623,14.85000038,254.2698059,4.199999809
Low Fat,NCG18,Household,2011,OUT010,Tier 3,Medium,Grocery Store,0.038460296,15.30000019,104.0332031,4.199999809
Low Fat,NCC18,Household,2011,OUT010,Tier 3,High,Grocery Store,0.29671365,19.10000038,171.8421936,4.199999809
Low Fat,NCO55,Others,2011,OUT010,Tier 3,High,Grocery Store,0.152377665,12.80000019,108.1938019,4.199999809
Low Fat,FDD46,Snack Foods,2011,OUT010,Tier 3,High,Grocery Store,0.236433595,6.034999847,155.5997925,4.199999809
Low Fat,FDV21,Snack Foods,2011,OUT010,Tier 3,High,Grocery Store,0.28635779,11.5,123.9703979,4.199999809
Low Fat,FDC47,Snack Foods,2011,OUT010,Tier 3,High,Grocery Store,0.198998556,15,226.569397,4.199999809
Low Fat,FDK09,Snack Foods,2011,OUT010,Tier 3,High,Grocery Store,0.153592959,15.19999981,228.035202,4.199999809
Low Fat,FDY09,Snack Foods,2011,OUT010,Tier 3,High,Grocery Store,0.042179883,15.60000038,174.7053986,4.199999809
Low Fat,DRN37,Soft Drinks,2011,OUT010,Tier 3,High,Grocery Store,0.161182106,9.600000381,165.3157959,4.199999809
Regular,FDI60,Baking Goods,2011,OUT010,Tier 3,High,Grocery Store,0.06414187,7.21999979,61.25099945,4.199999809
Regular,FDX48,Baking Goods,2011,OUT010,Tier 3,High,Grocery Store,0.063416563,17.75,154.6656036,4.199999809
Regular,FDY35,Breads,2011,OUT010,Tier 3,High,Grocery Store,0.026827052,17.60000038,47.84019852,4.199999809
Regular,FDQ25,Canned,2011,OUT010,Tier 3,High,Grocery Store,0.047329385,8.630000114,174.1421967,4.199999809
Regular,FDL38,Canned,2011,OUT010,Tier 3,High,Grocery Store,0.024660202,13.80000019,87.41719818,4.199999809
Regular,FDZ02,Dairy,2011,OUT010,Tier 3,High,Grocery Store,0.063850969,6.90500021,97.27259827,4.199999809
Regular,FDZ28,Frozen Foods,2011,OUT010,Tier 3,High,Grocery Store,0.086187884,20,125.4677963,4.199999809
Regular,FDY08,Fruits and Vegetables,2011,OUT010,Tier 3,High,Grocery Store,0.286344856,9.395000458,139.1838074,4.199999809
Regular,FDH56,Fruits and Vegetables,2011,OUT010,Tier 3,High,Grocery Store,0.106816918,9.800000191,114.2491989,4.199999809
Regular,FDX32,Fruits and Vegetables,2011,OUT010,Tier 3,High,Grocery Store,0,15.10000038,146.278595,4.199999809
Regular,FDG09,Fruits and Vegetables,2011,OUT010,Tier 3,High,Grocery Store,0.080235511,20.60000038,188.9555969,4.199999809
Regular,FDG10,Snack Foods,2011,OUT010,Tier 3,High,Grocery Store,0.018310143,6.630000114,57.75880051,4.199999809
Regular,FDM58,Snack Foods,2011,OUT010,Tier 3,Small,Grocery Store,0.133385405,16.85000038,109.8544006,4.199999809
Regular,FDE11,Starchy Foods,2011,OUT010,Tier 3,Small,Grocery Store,0.22612296,17.70000076,185.7924042,4.199999809
Low Fat,FDT08,Fruits and Vegetables,2000,OUT013,Tier 3,High,Supermarket Type1,0.049177539,13.64999962,151.8049927,4.199999809
Low Fat,NCQ50,Household,2000,OUT013,Tier 3,High,Supermarket Type1,0.034278799,18.75,214.1217957,4.199999809
Low Fat,FDP27,Meat,2000,OUT013,Tier 3,High,Supermarket Type1,0.119351238,8.154999733,190.1529999,4.199999809
Low Fat,FDN12,Baking Goods,2000,OUT013,Tier 3,High,Supermarket Type1,0.081036434,15.60000038,112.3544006,4.199999809
Low Fat,FDS35,Breads,2000,OUT013,Tier 3,High,Supermarket Type1,0.111127965,9.300000191,63.18259811,4.199999809
Low Fat,FDB51,Dairy,2000,OUT013,Tier 3,High,Supermarket Type1,0.038422074,6.920000076,62.58520126,4.199999809
Low Fat,DRD15,Dairy,2000,OUT013,Tier 3,High,Supermarket Type1,0.056748658,10.60000038,233.6641998,4.199999809
Low Fat,FDU38,Dairy,2000,OUT013,Tier 3,High,Supermarket Type1,0.082481198,10.80000019,191.6504059,4.199999809
Low Fat,FDX50,Dairy,2000,OUT013,Tier 3,High,Supermarket Type1,0.074565098,20.10000038,111.3227997,4.199999809
Low Fat,FDZ52,Frozen Foods,2000,OUT013,Tier 3,High,Supermarket Type1,0.099991247,19.20000076,112.7885971,4.199999809
Low Fat,FDA20,Fruits and Vegetables,2000,OUT013,Tier 3,High,Supermarket Type1,0.066565648,6.78000021,185.3240051,4.199999809
Low Fat,FDV08,Fruits and Vegetables,2000,OUT013,Tier 3,High,Supermarket Type1,0.028571133,7.349999905,40.84540176,4.199999809
Low Fat,FDT20,Fruits and Vegetables,2000,OUT013,Tier 3,High,Supermarket Type1,0.041360997,10.5,39.51639938,4.199999809
Low Fat,FDX19,Fruits and Vegetables,2000,OUT013,Tier 3,High,Supermarket Type1,0.096653312,19.10000038,235.1958008,4.199999809
Low Fat,DRJ11,Hard Drinks,2000,OUT013,Tier 3,High,Supermarket Type1,0.085020341,9.5,188.7872009,4.199999809
Low Fat,NCR53,Health and Hygiene,2000,OUT013,Tier 3,High,Supermarket Type1,0.144920155,12.14999962,224.4403992,4.199999809
Low Fat,NCS53,Health and Hygiene,2000,OUT013,Tier 3,High,Supermarket Type1,0.089703478,14.5,158.3603973,4.199999809
Low Fat,NCC54,Health and Hygiene,2000,OUT013,Tier 3,High,Supermarket Type1,0.097629614,17.75,240.4196014,4.199999809
Low Fat,NCK05,Health and Hygiene,2000,OUT013,Tier 3,High,Supermarket Type1,0.077389799,20.10000038,60.85359955,4.199999809
Low Fat,NCF42,Household,2000,OUT013,Tier 3,High,Supermarket Type1,0.167243764,17.35000038,176.2711945,4.199999809
Low Fat,NCM54,Household,2000,OUT013,Tier 3,High,Supermarket Type1,0.050896671,17.70000076,125.5678024,4.199999809
Low Fat,NCO06,Household,2000,OUT013,Tier 3,High,Supermarket Type1,0.107940532,19.25,35.55580139,4.199999809
Low Fat,NCR30,Household,2000,OUT013,Tier 3,High,Supermarket Type1,0.070933893,20.60000038,74.86959839,4.199999809
Low Fat,FDS39,Meat,2000,OUT013,Tier 3,High,Supermarket Type1,0.022441883,6.894999981,143.8811951,4.199999809
Low Fat,FDV03,Meat,2000,OUT013,Tier 3,High,Supermarket Type1,0.058042925,17.60000038,154.6313934,4.199999809
Low Fat,FDQ34,Snack Foods,2000,OUT013,Tier 3,High,Supermarket Type1,0.162107602,10.85000038,106.3621979,4.199999809
Low Fat,FDI33,Snack Foods,2000,OUT013,Tier 3,High,Supermarket Type1,0.028395167,16.5,91.71459961,4.199999809
Low Fat,DRB01,Soft Drinks,2000,OUT013,Tier 3,High,Supermarket Type1,0.082170948,7.389999866,190.9530029,4.199999809
Low Fat,DRI01,Soft Drinks,2000,OUT013,Tier 3,High,Supermarket Type1,0.034424279,7.96999979,171.8421936,4.199999809
Low Fat,DRH49,Soft Drinks,2000,OUT013,Tier 3,High,Supermarket Type1,0.024635077,19.70000076,84.15920258,4.199999809
Regular,FDV48,Baking Goods,2000,OUT013,Tier 3,High,Supermarket Type1,0.051573902,9.194999695,79.86440277,4.199999809
Regular,FDT24,Baking Goods,2000,OUT013,Tier 3,High,Supermarket Type1,0.185704634,12.35000038,77.13279724,4.199999809
Regular,FDR12,Baking Goods,2000,OUT013,Tier 3,High,Supermarket Type1,0.031508509,12.60000038,170.5764008,4.199999809
Regular,FDS24,Baking Goods,2000,OUT013,Tier 3,High,Supermarket Type1,0.0621727,20.85000038,90.25140381,4.199999809
Regular,FDN25,Breakfast,2000,OUT013,Tier 3,High,Supermarket Type1,0.061124627,7.894999981,58.55879974,4.199999809
Regular,FDL13,Breakfast,2000,OUT013,Tier 3,High,Supermarket Type1,0.056271702,13.85000038,232.2299957,4.199999809
Regular,FDQ49,Breakfast,2000,OUT013,Tier 3,High,Supermarket Type1,0.039215077,20.20000076,157.6629944,4.199999809
Regular,FDI50,Canned,2000,OUT013,Tier 3,High,Supermarket Type1,0.030816998,8.420000076,230.8352051,4.199999809
Regular,FDH50,Canned,2000,OUT013,Tier 3,High,Supermarket Type1,0.161301091,15,185.1266022,4.199999809
Regular,FDA52,Frozen Foods,2000,OUT013,Tier 3,High,Supermarket Type1,0.128315404,16.20000076,178.1369934,4.199999809
Regular,FDS56,Fruits and Vegetables,2000,OUT013,Tier 3,High,Supermarket Type1,0.038724612,5.784999847,263.9252014,4.199999809
Regular,FDZ32,Fruits and Vegetables,2000,OUT013,Tier 3,High,Supermarket Type1,0,7.784999847,106.4963989,4.199999809
Regular,FDD44,Fruits and Vegetables,2000,OUT013,Tier 3,High,Supermarket Type1,0,8.050000191,257.5646057,4.199999809
Regular,FDY20,Fruits and Vegetables,2000,OUT013,Tier 3,High,Supermarket Type1,0.081684731,12.5,92.34880066,4.199999809
Regular,FDD32,Fruits and Vegetables,2000,OUT013,Tier 3,High,Supermarket Type1,0.040897932,17.70000076,82.62760162,4.199999809
Regular,FDO19,Fruits and Vegetables,2000,OUT013,Tier 3,High,Supermarket Type1,0.016582834,17.70000076,50.5033989,4.199999809
Regular,FDO39,Meat,2000,OUT013,Tier 3,High,Supermarket Type1,0.137252569,6.985000134,183.7608032,4.199999809
Regular,FDS27,Meat,2000,OUT013,Tier 3,High,Supermarket Type1,0.012447775,10.19499969,197.6109924,4.199999809
Regular,FDT51,Meat,2000,OUT013,Tier 3,High,Supermarket Type1,0.010909704,11.64999962,110.8544006,4.199999809
Regular,FDW15,Meat,2000,OUT013,Tier 3,High,Supermarket Type1,0.055067733,15.35000038,146.5733948,4.199999809
Regular,FDN39,Meat,2000,OUT013,Tier 3,High,Supermarket Type1,0,19.35000038,169.081604,4.199999809
Regular,FDG33,Seafood,2000,OUT013,Tier 3,High,Supermarket Type1,0.140123576,5.364999771,172.0764008,4.199999809
Regular,FDS33,Snack Foods,2000,OUT013,Tier 3,High,Supermarket Type1,0.123325877,6.670000076,90.25140381,4.199999809
Regular,FDC22,Snack Foods,2000,OUT013,Tier 3,High,Supermarket Type1,0.136314869,6.889999866,195.0820007,4.199999809
Regular,FDX33,Snack Foods,2000,OUT013,Tier 3,High,Supermarket Type1,0.117387064,9.194999695,160.2577972,4.199999809
Regular,FDU10,Snack Foods,2000,OUT013,Tier 3,High,Supermarket Type1,0.045653999,10.10000038,35.68479919,4.199999809
Regular,FDD10,Snack Foods,2000,OUT013,Tier 3,High,Supermarket Type1,0.045982391,20.60000038,177.0343933,4.199999809
Regular,FDC29,Frozen Foods,2000,OUT013,Tier 3,High,Supermarket Type1,0.024185518,8.390000343,115.717598,4.199999809
Regular,FDB58,Snack Foods,2000,OUT013,Tier 3,High,Supermarket Type1,0.013485235,10.5,140.0153961,4.199999809
Regular,FDY57,Snack Foods,2000,OUT013,Tier 3,High,Supermarket Type1,0.121153332,20.20000076,97.37519836,4.199999809
Low Fat,FDA31,Fruits and Vegetables,2022,OUT018,Tier 3,Medium,Supermarket Type2,0.110459827,7.099999905,172.1080017,4.199999809
Low Fat,FDZ12,Baking Goods,2022,OUT018,Tier 3,Medium,Supermarket Type2,0.103398308,9.170000076,143.9470062,4.199999809
Low Fat,FDN48,Baking Goods,2022,OUT018,Tier 3,Medium,Supermarket Type2,0.065215312,13.35000038,93.48040009,4.199999809
Low Fat,FDO12,Baking Goods,2022,OUT018,Tier 3,Medium,Supermarket Type2,0.055154298,15.75,195.5451965,4.199999809
Low Fat,FDW13,Canned,2022,OUT018,Tier 3,Medium,Supermarket Type2,0.098283462,8.5,51.33240128,4.199999809
Low Fat,FDC50,Canned,2022,OUT018,Tier 3,Medium,Supermarket Type2,0.137053952,15.85000038,94.40940094,4.199999809
Low Fat,FDP26,Dairy,2022,OUT018,Tier 3,Medium,Supermarket Type2,0.140121311,7.784999847,102.5306015,4.199999809
Low Fat,FDA15,Dairy,2022,OUT018,Tier 3,Medium,Supermarket Type2,0.016087659,9.300000191,249.6092072,4.199999809
Low Fat,FDA16,Frozen Foods,2022,OUT018,Tier 3,Medium,Supermarket Type2,0.03408026,6.695000172,220.8455963,4.199999809
Low Fat,FDJ52,Frozen Foods,2022,OUT018,Tier 3,Medium,Supermarket Type2,0.017859319,7.144999981,160.6578064,4.199999809
Low Fat,FDF09,Fruits and Vegetables,2022,OUT018,Tier 3,Medium,Supermarket Type2,0.012198395,6.215000153,37.48479843,4.199999809
Low Fat,FDP07,Fruits and Vegetables,2022,OUT018,Tier 3,Medium,Supermarket Type2,0.090267994,18.20000076,194.7109985,4.199999809
Low Fat,DRN35,Hard Drinks,2022,OUT018,Tier 3,Medium,Supermarket Type2,0.070533745,8.010000229,34.25320053,4.199999809
Low Fat,DRM23,Hard Drinks,2022,OUT018,Tier 3,Medium,Supermarket Type2,0.136286139,16.60000038,171.4421997,4.199999809
Low Fat,DRP35,Hard Drinks,2022,OUT018,Tier 3,Medium,Supermarket Type2,0.091237456,18.85000038,128.9335938,4.199999809
Low Fat,NCZ53,Health and Hygiene,2022,OUT018,Tier 3,Medium,Supermarket Type2,0.024576874,9.600000381,186.6213989,4.199999809
Low Fat,NCR41,Health and Hygiene,2022,OUT018,Tier 3,Medium,Supermarket Type2,0.018097419,17.85000038,96.90940094,4.199999809
Low Fat,NCP18,Household,2022,OUT018,Tier 3,Medium,Supermarket Type2,0.028714746,12.14999962,151.9707947,4.199999809
Low Fat,NCG07,Household,2022,OUT018,Tier 3,Medium,Supermarket Type2,0.05271592,12.30000019,189.6529999,4.199999809
Low Fat,NCA06,Household,2022,OUT018,Tier 3,Medium,Supermarket Type2,0,20.5,37.11899948,4.199999809
Low Fat,FDP39,Meat,2022,OUT018,Tier 3,Medium,Supermarket Type2,0.069707774,12.64999962,51.03239822,4.199999809
Low Fat,NCL31,Others,2022,OUT018,Tier 3,Medium,Supermarket Type2,0.120770961,7.389999866,143.4470062,4.199999809
Low Fat,NCP50,Others,2022,OUT018,Tier 3,Medium,Supermarket Type2,0,17.35000038,79.26180267,4.199999809
Low Fat,FDF33,Seafood,2022,OUT018,Tier 3,Medium,Supermarket Type2,0.021623215,7.96999979,107.6595993,4.199999809
Low Fat,FDN10,Snack Foods,2022,OUT018,Tier 3,Medium,Supermarket Type2,0,11.5,119.5123978,4.199999809
Low Fat,FDO33,Snack Foods,2022,OUT018,Tier 3,Medium,Supermarket Type2,0.089686319,14.75,115.351799,4.199999809
Low Fat,FDL45,Snack Foods,2022,OUT018,Tier 3,Medium,Supermarket Type2,0.037841361,15.60000038,125.270401,4.199999809
Low Fat,FDM33,Snack Foods,2022,OUT018,Tier 3,Medium,Supermarket Type2,0,15.60000038,220.4797974,4.199999809
Low Fat,FDV46,Snack Foods,2022,OUT018,Tier 3,Medium,Supermarket Type2,0.012659235,18.20000076,140.7180023,4.199999809
Low Fat,DRF01,Soft Drinks,2022,OUT018,Tier 3,Medium,Supermarket Type2,0.175793409,5.65500021,146.910202,4.199999809
Low Fat,DRF60,Soft Drinks,2022,OUT018,Tier 3,Medium,Supermarket Type2,0,10.80000019,238.1564026,4.199999809
Low Fat,DRF13,Soft Drinks,2022,OUT018,Tier 3,Medium,Supermarket Type2,0.02990268,12.10000038,144.3444061,4.199999809
Low Fat,DRL37,Soft Drinks,2022,OUT018,Tier 3,Medium,Supermarket Type2,0.053589594,15.5,44.17699814,4.199999809
Regular,FDO48,Baking Goods,2022,OUT018,Tier 3,Medium,Supermarket Type2,0.026950104,15,220.9456024,4.199999809
Regular,FDQ47,Breads,2022,OUT018,Tier 3,Medium,Supermarket Type2,0.168871492,7.15500021,34.38740158,4.199999809
Regular,FDY35,Breads,2022,OUT018,Tier 3,Medium,Supermarket Type2,0.016092971,17.60000038,45.84019852,4.199999809
Regular,FDM25,Breakfast,2022,OUT018,Tier 3,Medium,Supermarket Type2,0.060912866,10.69499969,173.8712006,4.199999809
Regular,FDJ38,Canned,2022,OUT018,Tier 3,Medium,Supermarket Type2,0.040369313,8.600000381,189.753006,4.199999809
Regular,FDU37,Canned,2022,OUT018,Tier 3,Medium,Supermarket Type2,0.104933925,9.5,78.79599762,4.199999809
Regular,FDJ26,Canned,2022,OUT018,Tier 3,Medium,Supermarket Type2,0.085110493,15.30000019,215.7218018,4.199999809
Regular,FDI02,Canned,2022,OUT018,Tier 3,Medium,Supermarket Type2,0.115031786,15.69999981,114.1202011,4.199999809
Regular,FDQ26,Dairy,2022,OUT018,Tier 3,Medium,Supermarket Type2,0.068148889,13.5,58.65620041,4.199999809
Regular,FDB40,Dairy,2022,OUT018,Tier 3,Medium,Supermarket Type2,0.007570599,17.5,144.610199,4.199999809
Regular,FDG41,Frozen Foods,2022,OUT018,Tier 3,Medium,Supermarket Type2,0.076873988,8.840000153,109.9227982,4.199999809
Regular,FDR55,Fruits and Vegetables,2022,OUT018,Tier 3,Medium,Supermarket Type2,0.132621601,12.14999962,190.1871948,4.199999809
Regular,FDY44,Fruits and Vegetables,2022,OUT018,Tier 3,Medium,Supermarket Type2,0.024503972,14.14999962,195.1109924,4.199999809
Regular,FDH45,Fruits and Vegetables,2022,OUT018,Tier 3,Medium,Supermarket Type2,0.106097274,15.10000038,43.27959824,4.199999809
Regular,FDZ07,Fruits and Vegetables,2022,OUT018,Tier 3,Medium,Supermarket Type2,0,15.10000038,63.7193985,4.199999809
Regular,FDD56,Fruits and Vegetables,2022,OUT018,Tier 3,Medium,Supermarket Type2,0.104201019,15.19999981,176.5054016,4.199999809
Regular,FDQ32,Fruits and Vegetables,2022,OUT018,Tier 3,Medium,Supermarket Type2,0.04679836,17.85000038,123.8387985,4.199999809
Regular,FDY03,Meat,2022,OUT018,Tier 3,Medium,Supermarket Type2,0.076431923,17.60000038,113.2201996,4.199999809
Regular,FDL03,Meat,2022,OUT018,Tier 3,Medium,Supermarket Type2,0.027190916,19.25,194.8110046,4.199999809
Regular,FDJ57,Seafood,2022,OUT018,Tier 3,Medium,Supermarket Type2,0.021661527,7.420000076,187.758194,4.199999809
Regular,FDI21,Snack Foods,2022,OUT018,Tier 3,Medium,Supermarket Type2,0.056833394,5.590000153,61.91680145,4.199999809
Regular,FDL58,Snack Foods,2022,OUT018,Tier 3,Medium,Supermarket Type2,0.074451126,5.78000021,264.5567932,4.199999809
Regular,FDU10,Snack Foods,2022,OUT018,Tier 3,Medium,Supermarket Type2,0.045878153,10.10000038,38.58480072,4.199999809
Regular,FDR34,Snack Foods,2022,OUT018,Tier 3,Medium,Supermarket Type2,0.016030343,17,228.035202,4.199999809
Regular,FDY57,Snack Foods,2022,OUT018,Tier 3,Medium,Supermarket Type2,0.121748172,20.20000076,96.97519684,4.199999809
Regular,FDB35,Starchy Foods,2022,OUT018,Tier 3,Medium,Supermarket Type2,0.064882204,12.30000019,93.88040161,4.199999809
Low Fat,NCE42,Household,2022,OUT018,Tier 3,Medium,Supermarket Type2,0,21.10000038,233.2958069,4.199999809
Regular,FDT23,Breads,2022,OUT018,Tier 3,Medium,Supermarket Type2,0.0750359,7.71999979,78.79859924,4.199999809
Regular,FDV16,Frozen Foods,2022,OUT018,Tier 3,Medium,Supermarket Type2,0.083268523,7.75,32.9557991,4.199999809
Regular,FDW57,Snack Foods,2022,OUT018,Tier 3,Medium,Supermarket Type2,0.116148598,8.31000042,176.0028076,4.199999809
Regular,FDF11,Starchy Foods,2022,OUT018,Tier 3,Medium,Supermarket Type2,0.017703043,10.19499969,239.4537964,4.199999809
Low Fat,FDN24,Baking Goods,1998,OUT027,Tier 3,Medium,Supermarket Type3,0.112718925,12.85764534,54.29560089,4.199999809
Low Fat,FDA23,Baking Goods,1998,OUT027,Tier 3,Medium,Supermarket Type3,0.046958532,12.85764534,101.3015976,4.199999809
Low Fat,FDA36,Baking Goods,1998,OUT027,Tier 3,Medium,Supermarket Type3,0.005638944,12.85764534,184.9924011,4.199999809
Low Fat,FDK48,Baking Goods,1998,OUT027,Tier 3,Medium,Supermarket Type3,0.037449986,12.85764534,76.73539734,4.199999809
Low Fat,FDZ60,Baking Goods,1998,OUT027,Tier 3,Medium,Supermarket Type3,0.118783794,12.85764534,108.5596008,4.199999809
Low Fat,FDO37,Breakfast,1998,OUT027,Tier 3,Medium,Supermarket Type3,0.02127316,12.85764534,229.1325989,4.199999809
Low Fat,DRI51,Dairy,1998,OUT027,Tier 3,Medium,Supermarket Type3,0.042037074,12.85764534,172.6764069,4.199999809
Low Fat,FDB52,Dairy,1998,OUT027,Tier 3,Medium,Supermarket Type3,0.030288216,12.85764534,256.7672119,4.199999809
Low Fat,FDB05,Frozen Foods,1998,OUT027,Tier 3,Medium,Supermarket Type3,0.082795449,12.85764534,245.877594,4.199999809
Low Fat,FDA20,Fruits and Vegetables,1998,OUT027,Tier 3,Medium,Supermarket Type3,0.06629847,12.85764534,186.8240051,4.199999809
Low Fat,FDH32,Fruits and Vegetables,1998,OUT027,Tier 3,Medium,Supermarket Type3,0.075691715,12.85764534,98.24099731,4.199999809
Low Fat,FDL08,Fruits and Vegetables,1998,OUT027,Tier 3,Medium,Supermarket Type3,0.049478259,12.85764534,245.4143982,4.199999809
Low Fat,FDP56,Fruits and Vegetables,1998,OUT027,Tier 3,Medium,Supermarket Type3,0.046259034,12.85764534,47.46920013,4.199999809
Low Fat,FDV43,Fruits and Vegetables,1998,OUT027,Tier 3,Medium,Supermarket Type3,0.076483451,12.85764534,43.40859985,4.199999809
Low Fat,DRJ47,Hard Drinks,1998,OUT027,Tier 3,Medium,Supermarket Type3,0.04403602,12.85764534,173.3079987,4.199999809
Low Fat,NCB42,Health and Hygiene,1998,OUT027,Tier 3,Medium,Supermarket Type3,0.008519718,12.85764534,116.9492035,4.199999809
Low Fat,NCI17,Health and Hygiene,1998,OUT027,Tier 3,Medium,Supermarket Type3,0.14272812,12.85764534,95.14099884,4.199999809
Low Fat,NCL29,Health and Hygiene,1998,OUT027,Tier 3,Medium,Supermarket Type3,0.113387674,12.85764534,156.9604034,4.199999809
Low Fat,NCM17,Health and Hygiene,1998,OUT027,Tier 3,Medium,Supermarket Type3,0.070791394,12.85764534,46.40859985,4.199999809
Low Fat,NCS53,Health and Hygiene,1998,OUT027,Tier 3,Medium,Supermarket Type3,0.089343436,12.85764534,157.3603973,4.199999809
Low Fat,NCW29,Health and Hygiene,1998,OUT027,Tier 3,Medium,Supermarket Type3,0.028723188,12.85764534,131.8309937,4.199999809
Low Fat,NCY29,Health and Hygiene,1998,OUT027,Tier 3,Medium,Supermarket Type3,0.0768601,12.85764534,55.99300003,4.199999809
Low Fat,NCE54,Household,1998,OUT027,Tier 3,Medium,Supermarket Type3,0.026769591,12.85764534,77.03540039,4.199999809
Low Fat,NCI18,Household,1998,OUT027,Tier 3,Medium,Supermarket Type3,0.013956116,12.85764534,222.3746033,4.199999809
Low Fat,NCN18,Household,1998,OUT027,Tier 3,Medium,Supermarket Type3,0.124110736,12.85764534,111.7544022,4.199999809
Low Fat,FDK27,Meat,1998,OUT027,Tier 3,Medium,Supermarket Type3,0.008903212,12.85764534,120.9756012,4.199999809
Low Fat,NCI31,Others,1998,OUT027,Tier 3,Medium,Supermarket Type3,0.080933325,12.85764534,37.51900101,4.199999809
Low Fat,FDB59,Snack Foods,1998,OUT027,Tier 3,Medium,Supermarket Type3,0.01520491,12.85764534,197.2084045,4.199999809
Low Fat,FDE58,Snack Foods,1998,OUT027,Tier 3,Medium,Supermarket Type3,0,12.85764534,119.8124008,4.199999809
Low Fat,FDM21,Snack Foods,1998,OUT027,Tier 3,Medium,Supermarket Type3,0.064052396,12.85764534,256.1646118,4.199999809
Low Fat,FDN57,Snack Foods,1998,OUT027,Tier 3,Medium,Supermarket Type3,0.053971566,12.85764534,141.2153931,4.199999809
Low Fat,FDR45,Snack Foods,1998,OUT027,Tier 3,Medium,Supermarket Type3,0,12.85764534,240.6221924,4.199999809
Low Fat,FDT46,Snack Foods,1998,OUT027,Tier 3,Medium,Supermarket Type3,0.030657949,12.85764534,50.50080109,4.199999809
Low Fat,FDT57,Snack Foods,1998,OUT027,Tier 3,Medium,Supermarket Type3,0.018942606,12.85764534,236.0247955,4.199999809
Low Fat,FDZ58,Snack Foods,1998,OUT027,Tier 3,Medium,Supermarket Type3,0.051924191,12.85764534,121.0072021,4.199999809
Low Fat,DRI25,Soft Drinks,1998,OUT027,Tier 3,Medium,Supermarket Type3,0.033737272,12.85764534,56.66139984,4.199999809
Low Fat,DRJ37,Soft Drinks,1998,OUT027,Tier 3,Medium,Supermarket Type3,0.060805496,12.85764534,150.8023987,4.199999809
Low Fat,FDC35,Starchy Foods,1998,OUT027,Tier 3,Medium,Supermarket Type3,0.122242846,12.85764534,207.563797,4.199999809
Regular,FDA35,Baking Goods,1998,OUT027,Tier 3,Medium,Supermarket Type3,0.053576849,12.85764534,122.2071991,4.199999809
Regular,FDM24,Baking Goods,1998,OUT027,Tier 3,Medium,Supermarket Type3,0.078943223,12.85764534,152.7366028,4.199999809
Regular,FDU12,Baking Goods,1998,OUT027,Tier 3,Medium,Supermarket Type3,0.075384244,12.85764534,262.7568054,4.199999809
Regular,FDT11,Breads,1998,OUT027,Tier 3,Medium,Supermarket Type3,0.029230131,12.85764534,189.4555969,4.199999809
Regular,FDE50,Canned,1998,OUT027,Tier 3,Medium,Supermarket Type3,0.016127169,12.85764534,189.3556061,4.199999809
Regular,FDY37,Canned,1998,OUT027,Tier 3,Medium,Supermarket Type3,0.026440214,12.85764534,143.6470032,4.199999809
Regular,FDI27,Dairy,1998,OUT027,Tier 3,Medium,Supermarket Type3,0.045763623,12.85764534,43.87440109,4.199999809
Regular,FDL39,Dairy,1998,OUT027,Tier 3,Medium,Supermarket Type3,0.06302467,12.85764534,181.6318054,4.199999809
Regular,FDW26,Dairy,1998,OUT027,Tier 3,Medium,Supermarket Type3,0.106538758,12.85764534,222.3771973,4.199999809
Regular,FDE05,Frozen Foods,1998,OUT027,Tier 3,Medium,Supermarket Type3,0.032296885,12.85764534,144.0101929,4.199999809
Regular,FDW04,Frozen Foods,1998,OUT027,Tier 3,Medium,Supermarket Type3,0,12.85764534,130.5310059,4.199999809
Regular,FDR55,Fruits and Vegetables,1998,OUT027,Tier 3,Medium,Supermarket Type3,0.131443918,12.85764534,189.1871948,4.199999809
Regular,FDZ43,Fruits and Vegetables,1998,OUT027,Tier 3,Medium,Supermarket Type3,0.056782238,12.85764534,241.2512054,4.199999809
Regular,FDE10,Snack Foods,1998,OUT027,Tier 3,Medium,Supermarket Type3,0.089512542,12.85764534,133.1625977,4.199999809
Regular,FDJ58,Snack Foods,1998,OUT027,Tier 3,Medium,Supermarket Type3,0.104786173,12.85764534,172.2763977,4.199999809
Regular,FDM22,Snack Foods,1998,OUT027,Tier 3,Medium,Supermarket Type3,0.041754585,12.85764534,53.4640007,4.199999809
Regular,FDU21,Snack Foods,1998,OUT027,Tier 3,Medium,Supermarket Type3,0.076348931,12.85764534,32.85580063,4.199999809
Low Fat,FDA15,Dairy,2012,OUT049,Tier 1,Medium,Supermarket Type1,0.016047301,9.300000191,249.8092041,4.099999905
Regular,FDW12,Baking Goods,1998,OUT027,Tier 3,Medium,Supermarket Type3,0.035399921,12.85764534,144.5444031,4.099999905
Low Fat,NCX29,Health and Hygiene,2012,OUT049,Tier 1,Medium,Supermarket Type1,0.08929114,10,146.7102051,4.099999905
Regular,DRZ11,Soft Drinks,2022,OUT018,Tier 3,Medium,Supermarket Type2,0.113123894,8.850000381,122.5388031,4.099999905
Low Fat,NCL17,Health and Hygiene,2010,OUT046,Tier 1,Small,Supermarket Type1,0.067779712,7.389999866,143.8811951,4.099999905
Low Fat,FDA44,Fruits and Vegetables,2017,OUT035,Tier 2,Small,Supermarket Type1,0.053212654,19.70000076,57.89300156,4.099999905
Low Fat,FDW11,Breads,2020,OUT017,Tier 2,Small,Supermarket Type1,0.049058013,12.60000038,62.7193985,4.099999905
Low Fat,NCO55,Others,2015,OUT045,Tier 2,Small,Supermarket Type1,0.091221854,12.80000019,105.5938034,4.099999905
Low Fat,FDV25,Canned,2022,OUT018,Tier 3,Medium,Supermarket Type2,0.045838211,5.90500021,222.5455933,4.099999905
Low Fat,NCM53,Health and Hygiene,2015,OUT045,Tier 2,Small,Supermarket Type1,0.052146457,18.75,104.6279984,4.099999905
Low Fat,FDA39,Meat,2017,OUT035,Tier 2,Small,Supermarket Type1,0,6.320000172,40.28219986,4.099999905
Regular,FDC60,Baking Goods,2020,OUT017,Tier 2,Small,Supermarket Type1,0.115119904,5.425000191,88.35140228,4.099999905
Low Fat,FDT25,Canned,2020,OUT017,Tier 2,Small,Supermarket Type1,0.051038045,7.5,121.7071991,4.099999905
Low Fat,FDF05,Frozen Foods,2020,OUT017,Tier 2,Small,Supermarket Type1,0.027022883,17.5,262.4909973,4.099999905
Regular,FDJ34,Snack Foods,2000,OUT013,Tier 3,High,Supermarket Type1,0.093577787,11.80000019,125.9703979,4.099999905
Low Fat,FDN01,Breakfast,2015,OUT045,Tier 2,Small,Supermarket Type1,0.072545603,8.895000458,176.2369995,4.099999905
Regular,FDY03,Meat,2020,OUT017,Tier 2,Small,Supermarket Type1,0.076552406,17.60000038,110.5202026,4.099999905
Regular,FDV13,Canned,1998,OUT027,Tier 3,Medium,Supermarket Type3,0.02747716,12.85764534,87.98560333,4.099999905
Low Fat,FDY31,Fruits and Vegetables,1998,OUT027,Tier 3,Medium,Supermarket Type3,0.043351896,12.85764534,146.6417999,4.099999905
Regular,FDO01,Breakfast,1998,OUT027,Tier 3,Medium,Supermarket Type3,0.020618323,12.85764534,129.3993988,4.099999905
Regular,FDR24,Baking Goods,2000,OUT013,Tier 3,High,Supermarket Type1,0.062799379,17.35000038,88.18299866,4.099999905
Regular,FDH40,Frozen Foods,2010,OUT046,Tier 1,Small,Supermarket Type1,0.078929573,11.60000038,79.92759705,4.099999905
Low Fat,FDX60,Baking Goods,2015,OUT045,Tier 2,Small,Supermarket Type1,0.080757581,14.35000038,81.89600372,4.099999905
Low Fat,FDT22,Snack Foods,2012,OUT049,Tier 1,Medium,Supermarket Type1,0.112271495,10.39500046,58.22200012,4.099999905
Regular,FDF45,Fruits and Vegetables,2000,OUT013,Tier 3,High,Supermarket Type1,0.012194556,18.20000076,57.79040146,4.099999905
Regular,FDW07,Fruits and Vegetables,2010,OUT046,Tier 1,Small,Supermarket Type1,0.142688841,18,88.55139923,4.099999905
Low Fat,NCF18,Household,2015,OUT045,Tier 2,Small,Supermarket Type1,0.089163058,18.35000038,191.3504028,4.099999905
Regular,FDM60,Baking Goods,2010,OUT046,Tier 1,Small,Supermarket Type1,0.048143294,10.80000019,40.21379852,4.099999905
Low Fat,NCZ42,Household,2011,OUT010,Tier 3,Small,Grocery Store,0,10.5,238.3247986,4.099999905
Low Fat,FDR04,Frozen Foods,2011,OUT010,Tier 3,Small,Grocery Store,0.037772492,7.074999809,98.00679779,4.099999905
Low Fat,FDV39,Meat,2022,OUT018,Tier 3,Medium,Supermarket Type2,0.007309544,11.30000019,196.2425995,4.099999905
Regular,FDB29,Frozen Foods,2015,OUT045,Tier 2,Small,Supermarket Type1,0.052517969,16.70000076,115.4176025,4.099999905
Low Fat,FDH16,Frozen Foods,2020,OUT017,Tier 2,Small,Supermarket Type1,0.052852619,10.5,88.78299713,4.099999905
Low Fat,NCO30,Household,2015,OUT045,Tier 2,Small,Supermarket Type1,0.015756784,19.5,185.0608063,4.099999905
Regular,FDO11,Breads,1998,OUT027,Tier 3,Medium,Supermarket Type3,0.030118339,12.85764534,248.8092041,4.099999905
Low Fat,DRL23,Hard Drinks,2015,OUT045,Tier 2,Medium,Supermarket Type1,0.015335349,18.35000038,106.6938019,4.099999905
Low Fat,NCI29,Health and Hygiene,2022,OUT018,Tier 3,Medium,Supermarket Type2,0.032754432,8.600000381,140.5153961,4.099999905
Regular,FDN16,Frozen Foods,2000,OUT013,Tier 3,High,Supermarket Type1,0.06264811,12.60000038,104.8990021,4.099999905
Regular,FDJ21,Snack Foods,2015,OUT045,Tier 2,Medium,Supermarket Type1,0.038606364,16.70000076,146.5101929,4.099999905
Low Fat,FDZ22,Snack Foods,2015,OUT045,Tier 2,Medium,Supermarket Type1,0.045361705,9.395000458,83.82499695,4.099999905
Low Fat,FDR08,Fruits and Vegetables,2015,OUT045,Tier 2,Medium,Supermarket Type1,0.037699252,18.70000076,110.2885971,4.099999905
Low Fat,FDW49,Canned,2015,OUT045,Tier 2,Medium,Supermarket Type1,0.082719631,19.5,179.3002014,4.099999905
Low Fat,FDK14,Canned,2010,OUT046,Tier 1,Small,Supermarket Type1,0.041105788,6.980000019,83.49340057,4.099999905
Regular,FDM01,Breakfast,2017,OUT035,Tier 2,Small,Supermarket Type1,0.094549298,7.894999981,102.6332016,4.099999905
Low Fat,FDH32,Fruits and Vegetables,2010,OUT046,Tier 1,Small,Supermarket Type1,0.076060034,12.80000019,95.14099884,4.099999905
Low Fat,NCQ02,Household,2000,OUT013,Tier 3,High,Supermarket Type1,0.007450258,12.60000038,186.7556,4.099999905
Low Fat,NCV05,Health and Hygiene,2010,OUT046,Tier 1,Small,Supermarket Type1,0.030208509,10.10000038,153.1656036,4.099999905
Low Fat,NCQ38,Others,2022,OUT018,Tier 3,Medium,Supermarket Type2,0.013420879,16.35000038,104.8280029,4.099999905
Low Fat,FDV02,Dairy,1998,OUT027,Tier 3,Medium,Supermarket Type3,0.060252432,12.85764534,170.7106018,4.099999905
Low Fat,FDP33,Snack Foods,2010,OUT046,Tier 1,Small,Supermarket Type1,0.089272253,18.70000076,254.7671967,4.099999905
Low Fat,FDK43,Meat,2022,OUT018,Tier 3,Medium,Supermarket Type2,0.026950104,9.800000191,128.4019928,4.099999905
Low Fat,NCO06,Household,2022,OUT018,Tier 3,Medium,Supermarket Type2,0.108470507,19.25,33.4557991,4.099999905
Low Fat,FDR58,Snack Foods,2000,OUT013,Tier 3,High,Supermarket Type1,0.041886576,6.675000191,92.14620209,4.099999905
Low Fat,DRM37,Soft Drinks,2011,OUT010,Tier 3,Medium,Grocery Store,0.161350176,15.35000038,196.6768036,4.099999905
Low Fat,FDF52,Frozen Foods,2022,OUT018,Tier 3,Medium,Supermarket Type2,0.067055337,9.300000191,184.2292023,4.099999905
Regular,FDP48,Baking Goods,1998,OUT027,Tier 3,Medium,Supermarket Type3,0.043810029,12.85764534,181.3950043,4.099999905
Low Fat,FDW56,Fruits and Vegetables,2011,OUT010,Tier 3,Medium,Grocery Store,0.118672535,7.679999828,192.2162018,4.099999905
Regular,FDM36,Baking Goods,1998,OUT027,Tier 3,Medium,Supermarket Type3,0.058446422,12.85764534,172.1421967,4.099999905
Low Fat,FDZ48,Baking Goods,2012,OUT049,Tier 1,Medium,Supermarket Type1,0.076077722,17.75,112.4543991,4.099999905
Low Fat,FDP56,Fruits and Vegetables,2012,OUT049,Tier 1,Medium,Supermarket Type1,0.046556409,8.18500042,47.76919937,4.099999905
Low Fat,FDL36,Baking Goods,2012,OUT049,Tier 1,Medium,Supermarket Type1,0.076193765,15.10000038,89.78299713,4.099999905
Low Fat,FDW35,Breads,2012,OUT049,Tier 1,Medium,Supermarket Type1,0.011106465,10.60000038,42.74539948,4.099999905
Low Fat,FDT25,Canned,2012,OUT049,Tier 1,Medium,Supermarket Type1,0.05082988,7.5,122.7071991,4.099999905
Low Fat,FDI14,Canned,2012,OUT049,Tier 1,Medium,Supermarket Type1,0.089817196,14.10000038,142.7496033,4.099999905
Low Fat,DRF03,Dairy,2012,OUT049,Tier 1,Medium,Supermarket Type1,0.045378573,19.10000038,42.41379929,4.099999905
Low Fat,FDV14,Dairy,2012,OUT049,Tier 1,Medium,Supermarket Type1,0.044566657,19.85000038,88.58560181,4.099999905
Low Fat,FDB17,Frozen Foods,2012,OUT049,Tier 1,Medium,Supermarket Type1,0.036729123,13.14999962,179.7976074,4.099999905
Low Fat,FDI28,Frozen Foods,2012,OUT049,Tier 1,Medium,Supermarket Type1,0.026362624,14.30000019,78.3302002,4.099999905
Low Fat,FDG16,Frozen Foods,2012,OUT049,Tier 1,Medium,Supermarket Type1,0.089956447,15.25,217.1192017,4.099999905
Low Fat,FDO40,Frozen Foods,2012,OUT049,Tier 1,Medium,Supermarket Type1,0.032678839,17.10000038,150.7391968,4.099999905
Low Fat,FDG29,Frozen Foods,2012,OUT049,Tier 1,Medium,Supermarket Type1,0.056379437,17.60000038,42.74539948,4.099999905
Low Fat,FDB20,Fruits and Vegetables,2012,OUT049,Tier 1,Medium,Supermarket Type1,0.052061483,7.71999979,76.79859924,4.099999905
Low Fat,NCS29,Health and Hygiene,2012,OUT049,Tier 1,Medium,Supermarket Type1,0.069653586,9,266.2883911,4.099999905
Low Fat,NCP17,Health and Hygiene,2012,OUT049,Tier 1,Medium,Supermarket Type1,0.02775746,19.35000038,62.51679993,4.099999905
Low Fat,NCF43,Household,2012,OUT049,Tier 1,Medium,Supermarket Type1,0,8.510000229,142.1470032,4.099999905
Low Fat,NCH18,Household,2012,OUT049,Tier 1,Medium,Supermarket Type1,0.044730667,9.300000191,245.1802063,4.099999905
Low Fat,NCW18,Household,2012,OUT049,Tier 1,Medium,Supermarket Type1,0.059417054,15.10000038,237.9248047,4.099999905
Low Fat,NCK07,Others,2012,OUT049,Tier 1,Medium,Supermarket Type1,0.048762385,10.64999962,165.252594,4.099999905
Low Fat,FDR58,Snack Foods,2012,OUT049,Tier 1,Medium,Supermarket Type1,0.041986641,6.675000191,93.24620056,4.099999905
Low Fat,FDE34,Snack Foods,2012,OUT049,Tier 1,Medium,Supermarket Type1,0.108059138,9.194999695,181.7633972,4.099999905
Low Fat,FDZ45,Snack Foods,2012,OUT049,Tier 1,Medium,Supermarket Type1,0.06697996,14.10000038,196.7084045,4.099999905
Low Fat,DRK12,Soft Drinks,2012,OUT049,Tier 1,Medium,Supermarket Type1,0.04195144,9.5,32.49000168,4.099999905
Low Fat,DRF36,Soft Drinks,2012,OUT049,Tier 1,Medium,Supermarket Type1,0.023613956,16.10000038,192.8845978,4.099999905
Regular,FDG12,Baking Goods,2012,OUT049,Tier 1,Medium,Supermarket Type1,0.006335942,6.635000229,121.8097992,4.099999905
Regular,FDJ36,Baking Goods,2012,OUT049,Tier 1,Medium,Supermarket Type1,0.128459483,14.5,102.0332031,4.099999905
Regular,FDT47,Breads,2012,OUT049,Tier 1,Medium,Supermarket Type1,0.02454694,5.260000229,95.70680237,4.099999905
Regular,FDZ35,Breads,2012,OUT049,Tier 1,Medium,Supermarket Type1,0,9.600000381,101.6989975,4.099999905
Regular,FDI50,Canned,2012,OUT049,Tier 1,Medium,Supermarket Type1,0.030890618,8.420000076,228.735199,4.099999905
Regular,FDK03,Dairy,2012,OUT049,Tier 1,Medium,Supermarket Type1,0.074035361,12.60000038,256.1355896,4.099999905
Regular,FDL39,Dairy,2012,OUT049,Tier 1,Medium,Supermarket Type1,0.063429818,16.10000038,179.4317932,4.099999905
Regular,FDW52,Frozen Foods,2012,OUT049,Tier 1,Medium,Supermarket Type1,0.037580878,14,162.6526031,4.099999905
Regular,FDS56,Fruits and Vegetables,2012,OUT049,Tier 1,Medium,Supermarket Type1,0.038817123,5.784999847,262.6252136,4.099999905
Regular,FDA07,Fruits and Vegetables,2012,OUT049,Tier 1,Medium,Supermarket Type1,0.030992735,7.550000191,124.3071976,4.099999905
Regular,FDG08,Fruits and Vegetables,2012,OUT049,Tier 1,Medium,Supermarket Type1,0.165616408,13.14999962,172.6764069,4.099999905
Regular,FDH45,Fruits and Vegetables,2012,OUT049,Tier 1,Medium,Supermarket Type1,0.105831116,15.10000038,41.67959976,4.099999905
Regular,FDQ27,Meat,2012,OUT049,Tier 1,Medium,Supermarket Type1,0.044321422,5.190000057,103.8990021,4.099999905
Regular,FDW27,Meat,2012,OUT049,Tier 1,Medium,Supermarket Type1,0.15108785,5.860000134,155.1313934,4.099999905
Regular,FDQ15,Meat,2012,OUT049,Tier 1,Medium,Supermarket Type1,0.151308328,20.35000038,81.7276001,4.099999905
Regular,FDC22,Snack Foods,2012,OUT049,Tier 1,Medium,Supermarket Type1,0,6.889999866,193.4819946,4.099999905
Regular,FDN46,Snack Foods,2012,OUT049,Tier 1,Medium,Supermarket Type1,0.144856349,7.210000038,100.5332031,4.099999905
Regular,FDS21,Snack Foods,2012,OUT049,Tier 1,Medium,Supermarket Type1,0.020908607,19.85000038,63.51940155,4.099999905
Regular,DRL01,Soft Drinks,2012,OUT049,Tier 1,Medium,Supermarket Type1,0.077292301,19.5,235.3957977,4.099999905
Regular,FDG35,Starchy Foods,2012,OUT049,Tier 1,Medium,Supermarket Type1,0,21.20000076,173.6737976,4.099999905
Low Fat,FDQ23,Breads,1998,OUT019,Tier 1,Small,Grocery Store,0.042941559,12.85764534,102.933197,4.099999905
Low Fat,FDW01,Canned,1998,OUT019,Tier 1,Small,Grocery Store,0.112161696,12.85764534,154.4682007,4.099999905
Low Fat,FDF52,Frozen Foods,1998,OUT019,Tier 1,Small,Grocery Store,0.116928928,12.85764534,183.3291931,4.099999905
Low Fat,FDO28,Frozen Foods,1998,OUT019,Tier 1,Small,Grocery Store,0.126585096,12.85764534,122.4097977,4.099999905
Low Fat,NCA53,Health and Hygiene,1998,OUT019,Tier 1,Small,Grocery Store,0.017295906,12.85764534,47.10340118,4.099999905
Low Fat,NCL41,Health and Hygiene,1998,OUT019,Tier 1,Small,Grocery Store,0.073077194,12.85764534,34.32160187,4.099999905
Low Fat,NCS29,Health and Hygiene,1998,OUT019,Tier 1,Small,Grocery Store,0.121765122,12.85764534,264.188385,4.099999905
Low Fat,NCZ05,Health and Hygiene,1998,OUT019,Tier 1,Small,Grocery Store,0.101781987,12.85764534,104.6989975,4.099999905
Low Fat,NCH07,Household,1998,OUT019,Tier 1,Small,Grocery Store,0.162248015,12.85764534,160.4604034,4.099999905
Low Fat,NCM54,Household,1998,OUT019,Tier 1,Small,Grocery Store,0.089187719,12.85764534,128.967804,4.099999905
Low Fat,NCQ42,Household,1998,OUT019,Tier 1,Small,Grocery Store,0.068753555,12.85764534,127.9677963,4.099999905
Low Fat,NCW42,Household,1998,OUT019,Tier 1,Small,Grocery Store,0.102371641,12.85764534,221.2456055,4.099999905
Low Fat,FDK45,Seafood,1998,OUT019,Tier 1,Small,Grocery Store,0.059281316,12.85764534,111.5859985,4.099999905
Low Fat,FDC47,Snack Foods,1998,OUT019,Tier 1,Small,Grocery Store,0.208162159,12.85764534,228.1694031,4.099999905
Low Fat,FDD46,Snack Foods,1998,OUT019,Tier 1,Small,Grocery Store,0.247321039,12.85764534,152.3997955,4.099999905
Low Fat,FDH34,Snack Foods,1998,OUT019,Tier 1,Small,Grocery Store,0.054443762,12.85764534,184.6582031,4.099999905
Low Fat,FDQ57,Snack Foods,1998,OUT019,Tier 1,Small,Grocery Store,0.048932713,12.85764534,144.4759979,4.099999905
Low Fat,FDR46,Snack Foods,1998,OUT019,Tier 1,Small,Grocery Store,0.244102314,12.85764534,148.076004,4.099999905
Low Fat,FDV09,Snack Foods,1998,OUT019,Tier 1,Small,Grocery Store,0.036012918,12.85764534,148.0733948,4.099999905
Low Fat,FDZ10,Snack Foods,1998,OUT019,Tier 1,Small,Grocery Store,0.077849835,12.85764534,127.2020035,4.099999905
Regular,FDB49,Baking Goods,1998,OUT019,Tier 1,Small,Grocery Store,0.052791122,12.85764534,98.53839874,4.099999905
Regular,FDR12,Baking Goods,1998,OUT019,Tier 1,Small,Grocery Store,0.05521328,12.85764534,172.4763947,4.099999905
Regular,FDX47,Breads,1998,OUT019,Tier 1,Small,Grocery Store,0.060587738,12.85764534,156.8287964,4.099999905
Regular,FDK26,Canned,1998,OUT019,Tier 1,Small,Grocery Store,0.056338482,12.85764534,184.6239929,4.099999905
Regular,FDV01,Canned,1998,OUT019,Tier 1,Small,Grocery Store,0.14873749,12.85764534,155.1313934,4.099999905
Regular,FDB04,Dairy,1998,OUT019,Tier 1,Small,Grocery Store,0.110701099,12.85764534,88.68560028,4.099999905
Regular,FDF57,Fruits and Vegetables,1998,OUT019,Tier 1,Small,Grocery Store,0.102999151,12.85764534,169.9447937,4.099999905
Regular,FDQ08,Fruits and Vegetables,1998,OUT019,Tier 1,Small,Grocery Store,0.033144604,12.85764534,62.75360107,4.099999905
Regular,FDU44,Fruits and Vegetables,1998,OUT019,Tier 1,Small,Grocery Store,0.102295905,12.85764534,162.3551941,4.099999905
Regular,FDX32,Fruits and Vegetables,1998,OUT019,Tier 1,Small,Grocery Store,0.174838901,12.85764534,142.8786011,4.099999905
Regular,FDS27,Meat,1998,OUT019,Tier 1,Small,Grocery Store,0.021812599,12.85764534,194.7109985,4.099999905
Regular,FDO10,Snack Foods,1998,OUT019,Tier 1,Small,Grocery Store,0,12.85764534,58.75880051,4.099999905
Regular,FDY16,Frozen Foods,1998,OUT019,Tier 1,Small,Grocery Store,0.161477134,12.85764534,186.226593,4.099999905
Low Fat,FDX02,Dairy,2010,OUT046,Tier 1,Small,Supermarket Type1,0.057060089,16,225.0404053,4.099999905
Low Fat,NCO54,Household,2010,OUT046,Tier 1,Small,Supermarket Type1,0.014274292,19.5,55.66139984,4.099999905
Low Fat,FDY48,Baking Goods,2010,OUT046,Tier 1,Small,Supermarket Type1,0.023734871,14,103.2332001,4.099999905
Low Fat,FDN24,Baking Goods,2010,OUT046,Tier 1,Small,Supermarket Type1,0.113267429,14.10000038,54.59560013,4.099999905
Low Fat,FDO60,Baking Goods,2010,OUT046,Tier 1,Small,Supermarket Type1,0.034369528,20,43.70859909,4.099999905
Low Fat,FDG60,Baking Goods,2010,OUT046,Tier 1,Small,Supermarket Type1,0.060699724,20.35000038,233.3616028,4.099999905
Low Fat,FDQ37,Breakfast,2010,OUT046,Tier 1,Small,Supermarket Type1,0.089260668,20.75,193.4477997,4.099999905
Low Fat,FDW25,Canned,2010,OUT046,Tier 1,Small,Supermarket Type1,0.037398953,5.175000191,84.22239685,4.099999905
Low Fat,FDB16,Dairy,2010,OUT046,Tier 1,Small,Supermarket Type1,0.044925783,8.210000038,86.01979828,4.099999905
Low Fat,FDX14,Dairy,2010,OUT046,Tier 1,Small,Supermarket Type1,0.074940033,13.10000038,75.03540039,4.099999905
Low Fat,DRG03,Dairy,2010,OUT046,Tier 1,Small,Supermarket Type1,0.061986573,14.5,153.0997925,4.099999905
Low Fat,DRF15,Dairy,2010,OUT046,Tier 1,Small,Supermarket Type1,0.033213992,18.35000038,154.9340057,4.099999905
Low Fat,DRH39,Dairy,2010,OUT046,Tier 1,Small,Supermarket Type1,0,20.70000076,78.46700287,4.099999905
Low Fat,FDJ28,Frozen Foods,2010,OUT046,Tier 1,Small,Supermarket Type1,0.021860985,12.30000019,193.3161926,4.099999905
Low Fat,FDF04,Frozen Foods,2010,OUT046,Tier 1,Small,Supermarket Type1,0.013637046,17.5,258.5303955,4.099999905
Low Fat,FDP16,Frozen Foods,2010,OUT046,Tier 1,Small,Supermarket Type1,0.039294854,18.60000038,246.6802063,4.099999905
Low Fat,FDT31,Fruits and Vegetables,2010,OUT046,Tier 1,Small,Supermarket Type1,0.012448294,19.75,188.2872009,4.099999905
Low Fat,DRM47,Hard Drinks,2010,OUT046,Tier 1,Small,Supermarket Type1,0.043785695,9.300000191,191.6846008,4.099999905
Low Fat,NCY41,Health and Hygiene,2010,OUT046,Tier 1,Small,Supermarket Type1,0.075735621,16.75,34.55319977,4.099999905
Low Fat,NCX42,Household,2010,OUT046,Tier 1,Small,Supermarket Type1,0.005978595,6.360000134,163.6526031,4.099999905
Low Fat,NCY54,Household,2010,OUT046,Tier 1,Small,Supermarket Type1,0.177694842,8.430000305,171.1421967,4.099999905
Low Fat,NCF07,Household,2010,OUT046,Tier 1,Small,Supermarket Type1,0.032022536,9,101.8015976,4.099999905
Low Fat,NCD07,Household,2010,OUT046,Tier 1,Small,Supermarket Type1,0,9.100000381,114.4517975,4.099999905
Low Fat,NCF31,Household,2010,OUT046,Tier 1,Small,Supermarket Type1,0.051847424,9.130000114,152.8023987,4.099999905
Low Fat,NCQ06,Household,2010,OUT046,Tier 1,Small,Supermarket Type1,0.041824523,13,256.7013855,4.099999905
Low Fat,NCI54,Household,2010,OUT046,Tier 1,Small,Supermarket Type1,0.033599041,15.19999981,107.7911987,4.099999905
Low Fat,NCR18,Household,2010,OUT046,Tier 1,Small,Supermarket Type1,0.020487625,15.85000038,44.01119995,4.099999905
Low Fat,NCA54,Household,2010,OUT046,Tier 1,Small,Supermarket Type1,0.036641598,16.5,178.7317963,4.099999905
Low Fat,NCA30,Household,2010,OUT046,Tier 1,Small,Supermarket Type1,0,19,189.1871948,4.099999905
Low Fat,FDI57,Seafood,2010,OUT046,Tier 1,Small,Supermarket Type1,0.054025643,19.85000038,197.2767944,4.099999905
Low Fat,FDX34,Snack Foods,2010,OUT046,Tier 1,Small,Supermarket Type1,0.071985528,6.195000172,122.2098007,4.099999905
Low Fat,FDT34,Snack Foods,2010,OUT046,Tier 1,Small,Supermarket Type1,0.174350277,9.300000191,104.4963989,4.099999905
Low Fat,FDX58,Snack Foods,2010,OUT046,Tier 1,Small,Supermarket Type1,0.043763679,13.14999962,183.0950012,4.099999905
Low Fat,FDM33,Snack Foods,2010,OUT046,Tier 1,Small,Supermarket Type1,0.087719694,15.60000038,218.5798035,4.099999905
Low Fat,FDR46,Snack Foods,2010,OUT046,Tier 1,Small,Supermarket Type1,0.139417648,16.85000038,147.4759979,4.099999905
Low Fat,FDV46,Snack Foods,2010,OUT046,Tier 1,Small,Supermarket Type1,0.012607876,18.20000076,139.8179932,4.099999905
Low Fat,DRK49,Soft Drinks,2010,OUT046,Tier 1,Small,Supermarket Type1,0.035943717,14.14999962,40.51380157,4.099999905
Low Fat,DRH36,Soft Drinks,2010,OUT046,Tier 1,Small,Supermarket Type1,0.033380061,16.20000076,74.06960297,4.099999905
Regular,FDQ48,Baking Goods,2010,OUT046,Tier 1,Small,Supermarket Type1,0.034411237,14.30000019,98.67259979,4.099999905
Regular,FDX47,Breads,2010,OUT046,Tier 1,Small,Supermarket Type1,0.034604345,6.550000191,157.8287964,4.099999905
Regular,FDM01,Breakfast,2010,OUT046,Tier 1,Small,Supermarket Type1,0.09456718,7.894999981,104.5332031,4.099999905
Regular,FDZ13,Canned,2010,OUT046,Tier 1,Small,Supermarket Type1,0.153494984,7.840000153,48.93500137,4.099999905
Regular,FDA25,Canned,2010,OUT046,Tier 1,Small,Supermarket Type1,0.068125755,16.5,101.1989975,4.099999905
Regular,FDZ14,Dairy,2010,OUT046,Tier 1,Small,Supermarket Type1,0.047588695,7.710000038,122.4756012,4.099999905
Regular,FDW14,Dairy,2010,OUT046,Tier 1,Small,Supermarket Type1,0.038211536,8.300000191,87.71980286,4.099999905
Regular,FDS02,Dairy,2010,OUT046,Tier 1,Small,Supermarket Type1,0.145867348,10.19499969,194.0794067,4.099999905
Regular,FDD52,Dairy,2010,OUT046,Tier 1,Small,Supermarket Type1,0.183294877,18.25,111.6569977,4.099999905
Regular,FDV04,Frozen Foods,2010,OUT046,Tier 1,Small,Supermarket Type1,0.150015235,7.824999809,157.5287933,4.099999905
Regular,FDY40,Frozen Foods,2010,OUT046,Tier 1,Small,Supermarket Type1,0.085834995,15.5,49.6692009,4.099999905
Regular,FDR31,Fruits and Vegetables,2010,OUT046,Tier 1,Small,Supermarket Type1,0.049162883,6.460000038,146.910202,4.099999905
Regular,FDY44,Fruits and Vegetables,2010,OUT046,Tier 1,Small,Supermarket Type1,0.024404557,14.14999962,198.3110046,4.099999905
Regular,FDQ08,Fruits and Vegetables,2010,OUT046,Tier 1,Small,Supermarket Type1,0.018930351,15.69999981,59.45360184,4.099999905
Regular,FDW27,Meat,2010,OUT046,Tier 1,Small,Supermarket Type1,0.150853306,5.860000134,156.0314026,4.099999905
Regular,FDX51,Meat,2010,OUT046,Tier 1,Small,Supermarket Type1,0.022058723,9.5,196.8451996,4.099999905
Regular,FDW57,Snack Foods,2010,OUT046,Tier 1,Small,Supermarket Type1,0,8.31000042,177.4028015,4.099999905
Regular,FDV33,Snack Foods,2010,OUT046,Tier 1,Small,Supermarket Type1,0.02734361,9.600000381,257.8304138,4.099999905
Regular,FDV57,Snack Foods,2010,OUT046,Tier 1,Small,Supermarket Type1,0.065896556,15.25,179.2660065,4.099999905
Regular,FDU57,Snack Foods,2010,OUT046,Tier 1,Small,Supermarket Type1,0.089554183,8.270000458,150.8708038,4.099999905
Low Fat,FDA11,Baking Goods,2015,OUT045,Tier 2,Medium,Supermarket Type1,0.043326512,7.75,95.64360046,4.099999905
Low Fat,NCM18,Household,2015,OUT045,Tier 2,Medium,Supermarket Type1,0.083009876,13,61.11940002,4.099999905
Low Fat,FDD58,Snack Foods,2015,OUT045,Tier 2,Medium,Supermarket Type1,0.059472609,7.760000229,98.76999664,4.099999905
Low Fat,FDG32,Fruits and Vegetables,2020,OUT017,Tier 2,Medium,Supermarket Type1,0.176991031,19.85000038,221.5771942,4.099999905
Low Fat,FDB11,Starchy Foods,2020,OUT017,Tier 2,Medium,Supermarket Type1,0.061192211,16,224.1403961,4.099999905
Low Fat,FDV24,Baking Goods,2015,OUT045,Tier 2,Medium,Supermarket Type1,0.103481777,5.635000229,150.0050049,4.099999905
Low Fat,FDX24,Baking Goods,2015,OUT045,Tier 2,Medium,Supermarket Type1,0.013957308,8.354999542,94.04620361,4.099999905
Low Fat,FDP37,Breakfast,2015,OUT045,Tier 2,Medium,Supermarket Type1,0.143396169,15.60000038,128.0993958,4.099999905
Low Fat,FDF50,Canned,2015,OUT045,Tier 2,Medium,Supermarket Type1,0.117568299,4.90500021,197.6768036,4.099999905
Low Fat,FDY13,Canned,2015,OUT045,Tier 2,Medium,Supermarket Type1,0.030188505,12.10000038,77.36699677,4.099999905
Low Fat,DRG15,Dairy,2015,OUT045,Tier 2,Medium,Supermarket Type1,0.076891527,6.130000114,61.55360031,4.099999905
Low Fat,DRE03,Dairy,2015,OUT045,Tier 2,Medium,Supermarket Type1,0.024276035,19.60000038,45.37179947,4.099999905
Low Fat,FDT40,Frozen Foods,2015,OUT045,Tier 2,Medium,Supermarket Type1,0.0959896,5.985000134,127.3677979,4.099999905
Low Fat,FDK04,Frozen Foods,2015,OUT045,Tier 2,Medium,Supermarket Type1,0.052418124,7.360000134,56.55879974,4.099999905
Low Fat,FDV40,Frozen Foods,2015,OUT045,Tier 2,Medium,Supermarket Type1,0.014721579,17.35000038,73.10379791,4.099999905
Low Fat,FDE09,Fruits and Vegetables,2015,OUT045,Tier 2,Medium,Supermarket Type1,0.021647194,8.774999619,109.5227966,4.099999905
Low Fat,FDL08,Fruits and Vegetables,2015,OUT045,Tier 2,Medium,Supermarket Type1,0.049819857,10.80000019,243.2144012,4.099999905
Low Fat,FDG32,Fruits and Vegetables,2015,OUT045,Tier 2,Medium,Supermarket Type1,0.176352456,19.85000038,220.8771973,4.099999905
Low Fat,NCU17,Health and Hygiene,2015,OUT045,Tier 2,Small,Supermarket Type1,0.093071677,5.320000172,103.8674011,4.099999905
Low Fat,NCN29,Health and Hygiene,2015,OUT045,Tier 2,Small,Supermarket Type1,0.012141036,15.19999981,48.70339966,4.099999905
Low Fat,NCE07,Household,2015,OUT045,Tier 2,Small,Supermarket Type1,0,8.180000305,140.5153961,4.099999905
Low Fat,NCU42,Household,2015,OUT045,Tier 2,Small,Supermarket Type1,0.019546214,9,168.1473999,4.099999905
Low Fat,NCN26,Household,2015,OUT045,Tier 2,Small,Supermarket Type1,0.028738057,10.85000038,117.1808014,4.099999905
Low Fat,NCN42,Household,2015,OUT045,Tier 2,Small,Supermarket Type1,0.014251461,20.25,148.6417999,4.099999905
Low Fat,FDP39,Meat,2015,OUT045,Tier 2,Small,Supermarket Type1,0.069565758,12.64999962,52.43239975,4.099999905
Low Fat,FDV03,Meat,2015,OUT045,Tier 2,Small,Supermarket Type1,0.05820908,17.60000038,153.6313934,4.099999905
Low Fat,NCM31,Others,2015,OUT045,Tier 2,Small,Supermarket Type1,0.081361286,6.09499979,141.9154053,4.099999905
Low Fat,NCN07,Others,2015,OUT045,Tier 2,Small,Supermarket Type1,0.03401354,18.5,133.2283936,4.099999905
Low Fat,FDJ22,Snack Foods,2015,OUT045,Tier 2,Small,Supermarket Type1,0.052917346,18.75,190.6504059,4.099999905
Low Fat,DRC25,Soft Drinks,2015,OUT045,Tier 2,Small,Supermarket Type1,0.045463871,5.730000019,85.28820038,4.099999905
Low Fat,FDB11,Starchy Foods,2015,OUT045,Tier 2,Small,Supermarket Type1,0.060971431,16,226.2404022,4.099999905
Low Fat,FDN60,Baking Goods,2020,OUT017,Tier 2,Small,Supermarket Type1,0.095696338,15.10000038,159.7604065,4.099999905
Low Fat,FDP24,Baking Goods,2020,OUT017,Tier 2,Small,Supermarket Type1,0.083473586,20.60000038,120.8756027,4.099999905
Low Fat,FDS23,Breads,2020,OUT017,Tier 2,Small,Supermarket Type1,0.141686037,4.635000229,126.9993973,4.099999905
Low Fat,FDU11,Breads,2020,OUT017,Tier 2,Small,Supermarket Type1,0.093117401,4.784999847,118.6098022,4.099999905
Low Fat,FDO23,Breads,2020,OUT017,Tier 2,Small,Supermarket Type1,0.147255599,17.85000038,93.74359894,4.099999905
Low Fat,FDP37,Breakfast,2020,OUT017,Tier 2,Small,Supermarket Type1,0.143915415,15.60000038,127.5994034,4.099999905
Low Fat,FDK50,Canned,2020,OUT017,Tier 2,Small,Supermarket Type1,0,7.960000038,160.7893982,4.099999905
Low Fat,FDS01,Canned,2020,OUT017,Tier 2,Small,Supermarket Type1,0.017845372,11.60000038,179.0686035,4.099999905
Low Fat,FDL26,Canned,2020,OUT017,Tier 2,Small,Supermarket Type1,0.073606826,18,156.6972046,4.099999905
Low Fat,DRC27,Dairy,2020,OUT017,Tier 2,Small,Supermarket Type1,0.058431119,13.80000019,243.6802063,4.099999905
Low Fat,FDI15,Dairy,2020,OUT017,Tier 2,Small,Supermarket Type1,0.142152116,13.80000019,263.5884094,4.099999905
Low Fat,FDS26,Dairy,2020,OUT017,Tier 2,Small,Supermarket Type1,0.089975297,20.35000038,261.6593933,4.099999905
Low Fat,FDN40,Frozen Foods,2020,OUT017,Tier 2,Small,Supermarket Type1,0.086945824,5.880000114,152.9998016,4.099999905
Low Fat,FDC28,Frozen Foods,2020,OUT017,Tier 2,Small,Supermarket Type1,0,7.90500021,109.1253967,4.099999905
Low Fat,FDG16,Frozen Foods,2020,OUT017,Tier 2,Small,Supermarket Type1,0.090324849,15.25,214.4192047,4.099999905
Low Fat,FDC41,Frozen Foods,2020,OUT017,Tier 2,Small,Supermarket Type1,0.117574558,15.60000038,75.66699982,4.099999905
Low Fat,FDZ52,Frozen Foods,2020,OUT017,Tier 2,Small,Supermarket Type1,0.100640588,19.20000076,112.6885986,4.099999905
Low Fat,FDX43,Fruits and Vegetables,2020,OUT017,Tier 2,Small,Supermarket Type1,0.085757338,5.65500021,164.75,4.099999905
Low Fat,FDI56,Fruits and Vegetables,2020,OUT017,Tier 2,Small,Supermarket Type1,0.093913607,7.324999809,93.21459961,4.099999905
Low Fat,FDT08,Fruits and Vegetables,2020,OUT017,Tier 2,Small,Supermarket Type1,0.0494969,13.64999962,151.5050049,4.099999905
Low Fat,DRM59,Hard Drinks,2020,OUT017,Tier 2,Small,Supermarket Type1,0.003612411,5.880000114,154.1997986,4.099999905
Low Fat,DRK35,Hard Drinks,2020,OUT017,Tier 2,Small,Supermarket Type1,0.072252885,8.364999771,39.65060043,4.099999905
Low Fat,NCK29,Health and Hygiene,2020,OUT017,Tier 2,Small,Supermarket Type1,0.126480415,5.614999771,121.572998,4.099999905
Low Fat,NCF43,Household,2020,OUT017,Tier 2,Small,Supermarket Type1,0.052239735,8.510000229,141.9470062,4.099999905
Low Fat,NCO14,Household,2020,OUT017,Tier 2,Small,Supermarket Type1,0.02981155,9.600000381,45.20859909,4.099999905
Low Fat,NCE43,Household,2020,OUT017,Tier 2,Small,Supermarket Type1,0.104027383,12.5,172.2447968,4.099999905
Low Fat,NCI54,Household,2020,OUT017,Tier 2,High,Supermarket Type1,0,15.19999981,110.4912033,4.099999905
Low Fat,NCP54,Household,2020,OUT017,Tier 2,High,Supermarket Type1,0.03534849,15.35000038,124.6729965,4.099999905
Low Fat,NCD18,Household,2020,OUT017,Tier 2,High,Supermarket Type1,0.073080167,16,228.4667969,4.099999905
Low Fat,NCN54,Household,2020,OUT017,Tier 2,High,Supermarket Type1,0.021447102,20.35000038,76.33280182,4.099999905
Low Fat,FDV39,Meat,2020,OUT017,Tier 2,High,Supermarket Type1,0.007321067,11.30000019,197.7425995,4.099999905
Low Fat,FDK45,Seafood,2020,OUT017,Tier 2,High,Supermarket Type1,0.034049705,11.64999962,112.2860031,4.099999905
Low Fat,FDY58,Snack Foods,2020,OUT017,Tier 2,High,Supermarket Type1,0.040144376,11.64999962,228.9694061,4.099999905
Low Fat,FDP10,Snack Foods,2020,OUT017,Tier 2,High,Supermarket Type1,0.128814667,19,107.6622009,4.099999905
Low Fat,FDM21,Snack Foods,2020,OUT017,Tier 2,High,Supermarket Type1,0.064728148,20.20000076,258.0646057,4.099999905
Low Fat,FDQ21,Snack Foods,2020,OUT017,Tier 2,High,Supermarket Type1,0.019533098,21.25,120.4756012,4.099999905
Low Fat,FDE47,Starchy Foods,2020,OUT017,Tier 2,High,Supermarket Type1,0.038123176,14.14999962,123.5046005,4.099999905
Low Fat,FDH35,Starchy Foods,2020,OUT017,Tier 2,High,Supermarket Type1,0.060589425,18.25,162.552597,4.099999905
Regular,FDS25,Canned,2015,OUT045,Tier 2,High,Supermarket Type1,0.140292495,6.885000229,108.5227966,4.099999905
Regular,FDH02,Canned,2015,OUT045,Tier 2,High,Supermarket Type1,0.020823289,7.269999981,92.44879913,4.099999905
Regular,FDM50,Canned,2015,OUT045,Tier 2,High,Supermarket Type1,0.030150194,13,61.42200089,4.099999905
Regular,FDC52,Dairy,2015,OUT045,Tier 2,High,Supermarket Type1,0.008296692,11.14999962,150.6708069,4.099999905
Regular,FDW26,Dairy,2015,OUT045,Tier 2,High,Supermarket Type1,0.107274301,11.80000019,221.1772003,4.099999905
Regular,FDG05,Frozen Foods,2015,OUT045,Tier 2,High,Supermarket Type1,0.088025302,11,158.0630035,4.099999905
Regular,FDI41,Frozen Foods,2015,OUT045,Tier 2,High,Supermarket Type1,0,18.5,148.741806,4.099999905
Regular,FDK20,Fruits and Vegetables,2015,OUT045,Tier 2,High,Supermarket Type1,0.041641932,12.60000038,121.1072006,4.099999905
Regular,FDY44,Fruits and Vegetables,2015,OUT045,Tier 2,High,Supermarket Type1,0.024454052,14.14999962,197.2109985,4.099999905
Regular,FDQ08,Fruits and Vegetables,2015,OUT045,Tier 2,High,Supermarket Type1,0.018968742,15.69999981,61.95360184,4.099999905
Regular,FDO39,Meat,2015,OUT045,Tier 2,High,Supermarket Type1,0.137645468,6.985000134,185.2608032,4.099999905
Regular,FDT27,Meat,2015,OUT045,Tier 2,High,Supermarket Type1,0.069728293,11.39500046,233.9615936,4.099999905
Regular,FDU15,Meat,2015,OUT045,Tier 2,High,Supermarket Type1,0,13.64999962,37.95320129,4.099999905
Regular,FDX10,Snack Foods,2015,OUT045,Tier 2,High,Supermarket Type1,0.123961411,6.385000229,33.28739929,4.099999905
Regular,FDS36,Baking Goods,2020,OUT017,Tier 2,High,Supermarket Type1,0.047152553,8.380000114,110.1569977,4.099999905
Regular,FDV48,Baking Goods,2020,OUT017,Tier 2,High,Supermarket Type1,0.051908825,9.194999695,78.16439819,4.099999905
Regular,FDL50,Canned,2020,OUT017,Tier 2,High,Supermarket Type1,0.042552419,12.14999962,123.5046005,4.099999905
Regular,FDC14,Canned,2020,OUT017,Tier 2,High,Supermarket Type1,0.041482393,14.5,40.04539871,4.099999905
Regular,FDG17,Frozen Foods,2020,OUT017,Tier 2,High,Supermarket Type1,0.03604294,6.864999771,244.4485931,4.099999905
Regular,FDY28,Frozen Foods,2020,OUT017,Tier 2,High,Supermarket Type1,0.153011605,7.46999979,215.2218018,4.099999905
Regular,FDH53,Frozen Foods,2020,OUT017,Tier 2,High,Supermarket Type1,0,20.5,83.25920105,4.099999905
Regular,FDW44,Fruits and Vegetables,2020,OUT017,Tier 2,Medium,Supermarket Type1,0.035350043,9.5,169.7447968,4.099999905
Regular,FDR56,Fruits and Vegetables,2020,OUT017,Tier 2,Medium,Supermarket Type1,0.101335809,15.5,196.5767975,4.099999905
Regular,FDW51,Meat,2020,OUT017,Tier 2,Medium,Supermarket Type1,0.095195308,6.15500021,213.9559937,4.099999905
Regular,FDO10,Snack Foods,2020,OUT017,Tier 2,Medium,Supermarket Type1,0.012823829,13.64999962,55.55879974,4.099999905
Regular,DRD01,Soft Drinks,2020,OUT017,Tier 2,Medium,Supermarket Type1,0.061521567,12.10000038,55.8614006,4.099999905
Low Fat,FDP56,Fruits and Vegetables,2015,OUT045,Tier 2,Medium,Supermarket Type1,0.046578407,8.18500042,48.6692009,4.099999905
Low Fat,FDJ45,Seafood,2015,OUT045,Tier 2,Medium,Supermarket Type1,0.073559523,17.75,33.92160034,4.099999905
Low Fat,FDO50,Canned,2020,OUT017,Tier 2,Medium,Supermarket Type1,0,16.25,89.88040161,4.099999905
Regular,FDH47,Starchy Foods,2015,OUT045,Tier 2,Medium,Supermarket Type1,0.129077449,13.5,95.20680237,4.099999905
Regular,FDL48,Baking Goods,2020,OUT017,Tier 2,Medium,Supermarket Type1,0.082731754,19.35000038,49.20339966,4.099999905
Low Fat,FDB39,Dairy,2017,OUT035,Tier 2,Small,Supermarket Type1,0.038511675,11.60000038,57.72719955,4.099999905
Low Fat,FDB20,Fruits and Vegetables,2017,OUT035,Tier 2,Small,Supermarket Type1,0.05197084,7.71999979,79.79859924,4.099999905
Low Fat,NCS30,Household,2017,OUT035,Tier 2,Small,Supermarket Type1,0.093008615,5.945000172,127.8651962,4.099999905
Low Fat,NCN55,Others,2017,OUT035,Tier 2,Small,Supermarket Type1,0,14.60000038,242.3538055,4.099999905
Low Fat,FDW24,Baking Goods,2017,OUT035,Tier 2,Small,Supermarket Type1,0.037489962,6.800000191,48.60340118,4.099999905
Low Fat,FDO60,Baking Goods,2017,OUT035,Tier 2,Small,Supermarket Type1,0.034363028,20,43.50859833,4.099999905
Low Fat,FDS60,Baking Goods,2017,OUT035,Tier 2,Small,Supermarket Type1,0.032442387,20.85000038,178.3659973,4.099999905
Low Fat,FDX01,Canned,2017,OUT035,Tier 2,Small,Supermarket Type1,0.024159767,10.10000038,114.7149963,4.099999905
Low Fat,FDC38,Canned,2017,OUT035,Tier 2,Small,Supermarket Type1,0.122470804,15.69999981,131.7942047,4.099999905
Low Fat,FDA49,Canned,2017,OUT035,Tier 2,Small,Supermarket Type1,0.064909488,19.70000076,88.51979828,4.099999905
Low Fat,FDA15,Dairy,2017,OUT035,Tier 2,Small,Supermarket Type1,0.016019359,9.300000191,248.509201,4.099999905
Low Fat,FDV38,Dairy,2017,OUT035,Tier 2,Small,Supermarket Type1,0.101754598,19.25,55.1955986,4.099999905
Low Fat,FDJ53,Frozen Foods,2017,OUT035,Tier 2,Small,Supermarket Type1,0.071244441,10.5,119.2098007,4.099999905
Low Fat,FDK44,Fruits and Vegetables,2017,OUT035,Tier 2,Small,Supermarket Type1,0.122204371,16.60000038,173.5738068,4.099999905
Low Fat,DRJ11,Hard Drinks,2017,OUT035,Tier 2,Small,Supermarket Type1,0.085075065,9.5,189.087204,4.099999905
Low Fat,DRL47,Hard Drinks,2017,OUT035,Tier 2,Small,Supermarket Type1,0.038729455,19.70000076,127.3361969,4.099999905
Low Fat,NCI29,Health and Hygiene,2017,OUT035,Tier 2,Small,Supermarket Type1,0.032615378,8.600000381,142.9154053,4.099999905
Low Fat,NCR05,Health and Hygiene,2017,OUT035,Tier 2,Small,Supermarket Type1,0.054620504,10.10000038,197.5084076,4.099999905
Low Fat,NCK53,Health and Hygiene,2017,OUT035,Tier 2,Small,Supermarket Type1,0.037574138,11.60000038,100.0042038,4.099999905
Low Fat,NCU05,Health and Hygiene,2017,OUT035,Tier 2,Small,Supermarket Type1,0.05872513,11.80000019,82.36180115,4.099999905
Low Fat,NCT41,Health and Hygiene,2017,OUT035,Tier 2,Small,Supermarket Type1,0.055979703,15.69999981,151.9024048,4.099999905
Low Fat,NCA41,Health and Hygiene,2017,OUT035,Tier 2,Small,Supermarket Type1,0.032580547,16.75,192.1161957,4.099999905
Low Fat,NCY41,Health and Hygiene,2017,OUT035,Tier 2,Small,Supermarket Type1,0.075721301,16.75,34.35319901,4.099999905
Low Fat,NCQ02,Household,2017,OUT035,Tier 2,Small,Supermarket Type1,0.007455054,12.60000038,186.9555969,4.099999905
Low Fat,NCH54,Household,2017,OUT035,Tier 2,Small,Supermarket Type1,0.07265538,13.5,157.7920074,4.099999905
Low Fat,NCG18,Household,2017,OUT035,Tier 2,Small,Supermarket Type1,0,15.30000019,103.5332031,4.099999905
Low Fat,FDS03,Meat,2017,OUT035,Tier 2,Small,Supermarket Type1,0.079613551,7.824999809,65.08260345,4.099999905
Low Fat,FDV39,Meat,2017,OUT035,Tier 2,Small,Supermarket Type1,0.007278512,11.30000019,196.7425995,4.099999905
Low Fat,FDQ39,Meat,2017,OUT035,Tier 2,Small,Supermarket Type1,0.081026807,14.80000019,190.0845947,4.099999905
Low Fat,FDX34,Snack Foods,2017,OUT035,Tier 2,Small,Supermarket Type1,0.071971916,6.195000172,121.3097992,4.099999905
Low Fat,FDN10,Snack Foods,2017,OUT035,Tier 2,Small,Supermarket Type1,0.046115082,11.5,120.2124023,4.099999905
Low Fat,FDC46,Snack Foods,2017,OUT035,Tier 2,Small,Supermarket Type1,0.11652045,17.70000076,186.0265961,4.099999905
Low Fat,DRH36,Soft Drinks,2017,OUT035,Tier 2,Small,Supermarket Type1,0.033373747,16.20000076,74.06960297,4.099999905
Regular,FDR24,Baking Goods,2017,OUT035,Tier 2,Small,Supermarket Type1,0.062839799,17.35000038,90.88300323,4.099999905
Regular,FDZ23,Baking Goods,2017,OUT035,Tier 2,Small,Supermarket Type1,0.067490034,17.75,185.223999,4.099999905
Regular,FDT11,Breads,2017,OUT035,Tier 2,Small,Supermarket Type1,0.029366814,5.940000057,187.7556,4.099999905
Regular,FDS11,Breads,2017,OUT035,Tier 2,Small,Supermarket Type1,0.055548005,7.050000191,225.3088074,4.099999905
Regular,FDQ25,Canned,2017,OUT035,Tier 2,Small,Supermarket Type1,0.028271345,8.630000114,170.5422058,4.099999905
Regular,FDD38,Canned,2017,OUT035,Tier 2,Small,Supermarket Type1,0.00819018,16.75,103.7674026,4.099999905
Regular,FDY37,Canned,2017,OUT035,Tier 2,Small,Supermarket Type1,0.026563851,17,141.246994,4.099999905
Regular,FDN28,Frozen Foods,2017,OUT035,Tier 2,Small,Supermarket Type1,0.030242184,5.880000114,101.7990036,4.099999905
Regular,FDH53,Frozen Foods,2017,OUT035,Tier 2,Small,Supermarket Type1,0,20.5,82.85919952,4.099999905
Regular,FDO08,Fruits and Vegetables,2017,OUT035,Tier 2,Small,Supermarket Type1,0.053765211,11.10000038,163.1526031,4.099999905
Regular,FDX31,Fruits and Vegetables,2017,OUT035,Tier 2,Small,Supermarket Type1,0.014822802,20.35000038,234.0957947,4.099999905
Regular,FDR15,Meat,2017,OUT035,Tier 2,Small,Supermarket Type1,0.033431668,9.300000191,153.1313934,4.099999905
Regular,FDI21,Snack Foods,2017,OUT035,Tier 2,Small,Supermarket Type1,0.056592114,5.590000153,65.01679993,4.099999905
Regular,FDZ57,Snack Foods,2017,OUT035,Tier 2,Small,Supermarket Type1,0.037757166,10,126.7994003,4.099999905
Regular,FDB58,Snack Foods,2017,OUT035,Tier 2,Small,Supermarket Type1,0.013493914,10.5,143.7153931,4.099999905
Regular,FDY57,Snack Foods,2017,OUT035,Tier 2,Small,Supermarket Type1,0.12123131,20.20000076,97.57520294,4.099999905
Regular,FDD47,Starchy Foods,2017,OUT035,Tier 2,Small,Supermarket Type1,0.142383844,7.599999905,172.3448029,4.099999905
Low Fat,DRK37,Soft Drinks,2011,OUT010,Tier 3,Medium,Grocery Store,0,5,190.4530029,4.099999905
Low Fat,FDR23,Breads,2011,OUT010,Tier 3,Medium,Grocery Store,0.136895537,15.85000038,176.4369965,4.099999905
Low Fat,FDS37,Canned,2011,OUT010,Tier 3,Medium,Grocery Store,0.053469159,7.65500021,114.1492004,4.099999905
Low Fat,FDC50,Canned,2011,OUT010,Tier 3,Medium,Grocery Store,0.228469521,15.85000038,93.30940247,4.099999905
Low Fat,FDH27,Dairy,2011,OUT010,Tier 3,Medium,Grocery Store,0.097660817,7.074999809,141.8128052,4.099999905
Low Fat,FDZ04,Frozen Foods,2011,OUT010,Tier 3,Medium,Grocery Store,0.063529044,9.31000042,63.75099945,4.099999905
Low Fat,FDG53,Frozen Foods,2011,OUT010,Tier 3,Medium,Grocery Store,0.076755106,10,141.6179962,4.099999905
Low Fat,FDG40,Frozen Foods,2011,OUT010,Tier 3,Medium,Grocery Store,0.066657789,13.64999962,32.65579987,4.099999905
Low Fat,FDL40,Frozen Foods,2011,OUT010,Tier 3,Medium,Grocery Store,0.019438041,17.70000076,95.54100037,4.099999905
Low Fat,FDK52,Frozen Foods,2011,OUT010,Tier 3,Medium,Grocery Store,0.132596105,18.25,226.2062073,4.099999905
Low Fat,FDH57,Fruits and Vegetables,2011,OUT010,Tier 3,Medium,Grocery Store,0.059834026,10.89500046,133.5283966,4.099999905
Low Fat,FDT43,Fruits and Vegetables,2011,OUT010,Tier 3,Medium,Grocery Store,0.034393057,16.35000038,50.83240128,4.099999905
Low Fat,DRJ23,Hard Drinks,2011,OUT010,Tier 3,Medium,Grocery Store,0.069745168,18.35000038,190.2872009,4.099999905
Low Fat,NCH06,Household,2011,OUT010,Tier 3,Medium,Grocery Store,0.128136352,12.30000019,248.345993,4.099999905
Low Fat,NCW06,Household,2011,OUT010,Tier 3,Medium,Grocery Store,0.08425957,16.20000076,192.3161926,4.099999905
Low Fat,NCO06,Household,2011,OUT010,Tier 3,High,Grocery Store,0.180820793,19.25,35.9557991,4.099999905
Low Fat,FDP27,Meat,2011,OUT010,Tier 3,High,Grocery Store,0.199935883,8.154999733,188.4530029,4.099999905
Low Fat,FDB34,Snack Foods,2011,OUT010,Tier 3,High,Grocery Store,0.04453937,15.25,85.31980133,4.099999905
Low Fat,FDC35,Starchy Foods,2011,OUT010,Tier 3,High,Grocery Store,0.205605119,7.434999943,207.7637939,4.099999905
Regular,FDY60,Baking Goods,2011,OUT010,Tier 3,High,Grocery Store,0.044139553,10.5,143.912796,4.099999905
Regular,FDX12,Baking Goods,2011,OUT010,Tier 3,High,Grocery Store,0.043626606,18.20000076,241.4196014,4.099999905
Regular,FDV60,Baking Goods,2011,OUT010,Tier 3,High,Grocery Store,0.19643867,20.20000076,194.6109924,4.099999905
Regular,FDV11,Breads,2011,OUT010,Tier 3,High,Grocery Store,0.136695147,9.100000381,173.4053955,4.099999905
Regular,FDS59,Breads,2011,OUT010,Tier 3,High,Grocery Store,0.073468633,14.80000019,110.8570023,4.099999905
Regular,FDZ03,Dairy,2011,OUT010,Tier 3,High,Grocery Store,0.131872743,13.64999962,188.0240021,4.099999905
Regular,FDX27,Dairy,2011,OUT010,Tier 3,High,Grocery Store,0.191008613,20.70000076,92.84359741,4.099999905
Regular,FDE04,Frozen Foods,2011,OUT010,Tier 3,High,Grocery Store,0.030166924,19.75,179.7660065,4.099999905
Regular,FDK08,Fruits and Vegetables,2011,OUT010,Tier 3,High,Grocery Store,0.204713032,9.194999695,101.0016022,4.099999905
Regular,FDH44,Fruits and Vegetables,2011,OUT010,Tier 3,High,Grocery Store,0.043304682,19.10000038,147.5417938,4.099999905
Regular,FDX51,Meat,2011,OUT010,Tier 3,High,Grocery Store,0.036921781,9.5,194.2451935,4.099999905
Regular,FDY03,Meat,2011,OUT010,Tier 3,High,Grocery Store,0.127412334,17.60000038,111.3201981,4.099999905
Regular,FDQ15,Meat,2011,OUT010,Tier 3,High,Grocery Store,0.25286597,20.35000038,82.7276001,4.099999905
Regular,FDG33,Seafood,2011,OUT010,Tier 3,High,Grocery Store,0.234733477,5.364999771,173.4763947,4.099999905
Regular,FDU57,Snack Foods,2011,OUT010,Tier 3,High,Grocery Store,0.149895355,8.270000458,152.0708008,4.099999905
Low Fat,FDN13,Breakfast,2000,OUT013,Tier 3,High,Supermarket Type1,0.151931748,18.60000038,101.1358032,4.099999905
Low Fat,FDU36,Baking Goods,2000,OUT013,Tier 3,High,Supermarket Type1,0.046232443,6.150000095,99.43840027,4.099999905
Low Fat,FDW13,Canned,2000,OUT013,Tier 3,High,Supermarket Type1,0.097803257,8.5,50.53239822,4.099999905
Low Fat,FDY27,Dairy,2000,OUT013,Tier 3,High,Supermarket Type1,0.031871632,6.380000114,179.5343933,4.099999905
Low Fat,DRH51,Dairy,2000,OUT013,Tier 3,High,Supermarket Type1,0.097135678,17.60000038,89.38559723,4.099999905
Low Fat,FDY52,Frozen Foods,2000,OUT013,Tier 3,High,Supermarket Type1,0.007342171,6.364999771,59.95360184,4.099999905
Low Fat,FDI28,Frozen Foods,2000,OUT013,Tier 3,High,Supermarket Type1,0.026299797,14.30000019,79.43019867,4.099999905
Low Fat,FDV40,Frozen Foods,2000,OUT013,Tier 3,High,Supermarket Type1,0.014679558,17.35000038,73.60379791,4.099999905
Low Fat,FDF05,Frozen Foods,2000,OUT013,Tier 3,High,Supermarket Type1,0.026848529,17.5,264.8909912,4.099999905
Low Fat,FDD33,Fruits and Vegetables,2000,OUT013,Tier 3,High,Supermarket Type1,0.108102605,12.85000038,233.3641968,4.099999905
Low Fat,FDC32,Fruits and Vegetables,2000,OUT013,Tier 3,High,Supermarket Type1,0.099026524,18.35000038,93.84619904,4.099999905
Low Fat,FDE32,Fruits and Vegetables,2000,OUT013,Tier 3,High,Supermarket Type1,0.048718333,20.70000076,38.75059891,4.099999905
Low Fat,NCN53,Health and Hygiene,2000,OUT013,Tier 3,High,Supermarket Type1,0.030330202,5.175000191,35.48740005,4.099999905
Low Fat,NCY53,Health and Hygiene,2000,OUT013,Tier 3,High,Supermarket Type1,0,20,110.2544022,4.099999905
Low Fat,NCA05,Health and Hygiene,2000,OUT013,Tier 3,High,Supermarket Type1,0,20.75,149.4734039,4.099999905
Low Fat,NCO26,Household,2000,OUT013,Tier 3,High,Supermarket Type1,0.076791674,7.235000134,116.4492035,4.099999905
Low Fat,NCO14,Household,2000,OUT013,Tier 3,High,Supermarket Type1,0.029619204,9.600000381,43.60860062,4.099999905
Low Fat,NCV06,Household,2000,OUT013,Tier 3,High,Supermarket Type1,0.066625841,11.30000019,194.2478027,4.099999905
Low Fat,NCO18,Household,2000,OUT013,Tier 3,High,Supermarket Type1,0.024630755,13.14999962,178.2686005,4.099999905
Low Fat,NCK30,Household,2000,OUT013,Tier 3,High,Supermarket Type1,0.060927823,14.85000038,254.8697968,4.099999905
Low Fat,FDG31,Meat,2000,OUT013,Tier 3,High,Supermarket Type1,0.037864853,12.14999962,63.08259964,4.099999905
Low Fat,FDQ39,Meat,2000,OUT013,Tier 3,High,Supermarket Type1,0,14.80000019,189.3845978,4.099999905
Low Fat,FDL10,Snack Foods,2000,OUT013,Tier 3,High,Supermarket Type1,0,8.395000458,98.70420074,4.099999905
Low Fat,FDK33,Snack Foods,2000,OUT013,Tier 3,High,Supermarket Type1,0.0112259,17.85000038,211.9559937,4.099999905
Low Fat,FDN21,Snack Foods,2000,OUT013,Tier 3,High,Supermarket Type1,0.076791674,18.60000038,161.0236053,4.099999905
Low Fat,DRF25,Soft Drinks,2000,OUT013,Tier 3,High,Supermarket Type1,0.038892858,9,36.11899948,4.099999905
Low Fat,DRG37,Soft Drinks,2000,OUT013,Tier 3,High,Supermarket Type1,0.019362306,16.20000076,154.6972046,4.099999905
Low Fat,FDE59,Starchy Foods,2000,OUT013,Tier 3,High,Supermarket Type1,0.062235981,12.14999962,34.55319977,4.099999905
Regular,FDY24,Baking Goods,2000,OUT013,Tier 3,High,Supermarket Type1,0.133382112,4.880000114,55.02980042,4.099999905
Regular,FDW12,Baking Goods,2000,OUT013,Tier 3,High,Supermarket Type1,0.035542581,8.31499958,143.3444061,4.099999905
Regular,FDS36,Baking Goods,2000,OUT013,Tier 3,High,Supermarket Type1,0.046848323,8.380000114,110.5569992,4.099999905
Regular,FDL51,Dairy,2000,OUT013,Tier 3,High,Supermarket Type1,0.04745185,20.70000076,214.6876068,4.099999905
Regular,FDS28,Frozen Foods,2000,OUT013,Tier 3,High,Supermarket Type1,0.082333021,8.180000305,58.15879822,4.099999905
Regular,FDQ40,Frozen Foods,2000,OUT013,Tier 3,High,Supermarket Type1,0.035997543,11.10000038,176.9712067,4.099999905
Regular,FDP28,Frozen Foods,2000,OUT013,Tier 3,High,Supermarket Type1,0.080573373,13.64999962,260.1936035,4.099999905
Regular,FDI41,Frozen Foods,2000,OUT013,Tier 3,High,Supermarket Type1,0.062205113,18.5,148.3417969,4.099999905
Regular,FDR32,Fruits and Vegetables,2000,OUT013,Tier 3,High,Supermarket Type1,0.08573655,6.78000021,229.569397,4.099999905
Regular,FDU19,Fruits and Vegetables,2000,OUT013,Tier 3,High,Supermarket Type1,0,8.770000458,173.6421967,4.099999905
Regular,FDF21,Fruits and Vegetables,2000,OUT013,Tier 3,High,Supermarket Type1,0.058778428,10.30000019,187.8529968,4.099999905
Regular,FDO08,Fruits and Vegetables,2000,OUT013,Tier 3,High,Supermarket Type1,0.053730629,11.10000038,165.1526031,4.099999905
Regular,FDA08,Fruits and Vegetables,2000,OUT013,Tier 3,High,Supermarket Type1,0.050043471,11.85000038,164.6526031,4.099999905
Regular,FDZ08,Fruits and Vegetables,2000,OUT013,Tier 3,High,Supermarket Type1,0.10990084,12.5,83.05919647,4.099999905
Regular,FDP44,Fruits and Vegetables,2000,OUT013,Tier 3,High,Supermarket Type1,0.079647243,16.5,101.433197,4.099999905
Regular,FDF56,Fruits and Vegetables,2000,OUT013,Tier 3,High,Supermarket Type1,0.119362809,16.70000076,180.3975983,4.099999905
Regular,FDU27,Meat,2000,OUT013,Tier 3,High,Supermarket Type1,0.171334177,18.60000038,48.83760071,4.099999905
Regular,FDL58,Snack Foods,2000,OUT013,Tier 3,High,Supermarket Type1,0.074087366,5.78000021,264.9567871,4.099999905
Regular,FDV34,Snack Foods,2000,OUT013,Tier 3,High,Supermarket Type1,0.01141595,10.69499969,74.00379944,4.099999905
Regular,FDZ21,Snack Foods,2000,OUT013,Tier 3,High,Supermarket Type1,0.039189219,17.60000038,97.34100342,4.099999905
Regular,DRA59,Soft Drinks,2000,OUT013,Tier 3,High,Supermarket Type1,0.127821475,8.270000458,185.9924011,4.099999905
Low Fat,FDT36,Baking Goods,2022,OUT018,Tier 3,Medium,Supermarket Type2,0.111727878,12.30000019,33.98740005,4.099999905
Low Fat,FDW56,Fruits and Vegetables,2022,OUT018,Tier 3,Medium,Supermarket Type2,0.071189098,7.679999828,193.3161926,4.099999905
Low Fat,DRL11,Hard Drinks,2022,OUT018,Tier 3,Medium,Supermarket Type2,0.048213765,10.5,159.6945953,4.099999905
Low Fat,NCA17,Health and Hygiene,2022,OUT018,Tier 3,Medium,Supermarket Type2,0.045603216,20.60000038,149.2391968,4.099999905
Low Fat,NCS54,Household,2022,OUT018,Tier 3,Medium,Supermarket Type2,0.010033871,13.60000038,177.9369965,4.099999905
Low Fat,FDR48,Baking Goods,2022,OUT018,Tier 3,Medium,Supermarket Type2,0,11.64999962,149.8023987,4.099999905
Low Fat,FDE24,Baking Goods,2022,OUT018,Tier 3,Medium,Supermarket Type2,0.093843348,14.85000038,142.3811951,4.099999905
Low Fat,FDZ60,Baking Goods,2022,OUT018,Tier 3,Medium,Supermarket Type2,0.119848043,20.5,109.4596024,4.099999905
Low Fat,FDS60,Baking Goods,2022,OUT018,Tier 3,Medium,Supermarket Type2,0.032580703,20.85000038,180.0659943,4.099999905
Low Fat,FDR23,Breads,2022,OUT018,Tier 3,Medium,Supermarket Type2,0.082120687,15.85000038,177.4369965,4.099999905
Low Fat,FDR47,Breads,2022,OUT018,Tier 3,Medium,Supermarket Type2,0.08782497,17.85000038,196.0794067,4.099999905
Low Fat,FDP37,Breakfast,2022,OUT018,Tier 3,Medium,Supermarket Type2,0.143688902,15.60000038,128.1994019,4.099999905
Low Fat,FDK02,Canned,2022,OUT018,Tier 3,Medium,Supermarket Type2,0.112681821,12.5,119.1439972,4.099999905
Low Fat,FDO38,Canned,2022,OUT018,Tier 3,Medium,Supermarket Type2,0.073135771,17.25,77.29859924,4.099999905
Low Fat,FDZ55,Fruits and Vegetables,2022,OUT018,Tier 3,Medium,Supermarket Type2,0.025512207,6.054999828,159.6920013,4.099999905
Low Fat,FDV32,Fruits and Vegetables,2022,OUT018,Tier 3,Medium,Supermarket Type2,0.089069746,7.784999847,62.75099945,4.099999905
Low Fat,FDE45,Fruits and Vegetables,2022,OUT018,Tier 3,Medium,Supermarket Type2,0.040521715,12.10000038,178.5001984,4.099999905
Low Fat,FDI45,Fruits and Vegetables,2022,OUT018,Tier 3,Medium,Supermarket Type2,0.037734333,13.10000038,173.9053955,4.099999905
Low Fat,FDA32,Fruits and Vegetables,2022,OUT018,Tier 3,Medium,Supermarket Type2,0.030216783,14,216.6192017,4.099999905
Low Fat,FDM56,Fruits and Vegetables,2022,OUT018,Tier 3,Medium,Supermarket Type2,0,16.70000076,109.1912003,4.099999905
Low Fat,FDC45,Fruits and Vegetables,2022,OUT018,Tier 3,Medium,Supermarket Type2,0.136286139,17,170.9105988,4.099999905
Low Fat,FDT31,Fruits and Vegetables,2022,OUT018,Tier 3,Medium,Supermarket Type2,0.012499004,19.75,188.087204,4.099999905
Low Fat,DRM59,Hard Drinks,2022,OUT018,Tier 3,Medium,Supermarket Type2,0.003606726,5.880000114,154.1997986,4.099999905
Low Fat,NCN17,Health and Hygiene,2022,OUT018,Tier 3,Medium,Supermarket Type2,0.055162828,11,100.3358002,4.099999905
Low Fat,NCU05,Health and Hygiene,2022,OUT018,Tier 3,Medium,Supermarket Type2,0.058975503,11.80000019,81.76180267,4.099999905
Low Fat,NCO53,Health and Hygiene,2022,OUT018,Tier 3,Medium,Supermarket Type2,0.17589812,16.20000076,183.7608032,4.099999905
Low Fat,NCW53,Health and Hygiene,2022,OUT018,Tier 3,Medium,Supermarket Type2,0.030619301,18.35000038,194.0162048,4.099999905
Low Fat,NCS30,Household,2022,OUT018,Tier 3,Medium,Supermarket Type2,0.093405157,5.945000172,129.3652039,4.099999905
Low Fat,NCU42,Household,2022,OUT018,Tier 3,Medium,Supermarket Type2,0.019586114,9,170.247406,4.099999905
Low Fat,NCU18,Household,2022,OUT018,Tier 3,Medium,Supermarket Type2,0.056067523,15.10000038,139.8495941,4.099999905
Low Fat,NCY06,Household,2022,OUT018,Tier 3,Medium,Supermarket Type2,0.061434045,15.25,130.9967957,4.099999905
Low Fat,NCK31,Others,2022,OUT018,Tier 3,Medium,Supermarket Type2,0.027157955,10.89500046,50.26660156,4.099999905
Low Fat,FDE34,Snack Foods,2022,OUT018,Tier 3,Medium,Supermarket Type2,0.108330905,9.194999695,183.6634064,4.099999905
Low Fat,FDR46,Snack Foods,2022,OUT018,Tier 3,Medium,Supermarket Type2,0.139985576,16.85000038,145.276001,4.099999905
Low Fat,DRF36,Soft Drinks,2022,OUT018,Tier 3,Medium,Supermarket Type2,0.023673343,16.10000038,189.0845947,4.099999905
Low Fat,FDC23,Starchy Foods,2022,OUT018,Tier 3,Medium,Supermarket Type2,0.017979145,18,178.3686066,4.099999905
Regular,FDY24,Baking Goods,2022,OUT018,Tier 3,Medium,Supermarket Type2,0.134037003,4.880000114,53.32979965,4.099999905
Regular,FDE36,Baking Goods,2022,OUT018,Tier 3,Medium,Supermarket Type2,0.041942548,5.260000229,165.4868011,4.099999905
Regular,FDQ36,Baking Goods,2022,OUT018,Tier 3,Medium,Supermarket Type2,0.162205517,7.855000019,36.28480148,4.099999905
Regular,FDS24,Baking Goods,2022,OUT018,Tier 3,Medium,Supermarket Type2,0.062477954,20.85000038,87.25140381,4.099999905
Regular,FDT11,Breads,2022,OUT018,Tier 3,Medium,Supermarket Type2,0.029492019,5.940000057,188.055603,4.099999905
Regular,FDY01,Canned,2022,OUT018,Tier 3,Medium,Supermarket Type2,0.17097716,11.80000019,117.0833969,4.099999905
Regular,FDG17,Frozen Foods,2022,OUT018,Tier 3,Medium,Supermarket Type2,0.035986211,6.864999771,244.1486053,4.099999905
Regular,FDM04,Frozen Foods,2022,OUT018,Tier 3,Medium,Supermarket Type2,0.047312561,9.194999695,50.76660156,4.099999905
Regular,FDU44,Fruits and Vegetables,2022,OUT018,Tier 3,Medium,Supermarket Type2,0.058663726,12.14999962,164.1551971,4.099999905
Regular,FDO03,Meat,2022,OUT018,Tier 3,Medium,Supermarket Type2,0.037033223,10.39500046,227.9351959,4.099999905
Regular,FDR27,Meat,2022,OUT018,Tier 3,Medium,Supermarket Type2,0.096491903,15.10000038,134.4942017,4.099999905
Regular,FDJ10,Snack Foods,2022,OUT018,Tier 3,Medium,Supermarket Type2,0.130031213,5.09499979,142.4837952,4.099999905
Regular,FDA09,Snack Foods,2022,OUT018,Tier 3,Medium,Supermarket Type2,0.149974853,13.35000038,179.7660065,4.099999905
Regular,FDF10,Snack Foods,2022,OUT018,Tier 3,Medium,Supermarket Type2,0,15.5,147.241806,4.099999905
Regular,FDZ21,Snack Foods,2022,OUT018,Tier 3,Medium,Supermarket Type2,0.039381634,17.60000038,98.04100037,4.099999905
Regular,FDD23,Starchy Foods,2022,OUT018,Tier 3,Medium,Supermarket Type2,0.048883855,9.5,185.7897949,4.099999905
Low Fat,FDT08,Fruits and Vegetables,1998,OUT027,Tier 3,Medium,Supermarket Type3,0.048980158,12.85764534,148.7050018,4.099999905
Low Fat,NCZ30,Household,1998,OUT027,Tier 3,Medium,Supermarket Type3,0.02605818,12.85764534,121.9097977,4.099999905
Low Fat,FDA39,Meat,1998,OUT027,Tier 3,Medium,Supermarket Type3,0.012656359,12.85764534,37.88219833,4.099999905
Low Fat,FDV03,Meat,1998,OUT027,Tier 3,Medium,Supermarket Type3,0.05780996,12.85764534,156.2313995,4.099999905
Low Fat,FDM14,Canned,1998,OUT027,Tier 3,Medium,Supermarket Type3,0.013199737,12.85764534,108.9253998,4.099999905
Low Fat,FDP25,Canned,1998,OUT027,Tier 3,Medium,Supermarket Type3,0.02110482,12.85764534,217.0823975,4.099999905
Low Fat,FDP38,Canned,1998,OUT027,Tier 3,Medium,Supermarket Type3,0.031946637,12.85764534,51.60079956,4.099999905
Low Fat,FDF16,Frozen Foods,1998,OUT027,Tier 3,Medium,Supermarket Type3,0.085715272,12.85764534,146.607605,4.099999905
Low Fat,FDT20,Fruits and Vegetables,1998,OUT027,Tier 3,Medium,Supermarket Type3,0.041194987,12.85764534,39.11640167,4.099999905
Low Fat,FDV07,Fruits and Vegetables,1998,OUT027,Tier 3,Medium,Supermarket Type3,0.031131456,12.85764534,111.0227966,4.099999905
Low Fat,DRM35,Hard Drinks,1998,OUT027,Tier 3,Medium,Supermarket Type3,0.070103422,12.85764534,179.4344025,4.099999905
Low Fat,NCB06,Health and Hygiene,1998,OUT027,Tier 3,Medium,Supermarket Type3,0.081933379,12.85764534,161.4920044,4.099999905
Low Fat,NCU17,Health and Hygiene,1998,OUT027,Tier 3,Medium,Supermarket Type3,0.09243352,12.85764534,101.6673965,4.099999905
Low Fat,NCB19,Household,1998,OUT027,Tier 3,Medium,Supermarket Type3,0.08985845,12.85764534,84.58820343,4.099999905
Low Fat,NCM54,Household,1998,OUT027,Tier 3,Medium,Supermarket Type3,0.050692387,12.85764534,125.6678009,4.099999905
Low Fat,NCR18,Household,1998,OUT027,Tier 3,Medium,Supermarket Type3,0.020388413,12.85764534,44.41120148,4.099999905
Low Fat,NCS06,Household,1998,OUT027,Tier 3,Medium,Supermarket Type3,0.031583052,12.85764534,260.9909973,4.099999905
Low Fat,FDS03,Meat,1998,OUT027,Tier 3,Medium,Supermarket Type3,0.079243004,12.85764534,65.88259888,4.099999905
Low Fat,NCL31,Others,1998,OUT027,Tier 3,Medium,Supermarket Type3,0.119698524,12.85764534,143.0469971,4.099999905
Low Fat,NCO55,Others,1998,OUT027,Tier 3,Medium,Supermarket Type3,0.090596378,12.85764534,106.6938019,4.099999905
Low Fat,FDH09,Seafood,1998,OUT027,Tier 3,Medium,Supermarket Type3,0.055806015,12.85764534,52.49819946,4.099999905
Low Fat,FDT22,Snack Foods,1998,OUT027,Tier 3,Medium,Supermarket Type3,0.111554384,12.85764534,59.8219986,4.099999905
Low Fat,FDW45,Snack Foods,1998,OUT027,Tier 3,Medium,Supermarket Type3,0.038822077,12.85764534,147.741806,4.099999905
Low Fat,DRC25,Soft Drinks,1998,OUT027,Tier 3,Medium,Supermarket Type3,0,12.85764534,87.38819885,4.099999905
Low Fat,DRD12,Soft Drinks,1998,OUT027,Tier 3,Medium,Supermarket Type3,0,12.85764534,89.41459656,4.099999905
Low Fat,DRG48,Soft Drinks,1998,OUT027,Tier 3,Medium,Supermarket Type3,0.014484582,12.85764534,143.910202,4.099999905
Low Fat,FDD35,Starchy Foods,1998,OUT027,Tier 3,Medium,Supermarket Type3,0.02573918,12.85764534,120.7440033,4.099999905
Regular,FDL12,Baking Goods,1998,OUT027,Tier 3,Medium,Supermarket Type3,0.121043712,12.85764534,59.42200089,4.099999905
Regular,FDH02,Canned,1998,OUT027,Tier 3,Medium,Supermarket Type3,0,12.85764534,91.84880066,4.099999905
Regular,FDJ26,Canned,1998,OUT027,Tier 3,Medium,Supermarket Type3,0.084354714,12.85764534,215.5218048,4.099999905
Regular,FDC16,Dairy,1998,OUT027,Tier 3,Medium,Supermarket Type3,0.0204702,12.85764534,88.2539978,4.099999905
Regular,FDW02,Dairy,1998,OUT027,Tier 3,Medium,Supermarket Type3,0.037516862,12.85764534,124.3703995,4.099999905
Regular,FDA28,Frozen Foods,1998,OUT027,Tier 3,Medium,Supermarket Type3,0.0475704,12.85764534,125.7361984,4.099999905
Regular,FDN04,Frozen Foods,1998,OUT027,Tier 3,Medium,Supermarket Type3,0.01401884,12.85764534,178.1343994,4.099999905
Regular,FDQ40,Frozen Foods,1998,OUT027,Tier 3,Medium,Supermarket Type3,0.035853058,12.85764534,176.8712006,4.099999905
Regular,FDS28,Frozen Foods,1998,OUT027,Tier 3,Medium,Supermarket Type3,0.082002558,12.85764534,59.25880051,4.099999905
Regular,FDA55,Fruits and Vegetables,1998,OUT027,Tier 3,Medium,Supermarket Type3,0.056713056,12.85764534,223.8088074,4.099999905
Regular,FDB56,Fruits and Vegetables,1998,OUT027,Tier 3,Medium,Supermarket Type3,0,12.85764534,188.2556,4.099999905
Regular,FDF44,Fruits and Vegetables,1998,OUT027,Tier 3,Medium,Supermarket Type3,0.059438787,12.85764534,130.9967957,4.099999905
Regular,FDF57,Fruits and Vegetables,1998,OUT027,Tier 3,Medium,Supermarket Type3,0.058542509,12.85764534,168.6448059,4.099999905
Regular,FDG34,Snack Foods,1998,OUT027,Tier 3,Medium,Supermarket Type3,0.037388492,12.85764534,107.8254013,4.099999905
Regular,FDU46,Snack Foods,1998,OUT027,Tier 3,Medium,Supermarket Type3,0.011072421,12.85764534,85.35399628,4.099999905
Regular,DRL01,Soft Drinks,1998,OUT027,Tier 3,Medium,Supermarket Type3,0.07679861,12.85764534,231.8957977,4.099999905
Regular,FDE35,Starchy Foods,1998,OUT027,Tier 3,Medium,Supermarket Type3,0,12.85764534,59.89039993,4.099999905
Low Fat,FDM56,Fruits and Vegetables,1998,OUT027,Tier 3,Medium,Supermarket Type3,0.069851682,12.85764534,110.9912033,4.099999905
Low Fat,FDP10,Snack Foods,1998,OUT027,Tier 3,Medium,Supermarket Type3,0.127469853,12.85764534,107.7621994,4
Low Fat,FDY07,Fruits and Vegetables,2012,OUT049,Tier 1,Medium,Supermarket Type1,0,11.80000019,45.54019928,4
Regular,FDP49,Breakfast,2010,OUT046,Tier 1,Small,Supermarket Type1,0.069088958,9,56.3614006,4
Low Fat,DRJ59,Hard Drinks,2000,OUT013,Tier 3,High,Supermarket Type1,0.019356132,11.64999962,39.11640167,4
Low Fat,FDV49,Canned,2015,OUT045,Tier 2,Small,Supermarket Type1,0.025879577,10,265.2225952,4
Regular,FDR13,Canned,2000,OUT013,Tier 3,High,Supermarket Type1,0.028696932,9.895000458,117.049202,4
Low Fat,FDA43,Fruits and Vegetables,2020,OUT017,Tier 2,Small,Supermarket Type1,0.065041579,10.89500046,196.3793945,4
Regular,FDV27,Meat,2015,OUT045,Tier 2,Small,Supermarket Type1,0.04007113,7.96999979,87.35140228,4
Regular,FDY40,Frozen Foods,1998,OUT019,Tier 1,Small,Grocery Store,0.150285989,12.85764534,51.06919861,4
Regular,FDZ03,Dairy,2015,OUT045,Tier 2,Small,Supermarket Type1,0.078946456,13.64999962,186.0240021,4
Regular,FDJ58,Snack Foods,2010,OUT046,Tier 1,Small,Supermarket Type1,0.105296075,15.60000038,170.1764069,4
Low Fat,FDU04,Frozen Foods,1998,OUT019,Tier 1,Small,Grocery Store,0.009714595,12.85764534,120.0413971,4
Regular,FDB56,Fruits and Vegetables,2010,OUT046,Tier 1,Small,Supermarket Type1,0.074627198,8.75,187.8556061,4
Low Fat,DRK49,Soft Drinks,2000,OUT013,Tier 3,High,Supermarket Type1,0.035913806,14.14999962,41.41379929,4
Regular,FDV11,Breads,2015,OUT045,Tier 2,Small,Supermarket Type1,0,9.100000381,173.2053986,4
Low Fat,FDP25,Canned,2020,OUT017,Tier 2,Small,Supermarket Type1,0.021327477,15.19999981,216.8824005,4
Low Fat,NCM43,Others,2017,OUT035,Tier 2,Small,Supermarket Type1,0.019471688,14.5,164.8209991,4
Low Fat,FDO24,Baking Goods,2015,OUT045,Tier 2,Small,Supermarket Type1,0.176573038,11.10000038,157.4604034,4
Regular,FDF24,Baking Goods,2011,OUT010,Tier 3,Small,Grocery Store,0.04246496,15.5,81.59339905,4
Low Fat,DRM47,Hard Drinks,1998,OUT027,Tier 3,Medium,Supermarket Type3,0.043573659,12.85764534,192.8845978,4
Low Fat,FDY25,Canned,2000,OUT013,Tier 3,High,Supermarket Type1,0.033946164,12,179.3975983,4
Low Fat,FDQ04,Frozen Foods,1998,OUT019,Tier 1,Small,Grocery Store,0.148392618,12.85764534,41.57960129,4
Regular,FDW04,Frozen Foods,2010,OUT046,Tier 1,Small,Supermarket Type1,0.0578271,8.984999657,128.8309937,4
Low Fat,FDC41,Frozen Foods,1998,OUT019,Tier 1,Small,Grocery Store,0.204699993,12.85764534,76.86699677,4
Low Fat,DRI01,Soft Drinks,2010,OUT046,Tier 1,Small,Supermarket Type1,0.034452949,7.96999979,174.0422058,4
Regular,FDN39,Meat,1998,OUT027,Tier 3,Medium,Supermarket Type3,0.0652031,12.85764534,166.081604,4
Regular,FDO51,Meat,2000,OUT013,Tier 3,High,Supermarket Type1,0.041947547,6.784999847,41.21120071,4
Low Fat,FDW49,Canned,2022,OUT018,Tier 3,Medium,Supermarket Type2,0.082888499,19.5,178.6002045,4
Regular,FDL52,Frozen Foods,2020,OUT017,Tier 2,Small,Supermarket Type1,0.046350908,6.635000229,37.45059967,4
Regular,FDN58,Snack Foods,2012,OUT049,Tier 1,Medium,Supermarket Type1,0.056960814,13.80000019,230.0984039,4
Low Fat,NCX41,Health and Hygiene,2010,OUT046,Tier 1,Small,Supermarket Type1,0.017719276,19,211.0243988,4
Low Fat,FDB11,Starchy Foods,2000,OUT013,Tier 3,High,Supermarket Type1,0.060797393,16,223.8403931,4
Low Fat,FDU08,Fruits and Vegetables,2017,OUT035,Tier 2,Small,Supermarket Type1,0.027310252,10.30000019,101.0042038,4
Low Fat,NCC42,Health and Hygiene,2000,OUT013,Tier 3,High,Supermarket Type1,0.044871032,15,140.3838043,4
Low Fat,FDQ20,Fruits and Vegetables,2000,OUT013,Tier 3,High,Supermarket Type1,0.029760052,8.324999809,38.71379852,4
Low Fat,NCT54,Household,2017,OUT035,Tier 2,Small,Supermarket Type1,0.119513005,8.694999695,93.40940094,4
Low Fat,FDC02,Canned,2011,OUT010,Tier 3,Small,Grocery Store,0.115194716,21.35000038,258.3277893,4
Low Fat,FDN48,Baking Goods,1998,OUT027,Tier 3,Medium,Supermarket Type3,0.064636201,12.85764534,90.08039856,4
Low Fat,FDB15,Dairy,2011,OUT010,Tier 3,Medium,Grocery Store,0.228993133,10.89500046,263.4567871,4
Regular,FDC08,Fruits and Vegetables,2020,OUT017,Tier 2,Medium,Supermarket Type1,0.104035147,19,227.7720032,4
Low Fat,FDK44,Fruits and Vegetables,2010,OUT046,Tier 1,Small,Supermarket Type1,0,16.60000038,173.3737946,4
Low Fat,FDG53,Frozen Foods,2000,OUT013,Tier 3,High,Supermarket Type1,0.045818772,10,138.7180023,4
Regular,FDW03,Meat,2012,OUT049,Tier 1,Medium,Supermarket Type1,0.024579432,5.630000114,105.3305969,4
Low Fat,FDC17,Frozen Foods,2022,OUT018,Tier 3,Medium,Supermarket Type2,0.015523707,12.14999962,212.092804,4
Low Fat,NCH30,Household,2017,OUT035,Tier 2,Small,Supermarket Type1,0.067141354,17.10000038,114.5859985,4
Regular,FDQ48,Baking Goods,2017,OUT035,Tier 2,Small,Supermarket Type1,0.034404732,14.30000019,98.17259979,4
Low Fat,NCE07,Household,2020,OUT017,Tier 2,Medium,Supermarket Type1,0.0132043,8.180000305,143.8153992,4
Regular,FDP13,Canned,2012,OUT049,Tier 1,Medium,Supermarket Type1,0.134532392,8.100000381,39.44800186,4
Low Fat,FDU13,Canned,2022,OUT018,Tier 3,Medium,Supermarket Type2,0.188322663,8.354999542,148.5417938,4
Regular,FDM08,Fruits and Vegetables,2010,OUT046,Tier 1,Small,Supermarket Type1,0.053584207,10.10000038,224.4087982,4
Regular,FDB56,Fruits and Vegetables,2022,OUT018,Tier 3,Medium,Supermarket Type2,0.074931204,8.75,187.6555939,4
Low Fat,NCB18,Household,2022,OUT018,Tier 3,Medium,Supermarket Type2,0.04145937,19.60000038,89.65139771,4
Regular,FDR16,Frozen Foods,2022,OUT018,Tier 3,Medium,Supermarket Type2,0.105445802,5.84499979,214.4217987,4
Regular,FDF44,Fruits and Vegetables,2022,OUT018,Tier 3,Medium,Supermarket Type2,0.059971329,7.170000076,132.1967926,4
Regular,FDU50,Dairy,2020,OUT017,Tier 2,Medium,Supermarket Type1,0.075595409,5.75,114.717598,4
Low Fat,NCU17,Health and Hygiene,2012,OUT049,Tier 1,Medium,Supermarket Type1,0.093027718,5.320000172,101.4673996,4
Low Fat,NCQ53,Health and Hygiene,2020,OUT017,Tier 2,Medium,Supermarket Type1,0.019012261,17.60000038,237.1589966,4
Regular,FDZ28,Frozen Foods,2010,OUT046,Tier 1,Small,Supermarket Type1,0,20,127.3677979,4
Regular,FDO52,Frozen Foods,1998,OUT027,Tier 3,Medium,Supermarket Type3,0.076790921,12.85764534,172.1105957,4
Regular,FDJ03,Dairy,2015,OUT045,Tier 2,Medium,Supermarket Type1,0.072541729,12.35000038,48.56919861,4
Regular,FDQ51,Meat,2000,OUT013,Tier 3,High,Supermarket Type1,0.017536672,16,45.57180023,4
Low Fat,NCQ42,Household,2012,OUT049,Tier 1,Medium,Supermarket Type1,0.039329257,20.35000038,127.6678009,4
Regular,FDA03,Dairy,2017,OUT035,Tier 2,Small,Supermarket Type1,0,18.5,144.2102051,4
Low Fat,NCR29,Health and Hygiene,2015,OUT045,Tier 2,Medium,Supermarket Type1,0.05475169,7.565000057,54.79299927,4
Regular,FDY03,Meat,2010,OUT046,Tier 1,Small,Supermarket Type1,0.076121829,17.60000038,111.7201996,4
Regular,FDC10,Snack Foods,1998,OUT027,Tier 3,Medium,Supermarket Type3,0.072524764,12.85764534,120.3097992,4
Regular,FDK26,Canned,2017,OUT035,Tier 2,Small,Supermarket Type1,0.03217132,5.460000038,184.8240051,4
Low Fat,FDO36,Baking Goods,1998,OUT027,Tier 3,Medium,Supermarket Type3,0.077536538,12.85764534,180.8659973,4
Regular,FDA09,Snack Foods,2015,OUT045,Tier 2,Medium,Supermarket Type1,0.149669319,13.35000038,180.2660065,4
Regular,FDP03,Meat,2017,OUT035,Tier 2,Small,Supermarket Type1,0.061165512,5.150000095,125.6388016,4
Regular,FDS44,Fruits and Vegetables,2012,OUT049,Tier 1,Medium,Supermarket Type1,0.156286567,12.64999962,238.9537964,4
Low Fat,NCI54,Household,2022,OUT018,Tier 3,Medium,Supermarket Type2,0.033735909,15.19999981,110.9912033,4
Regular,FDL48,Baking Goods,2011,OUT010,Tier 3,Medium,Grocery Store,0.137697116,19.35000038,47.10340118,4
Low Fat,FDG45,Fruits and Vegetables,2022,OUT018,Tier 3,Medium,Supermarket Type2,0,8.100000381,211.8901978,4
Regular,FDI41,Frozen Foods,1998,OUT027,Tier 3,Medium,Supermarket Type3,0.061955441,12.85764534,145.1417999,4
Low Fat,FDD05,Frozen Foods,2000,OUT013,Tier 3,High,Supermarket Type1,0.016597651,19.35000038,121.5098038,4
Low Fat,FDO57,Snack Foods,2010,OUT046,Tier 1,Small,Supermarket Type1,0.108710162,20.75,161.7577972,4
Low Fat,NCP06,Household,1998,OUT027,Tier 3,Medium,Supermarket Type3,0.039055757,12.85764534,152.3365936,4
Low Fat,FDC37,Baking Goods,2012,OUT049,Tier 1,Medium,Supermarket Type1,0.032924462,15.5,107.2938004,4
Low Fat,FDN01,Breakfast,2012,OUT049,Tier 1,Medium,Supermarket Type1,0.072511338,8.895000458,177.4369965,4
Low Fat,FDH38,Canned,2012,OUT049,Tier 1,Medium,Supermarket Type1,0.010454459,6.425000191,115.6808014,4
Low Fat,FDG50,Canned,2012,OUT049,Tier 1,Medium,Supermarket Type1,0.015295536,7.40500021,89.71459961,4
Low Fat,FDU13,Canned,2012,OUT049,Tier 1,Medium,Supermarket Type1,0.187850237,8.354999542,146.5417938,4
Low Fat,FDH27,Dairy,2012,OUT049,Tier 1,Medium,Supermarket Type1,0.058437653,7.074999809,143.0128021,4
Low Fat,FDB39,Dairy,2012,OUT049,Tier 1,Medium,Supermarket Type1,0.038578846,11.60000038,56.12720108,4
Low Fat,DRE27,Dairy,2012,OUT049,Tier 1,Medium,Supermarket Type1,0.132876843,11.85000038,98.07260132,4
Low Fat,FDX14,Dairy,2012,OUT049,Tier 1,Medium,Supermarket Type1,0.075056545,13.10000038,76.03540039,4
Low Fat,DRE03,Dairy,2012,OUT049,Tier 1,Medium,Supermarket Type1,0.024264568,19.60000038,46.57180023,4
Low Fat,FDJ53,Frozen Foods,2012,OUT049,Tier 1,Medium,Supermarket Type1,0.071368702,10.5,121.3097992,4
Low Fat,FDF05,Frozen Foods,2012,OUT049,Tier 1,Medium,Supermarket Type1,0.026912667,17.5,261.2909851,4
Low Fat,FDI52,Frozen Foods,2012,OUT049,Tier 1,Medium,Supermarket Type1,0.104840882,18.70000076,122.1072006,4
Low Fat,FDH57,Fruits and Vegetables,2012,OUT049,Tier 1,Medium,Supermarket Type1,0.035803098,10.89500046,130.3283997,4
Low Fat,FDS43,Fruits and Vegetables,2012,OUT049,Tier 1,Medium,Supermarket Type1,0.040577877,11.64999962,188.223999,4
Low Fat,FDE21,Fruits and Vegetables,2012,OUT049,Tier 1,Medium,Supermarket Type1,0.02298036,12.80000019,117.7491989,4
Low Fat,FDY19,Fruits and Vegetables,2012,OUT049,Tier 1,Medium,Supermarket Type1,0.041429248,19.75,117.2465973,4
Low Fat,DRF23,Hard Drinks,2012,OUT049,Tier 1,Medium,Supermarket Type1,0.122843005,4.610000134,172.4396057,4
Low Fat,DRL35,Hard Drinks,2012,OUT049,Tier 1,Medium,Supermarket Type1,0.030751366,15.69999981,42.57699966,4
Low Fat,NCZ53,Health and Hygiene,2012,OUT049,Tier 1,Medium,Supermarket Type1,0.024515221,9.600000381,189.221405,4
Low Fat,NCU05,Health and Hygiene,2012,OUT049,Tier 1,Medium,Supermarket Type1,0.058827557,11.80000019,80.86180115,4
Low Fat,NCY05,Health and Hygiene,2012,OUT049,Tier 1,Medium,Supermarket Type1,0.055075504,13.5,33.38740158,4
Low Fat,NCF07,Household,2012,OUT049,Tier 1,Medium,Supermarket Type1,0.032072321,9,102.2015991,4
Low Fat,NCF31,Household,2012,OUT049,Tier 1,Medium,Supermarket Type1,0.051928032,9.130000114,151.4024048,4
Low Fat,NCM18,Household,2012,OUT049,Tier 1,Medium,Supermarket Type1,0.082970664,13,60.01940155,4
Low Fat,NCL06,Household,2012,OUT049,Tier 1,Medium,Supermarket Type1,0.072178677,14.64999962,262.9594116,4
Low Fat,NCU06,Household,2012,OUT049,Tier 1,Medium,Supermarket Type1,0.074522749,17.60000038,228.8009949,4
Low Fat,NCL42,Household,2012,OUT049,Tier 1,Medium,Supermarket Type1,0.040434372,18.85000038,244.3144073,4
Low Fat,NCM43,Others,2012,OUT049,Tier 1,Medium,Supermarket Type1,0.01950565,14.5,163.9210052,4
Low Fat,NCQ38,Others,2012,OUT049,Tier 1,Medium,Supermarket Type1,0.013387211,16.35000038,105.6279984,4
Low Fat,FDI57,Seafood,2012,OUT049,Tier 1,Medium,Supermarket Type1,0.05410964,19.85000038,195.0767975,4
Low Fat,FDQ09,Snack Foods,2012,OUT049,Tier 1,Medium,Supermarket Type1,0.058222588,7.235000134,114.8834,4
Low Fat,FDZ46,Snack Foods,2012,OUT049,Tier 1,Medium,Supermarket Type1,0.06923119,7.485000134,112.1228027,4
Low Fat,FDB22,Snack Foods,2012,OUT049,Tier 1,Medium,Supermarket Type1,0.111613922,8.020000458,152.6997986,4
Low Fat,FDW33,Snack Foods,2012,OUT049,Tier 1,Medium,Supermarket Type1,0.099274695,9.395000458,104.5279999,4
Low Fat,FDB10,Snack Foods,2012,OUT049,Tier 1,Medium,Supermarket Type1,0.067312613,10,234.3589935,4
Low Fat,FDX58,Snack Foods,2012,OUT049,Tier 1,Medium,Supermarket Type1,0.043831721,13.14999962,184.1950073,4
Low Fat,FDB34,Snack Foods,2012,OUT049,Tier 1,Medium,Supermarket Type1,0.026651183,15.25,86.61979675,4
Low Fat,FDE59,Starchy Foods,2012,OUT049,Tier 1,Medium,Supermarket Type1,0.062384658,12.14999962,34.65319824,4
Low Fat,FDE47,Starchy Foods,2012,OUT049,Tier 1,Medium,Supermarket Type1,0.037967686,14.14999962,125.604599,4
Low Fat,FDH35,Starchy Foods,2012,OUT049,Tier 1,Medium,Supermarket Type1,0.060342304,18.25,165.9526062,4
Regular,FDS11,Breads,2012,OUT049,Tier 1,Medium,Supermarket Type1,0.055644888,7.050000191,224.9087982,4
Regular,FDT01,Canned,2012,OUT049,Tier 1,Medium,Supermarket Type1,0.184454039,13.64999962,211.4902039,4
Regular,FDN50,Canned,2012,OUT049,Tier 1,Medium,Supermarket Type1,0.026561057,16.85000038,93.71199799,4
Regular,FDJ02,Canned,2012,OUT049,Tier 1,Medium,Supermarket Type1,0.025205908,17.20000076,149.1417999,4
Regular,FDV01,Canned,2012,OUT049,Tier 1,Medium,Supermarket Type1,0.08508265,19.20000076,153.5314026,4
Regular,FDH26,Canned,2012,OUT049,Tier 1,Medium,Supermarket Type1,0.034753688,19.25,141.5496063,4
Regular,FDB03,Dairy,2012,OUT049,Tier 1,Medium,Supermarket Type1,0.157075658,17.75,240.5538025,4
Regular,FDC29,Frozen Foods,2012,OUT049,Tier 1,Medium,Supermarket Type1,0.024243293,8.390000343,116.017601,4
Regular,FDE41,Frozen Foods,2012,OUT049,Tier 1,Medium,Supermarket Type1,0.064113699,9.194999695,86.55660248,4
Regular,FDC05,Frozen Foods,2012,OUT049,Tier 1,Medium,Supermarket Type1,0.098938167,13.10000038,195.7767944,4
Regular,FDW16,Frozen Foods,2012,OUT049,Tier 1,Medium,Supermarket Type1,0.041538712,17.35000038,93.18039703,4
Regular,FDR44,Fruits and Vegetables,2012,OUT049,Tier 1,Medium,Supermarket Type1,0.103080899,6.110000134,131.2967987,4
Regular,FDU19,Fruits and Vegetables,2012,OUT049,Tier 1,Medium,Supermarket Type1,0.046844196,8.770000458,174.2422028,4
Regular,FDX56,Fruits and Vegetables,2012,OUT049,Tier 1,Medium,Supermarket Type1,0,17.10000038,208.563797,4
Regular,FDQ32,Fruits and Vegetables,2012,OUT049,Tier 1,Medium,Supermarket Type1,0.046680961,17.85000038,121.938797,4
Regular,FDP03,Meat,2012,OUT049,Tier 1,Medium,Supermarket Type1,0.061272193,5.150000095,125.6388016,4
Regular,FDI09,Seafood,2012,OUT049,Tier 1,Medium,Supermarket Type1,0.129538685,20.75,240.2879944,4
Regular,FDE10,Snack Foods,2012,OUT049,Tier 1,Medium,Supermarket Type1,0,6.670000076,133.0626068,4
Regular,FDO45,Snack Foods,2012,OUT049,Tier 1,Medium,Supermarket Type1,0.038011782,13.14999962,89.68560028,4
Regular,FDO22,Snack Foods,2012,OUT049,Tier 1,Medium,Supermarket Type1,0.017887238,13.5,79.4960022,4
Regular,FDY33,Snack Foods,2012,OUT049,Tier 1,Medium,Supermarket Type1,0.097352251,14.5,160.7261963,4
Low Fat,NCX06,Household,1998,OUT019,Tier 1,Small,Grocery Store,0.02746599,12.85764534,181.5975952,4
Low Fat,FDL36,Baking Goods,1998,OUT019,Tier 1,Small,Grocery Store,0.133198351,12.85764534,91.08300018,4
Low Fat,FDV23,Breads,1998,OUT019,Tier 1,Small,Grocery Store,0.185306519,12.85764534,125.604599,4
Low Fat,FDO13,Breakfast,1998,OUT019,Tier 1,Small,Grocery Store,0.106907606,12.85764534,162.8526001,4
Low Fat,FDE02,Canned,1998,OUT019,Tier 1,Small,Grocery Store,0.212293759,12.85764534,92.27780151,4
Low Fat,DRE15,Dairy,1998,OUT019,Tier 1,Small,Grocery Store,0.031139933,12.85764534,74.80120087,4
Low Fat,FDA38,Dairy,1998,OUT019,Tier 1,Small,Grocery Store,0.04461205,12.85764534,241.1537933,4
Low Fat,FDD39,Dairy,1998,OUT019,Tier 1,Small,Grocery Store,0.122832172,12.85764534,217.6849976,4
Low Fat,FDD05,Frozen Foods,1998,OUT019,Tier 1,Small,Grocery Store,0.029084548,12.85764534,122.0098038,4
Low Fat,FDM28,Frozen Foods,1998,OUT019,Tier 1,Small,Grocery Store,0.07914611,12.85764534,181.4660034,4
Low Fat,FDC45,Fruits and Vegetables,1998,OUT019,Tier 1,Small,Grocery Store,0.237651348,12.85764534,170.2106018,4
Low Fat,FDL20,Fruits and Vegetables,1998,OUT019,Tier 1,Small,Grocery Store,0.224837303,12.85764534,112.7885971,4
Low Fat,NCS53,Health and Hygiene,1998,OUT019,Tier 1,Small,Grocery Store,0.15719001,12.85764534,156.8603973,4
Low Fat,NCW29,Health and Hygiene,1998,OUT019,Tier 1,Small,Grocery Store,0.050535314,12.85764534,130.0310059,4
Low Fat,NCF19,Household,1998,OUT019,Tier 1,Small,Grocery Store,0.061470859,12.85764534,48.60340118,4
Low Fat,NCF31,Household,1998,OUT019,Tier 1,Small,Grocery Store,0.09077815,12.85764534,153.1024017,4
Low Fat,NCI06,Household,1998,OUT019,Tier 1,Small,Grocery Store,0.083547518,12.85764534,179.1660004,4
Low Fat,NCI31,Others,1998,OUT019,Tier 1,Small,Grocery Store,0.142393351,12.85764534,36.41899872,4
Low Fat,NCM43,Others,1998,OUT019,Tier 1,Small,Grocery Store,0.03409886,12.85764534,162.6210022,4
Low Fat,NCN19,Others,1998,OUT019,Tier 1,Small,Grocery Store,0.021184746,12.85764534,189.5529938,4
Low Fat,FDX21,Snack Foods,1998,OUT019,Tier 1,Small,Grocery Store,0.148764536,12.85764534,111.1912003,4
Low Fat,FDZ58,Snack Foods,1998,OUT019,Tier 1,Small,Grocery Store,0.091354951,12.85764534,122.3071976,4
Low Fat,DRH49,Soft Drinks,1998,OUT019,Tier 1,Small,Grocery Store,0.043168765,12.85764534,82.85919952,4
Regular,FDL12,Baking Goods,1998,OUT019,Tier 1,Small,Grocery Store,0.212963194,12.85764534,59.52199936,4
Regular,FDM36,Baking Goods,1998,OUT019,Tier 1,Small,Grocery Store,0.102830105,12.85764534,172.6421967,4
Regular,FDQ11,Breads,1998,OUT019,Tier 1,Small,Grocery Store,0.118535578,12.85764534,256.3988037,4
Regular,FDZ25,Canned,1998,OUT019,Tier 1,Small,Grocery Store,0,12.85764534,169.8789978,4
Regular,FDX38,Dairy,1998,OUT019,Tier 1,Small,Grocery Store,0.084404267,12.85764534,49.53760147,4
Regular,FDH17,Frozen Foods,1998,OUT019,Tier 1,Small,Grocery Store,0.029157849,12.85764534,97.07260132,4
Regular,FDU28,Frozen Foods,1998,OUT019,Tier 1,Small,Grocery Store,0.164438903,12.85764534,188.421402,4
Regular,FDC57,Fruits and Vegetables,1998,OUT019,Tier 1,Small,Grocery Store,0.095587976,12.85764534,193.9819946,4
Regular,FDK08,Fruits and Vegetables,1998,OUT019,Tier 1,Small,Grocery Store,0.214139789,12.85764534,102.4016037,4
Regular,FDS31,Fruits and Vegetables,1998,OUT019,Tier 1,Small,Grocery Store,0,12.85764534,178.5317993,4
Regular,FDL21,Snack Foods,1998,OUT019,Tier 1,Small,Grocery Store,0.01251245,12.85764534,38.7480011,4
Regular,FDX22,Snack Foods,1998,OUT019,Tier 1,Small,Grocery Store,0.040225931,12.85764534,210.9927979,4
Low Fat,FDQ14,Dairy,1998,OUT019,Tier 1,Small,Grocery Store,0.108181573,12.85764534,149.6049957,4
Low Fat,NCO54,Household,1998,OUT019,Tier 1,Small,Grocery Store,0.024992442,12.85764534,53.66139984,4
Low Fat,FDV45,Snack Foods,1998,OUT019,Tier 1,Small,Grocery Store,0.078872249,12.85764534,189.555603,4
Regular,FDX48,Baking Goods,1998,OUT019,Tier 1,Small,Grocery Store,0.066336811,12.85764534,154.1656036,4
Low Fat,FDU39,Meat,2010,OUT046,Tier 1,Small,Supermarket Type1,0.036037952,18.85000038,58.45619965,4
Low Fat,DRD49,Soft Drinks,2010,OUT046,Tier 1,Small,Supermarket Type1,0.167831063,9.895000458,237.4564056,4
Low Fat,FDC48,Baking Goods,2010,OUT046,Tier 1,Small,Supermarket Type1,0.015859295,9.194999695,84.55919647,4
Low Fat,FDW59,Breads,2010,OUT046,Tier 1,Small,Supermarket Type1,0.020715913,13.14999962,83.55660248,4
Low Fat,FDN13,Breakfast,2010,OUT046,Tier 1,Small,Supermarket Type1,0.152058274,18.60000038,99.93579865,4
Low Fat,FDT13,Canned,2010,OUT046,Tier 1,Small,Supermarket Type1,0.018571641,14.85000038,187.3213959,4
Low Fat,FDA49,Canned,2010,OUT046,Tier 1,Small,Supermarket Type1,0.064921767,19.70000076,88.11979675,4
Low Fat,FDC02,Canned,2010,OUT046,Tier 1,Small,Supermarket Type1,0.068822473,21.35000038,258.3277893,4
Low Fat,FDK51,Dairy,2010,OUT046,Tier 1,Small,Supermarket Type1,0.005235143,19.85000038,265.8883972,4
Low Fat,FDK40,Frozen Foods,2010,OUT046,Tier 1,Small,Supermarket Type1,0.021849398,7.034999847,262.0910034,4
Low Fat,FDC53,Frozen Foods,2010,OUT046,Tier 1,Small,Supermarket Type1,0.008835694,8.680000305,96.53839874,4
Low Fat,FDI28,Frozen Foods,2010,OUT046,Tier 1,Small,Supermarket Type1,0.026321702,14.30000019,77.63020325,4
Low Fat,FDJ04,Frozen Foods,2010,OUT046,Tier 1,Small,Supermarket Type1,0.124452047,18,118.5123978,4
Low Fat,FDD16,Frozen Foods,2010,OUT046,Tier 1,Small,Supermarket Type1,0.036353096,20.5,75.86959839,4
Low Fat,FDP32,Fruits and Vegetables,2010,OUT046,Tier 1,Small,Supermarket Type1,0.087669484,6.650000095,127.2677994,4
Low Fat,DRM11,Hard Drinks,2010,OUT046,Tier 1,Small,Supermarket Type1,0.066069581,6.570000172,261.0278015,4
Low Fat,DRO35,Hard Drinks,2010,OUT046,Tier 1,Small,Supermarket Type1,0.034570359,13.85000038,117.4492035,4
Low Fat,NCX29,Health and Hygiene,2010,OUT046,Tier 1,Small,Supermarket Type1,0.08915253,10,147.7102051,4
Low Fat,NCZ17,Health and Hygiene,2010,OUT046,Tier 1,Small,Supermarket Type1,0.079431646,12.14999962,38.65060043,4
Low Fat,NCJ05,Health and Hygiene,2010,OUT046,Tier 1,Small,Supermarket Type1,0.046088275,18.70000076,153.6681976,4
Low Fat,NCV17,Health and Hygiene,2010,OUT046,Tier 1,Small,Supermarket Type1,0.01610755,18.85000038,129.7626038,4
Low Fat,NCA29,Household,2010,OUT046,Tier 1,Small,Supermarket Type1,0.02727641,10.5,171.3105927,4
Low Fat,NCX18,Household,2010,OUT046,Tier 1,Small,Supermarket Type1,0,14.14999962,196.3110046,4
Low Fat,NCZ54,Household,2010,OUT046,Tier 1,Small,Supermarket Type1,0.08335939,14.64999962,161.9552002,4
Low Fat,NCD18,Household,2010,OUT046,Tier 1,Small,Supermarket Type1,0,16,228.866806,4
Low Fat,NCF54,Household,2010,OUT046,Tier 1,Small,Supermarket Type1,0.047377054,18,171.1421967,4
Low Fat,NCC18,Household,2010,OUT046,Tier 1,Small,Supermarket Type1,0.17727001,19.10000038,174.0422058,4
Low Fat,NCZ06,Household,2010,OUT046,Tier 1,Small,Supermarket Type1,0.094161659,19.60000038,251.9698029,4
Low Fat,NCE42,Household,2010,OUT046,Tier 1,Small,Supermarket Type1,0.010602292,21.10000038,235.3957977,4
Low Fat,FDQ39,Meat,2010,OUT046,Tier 1,Small,Supermarket Type1,0.081042133,14.80000019,192.4846039,4
Low Fat,NCM55,Others,2010,OUT046,Tier 1,Small,Supermarket Type1,0.066726133,15.60000038,185.892395,4
Low Fat,FDI22,Snack Foods,2010,OUT046,Tier 1,Small,Supermarket Type1,0.096212432,12.60000038,207.2612,4
Low Fat,FDA21,Snack Foods,2010,OUT046,Tier 1,Small,Supermarket Type1,0.035960712,13.64999962,186.392395,4
Low Fat,FDP46,Snack Foods,2010,OUT046,Tier 1,Small,Supermarket Type1,0,15.35000038,88.28299713,4
Low Fat,FDL34,Snack Foods,2010,OUT046,Tier 1,Small,Supermarket Type1,0.040945899,16,143.1495972,4
Low Fat,FDS10,Snack Foods,2010,OUT046,Tier 1,Small,Supermarket Type1,0.035185587,19.20000076,181.3318024,4
Low Fat,FDQ21,Snack Foods,2010,OUT046,Tier 1,Small,Supermarket Type1,0.019423231,21.25,120.8756027,4
Low Fat,DRE48,Soft Drinks,2010,OUT046,Tier 1,Small,Supermarket Type1,0.017325729,8.430000305,197.9768066,4
Low Fat,DRC49,Soft Drinks,2010,OUT046,Tier 1,Small,Supermarket Type1,0.065436579,8.670000076,142.912796,4
Low Fat,DRK13,Soft Drinks,2010,OUT046,Tier 1,Small,Supermarket Type1,0.115167581,11.80000019,199.8083954,4
Low Fat,DRE25,Soft Drinks,2010,OUT046,Tier 1,Small,Supermarket Type1,0.073283195,15.35000038,91.81199646,4
Low Fat,DRG37,Soft Drinks,2010,OUT046,Tier 1,Small,Supermarket Type1,0.019378431,16.20000076,156.4971924,4
Low Fat,FDG59,Starchy Foods,2010,OUT046,Tier 1,Small,Supermarket Type1,0.043234576,15.85000038,38.31639862,4
Regular,FDI60,Baking Goods,2010,OUT046,Tier 1,Small,Supermarket Type1,0.038321219,7.21999979,61.85100174,4
Regular,FDY60,Baking Goods,2010,OUT046,Tier 1,Small,Supermarket Type1,0,10.5,143.3128052,4
Regular,FDK60,Baking Goods,2010,OUT046,Tier 1,Small,Supermarket Type1,0,16.5,96.20680237,4
Regular,FDM38,Canned,2010,OUT046,Tier 1,Small,Supermarket Type1,0.092771307,5.885000229,54.19820023,4
Regular,FDR25,Canned,2010,OUT046,Tier 1,Small,Supermarket Type1,0.139521927,17,266.8883972,4
Regular,FDH14,Canned,2010,OUT046,Tier 1,Small,Supermarket Type1,0.046808552,17.10000038,141.4837952,4
Regular,FDW26,Dairy,2010,OUT046,Tier 1,Small,Supermarket Type1,0.107057184,11.80000019,224.1772003,4
Regular,FDK03,Dairy,2010,OUT046,Tier 1,Small,Supermarket Type1,0.073920436,12.60000038,255.6356049,4
Regular,FDH17,Frozen Foods,2010,OUT046,Tier 1,Small,Supermarket Type1,0.01665334,16.20000076,97.37259674,4
Regular,FDK08,Fruits and Vegetables,2010,OUT046,Tier 1,Small,Supermarket Type1,0.122304723,9.194999695,99.20159912,4
Regular,FDW44,Fruits and Vegetables,2010,OUT046,Tier 1,Small,Supermarket Type1,0.035151213,9.5,171.8448029,4
Regular,FDD21,Fruits and Vegetables,2010,OUT046,Tier 1,Small,Supermarket Type1,0.030569229,10.30000019,113.1175995,4
Regular,FDY20,Fruits and Vegetables,2010,OUT046,Tier 1,Small,Supermarket Type1,0.081752762,12.5,89.04879761,4
Regular,FDT55,Fruits and Vegetables,2010,OUT046,Tier 1,Small,Supermarket Type1,0.043655153,13.60000038,156.7946014,4
Regular,FDP08,Fruits and Vegetables,2010,OUT046,Tier 1,Small,Supermarket Type1,0.112410046,20.5,192.2478027,4
Regular,FDI07,Meat,2010,OUT046,Tier 1,Small,Supermarket Type1,0.033760861,12.35000038,196.9425964,4
Regular,FDZ39,Meat,2010,OUT046,Tier 1,Small,Supermarket Type1,0.018024769,19.70000076,104.4990005,4
Regular,FDI09,Seafood,2010,OUT046,Tier 1,Small,Supermarket Type1,0.129337594,20.75,238.1880035,4
Regular,FDI58,Snack Foods,2010,OUT046,Tier 1,Small,Supermarket Type1,0.070704475,7.639999866,93.41200256,4
Regular,FDX46,Snack Foods,2010,OUT046,Tier 1,Small,Supermarket Type1,0.058116756,12.30000019,57.55619812,4
Regular,FDL21,Snack Foods,2010,OUT046,Tier 1,Small,Supermarket Type1,0.007146415,15.85000038,41.04800034,4
Regular,FDS22,Snack Foods,2010,OUT046,Tier 1,Small,Supermarket Type1,0.023154398,16.85000038,43.94279861,4
Regular,DRC01,Soft Drinks,2010,OUT046,Tier 1,Small,Supermarket Type1,0.019200003,5.920000076,47.76919937,4
Regular,FDE23,Starchy Foods,2010,OUT046,Tier 1,Small,Supermarket Type1,0,17.60000038,46.00600052,4
Low Fat,FDN09,Snack Foods,2015,OUT045,Tier 2,Medium,Supermarket Type1,0,14.14999962,244.1828003,4
Low Fat,FDA15,Dairy,2020,OUT017,Tier 2,Medium,Supermarket Type1,0.016113019,9.300000191,248.8092041,4
Low Fat,FDY36,Baking Goods,2015,OUT045,Tier 2,Medium,Supermarket Type1,0.009429612,12.30000019,71.33799744,4
Low Fat,FDH48,Baking Goods,2015,OUT045,Tier 2,Medium,Supermarket Type1,0.060603015,13.5,85.55400085,4
Low Fat,FDG50,Canned,2015,OUT045,Tier 2,Medium,Supermarket Type1,0.015302764,7.40500021,89.91459656,4
Low Fat,FDS14,Dairy,2015,OUT045,Tier 2,Medium,Supermarket Type1,0.050065212,7.284999847,157.4288025,4
Low Fat,DRE27,Dairy,2015,OUT045,Tier 2,Medium,Supermarket Type1,0.132939637,11.85000038,98.07260132,4
Low Fat,DRJ39,Dairy,2015,OUT045,Tier 2,Medium,Supermarket Type1,0.036399733,20.25,219.3482056,4
Low Fat,FDF09,Fruits and Vegetables,2015,OUT045,Tier 2,Medium,Supermarket Type1,0.012173543,6.215000153,36.48479843,4
Low Fat,FDJ08,Fruits and Vegetables,2015,OUT045,Tier 2,Medium,Supermarket Type1,0.11089655,11.10000038,191.5845947,4
Low Fat,FDS43,Fruits and Vegetables,2015,OUT045,Tier 2,Medium,Supermarket Type1,0.040597055,11.64999962,187.3240051,4
Low Fat,FDO44,Fruits and Vegetables,2015,OUT045,Tier 2,Medium,Supermarket Type1,0.087630562,12.60000038,110.0227966,4
Low Fat,FDE21,Fruits and Vegetables,2015,OUT045,Tier 2,Medium,Supermarket Type1,0.02299122,12.80000019,114.9492035,4
Low Fat,FDT31,Fruits and Vegetables,2015,OUT045,Tier 2,Medium,Supermarket Type1,0.01247354,19.75,187.587204,4
Low Fat,DRN47,Hard Drinks,2015,OUT045,Tier 2,Small,Supermarket Type1,0,12.10000038,179.8659973,4
Low Fat,NCS05,Health and Hygiene,2015,OUT045,Tier 2,Small,Supermarket Type1,0.021020615,11.5,130.7942047,4
Low Fat,NCT41,Health and Hygiene,2015,OUT045,Tier 2,Small,Supermarket Type1,0.05610384,15.69999981,153.5023956,4
Low Fat,NCF43,Household,2015,OUT045,Tier 2,Small,Supermarket Type1,0.052051257,8.510000229,142.246994,4
Low Fat,NCK18,Household,2015,OUT045,Tier 2,Small,Supermarket Type1,0,9.600000381,164.218399,4
Low Fat,NCX18,Household,2015,OUT045,Tier 2,Small,Supermarket Type1,0.008811818,14.14999962,196.5110016,4
Low Fat,NCL06,Household,2015,OUT045,Tier 2,Small,Supermarket Type1,0.072212785,14.64999962,260.9594116,4
Low Fat,NCE30,Household,2015,OUT045,Tier 2,Small,Supermarket Type1,0,16,210.4902039,4
Low Fat,FDU39,Meat,2015,OUT045,Tier 2,Small,Supermarket Type1,0.036111038,18.85000038,58.15620041,4
Low Fat,NCN55,Others,2015,OUT045,Tier 2,Small,Supermarket Type1,0.059611153,14.60000038,238.3538055,4
Low Fat,FDH09,Seafood,2015,OUT045,Tier 2,Small,Supermarket Type1,0.056191303,12.60000038,53.2981987,4
Low Fat,FDR33,Snack Foods,2015,OUT045,Tier 2,Small,Supermarket Type1,0.026843265,7.309999943,109.7570038,4
Low Fat,FDD34,Snack Foods,2015,OUT045,Tier 2,Small,Supermarket Type1,0.015908485,7.945000172,161.4210052,4
Low Fat,FDL10,Snack Foods,2015,OUT045,Tier 2,Small,Supermarket Type1,0.039572299,8.395000458,100.9041977,4
Low Fat,FDA57,Snack Foods,2015,OUT045,Tier 2,Small,Supermarket Type1,0.039724,18.85000038,41.04800034,4
Low Fat,FDA45,Snack Foods,2015,OUT045,Tier 2,Small,Supermarket Type1,0.155694798,21.25,177.6369934,4
Low Fat,DRF25,Soft Drinks,2015,OUT045,Tier 2,Small,Supermarket Type1,0.039004192,9,37.01900101,4
Low Fat,DRJ24,Soft Drinks,2015,OUT045,Tier 2,Small,Supermarket Type1,0.11355906,11.80000019,184.2924042,4
Low Fat,DRN36,Soft Drinks,2015,OUT045,Tier 2,Small,Supermarket Type1,0.050279602,15.19999981,94.17520142,4
Low Fat,FDY36,Baking Goods,2020,OUT017,Tier 2,Small,Supermarket Type1,0.009463757,12.30000019,73.83799744,4
Low Fat,FDZ48,Baking Goods,2020,OUT017,Tier 2,Small,Supermarket Type1,0.076389283,17.75,111.1544037,4
Low Fat,FDW59,Breads,2020,OUT017,Tier 2,Small,Supermarket Type1,0.020833092,13.14999962,86.55660248,4
Low Fat,FDU13,Canned,2020,OUT017,Tier 2,Small,Supermarket Type1,0.188619539,8.354999542,146.441803,4
Low Fat,FDX25,Canned,2020,OUT017,Tier 2,Small,Supermarket Type1,0.102633044,16.70000076,180.8291931,4
Low Fat,FDY50,Dairy,2020,OUT017,Tier 2,Small,Supermarket Type1,0.131696552,5.800000191,89.41719818,4
Low Fat,FDA50,Dairy,2020,OUT017,Tier 2,Small,Supermarket Type1,0.087668233,16.25,94.94100189,4
Low Fat,FDS50,Dairy,2020,OUT017,Tier 2,Small,Supermarket Type1,0.055746932,17,220.0113983,4
Low Fat,DRI51,Dairy,2020,OUT017,Tier 2,Small,Supermarket Type1,0.042480566,17.25,173.4763947,4
Low Fat,FDR26,Dairy,2020,OUT017,Tier 2,Small,Supermarket Type1,0.043079078,20.70000076,177.8027954,4
Low Fat,FDF17,Frozen Foods,2020,OUT017,Tier 2,Small,Supermarket Type1,0.042861968,5.190000057,196.8110046,4
Low Fat,FDD08,Fruits and Vegetables,2020,OUT017,Tier 2,Small,Supermarket Type1,0.035554338,8.300000191,37.45059967,4
Low Fat,FDY07,Fruits and Vegetables,2020,OUT017,Tier 2,Small,Supermarket Type1,0.122289658,11.80000019,46.34019852,4
Low Fat,FDS07,Fruits and Vegetables,2020,OUT017,Tier 2,Small,Supermarket Type1,0.100322105,12.35000038,113.7518005,4
Low Fat,FDM44,Fruits and Vegetables,2020,OUT017,Tier 2,Small,Supermarket Type1,0.031225303,12.5,102.8990021,4
Low Fat,DRN11,Hard Drinks,2020,OUT017,Tier 2,Small,Supermarket Type1,0.163902164,7.849999905,143.3444061,4
Low Fat,DRJ11,Hard Drinks,2020,OUT017,Tier 2,Small,Supermarket Type1,0,9.5,188.9871979,4
Low Fat,DRJ35,Hard Drinks,2020,OUT017,Tier 2,Small,Supermarket Type1,0.046848051,10.10000038,60.68780136,4
Low Fat,NCZ41,Health and Hygiene,2020,OUT017,Tier 2,Small,Supermarket Type1,0.06478563,19.85000038,123.770401,4
Low Fat,NCU30,Household,2020,OUT017,Tier 2,Small,Supermarket Type1,0.035071954,5.110000134,163.220993,4
Low Fat,NCF07,Household,2020,OUT017,Tier 2,Small,Supermarket Type1,0.032203667,9,100.8015976,4
Low Fat,NCQ06,Household,2020,OUT017,Tier 2,Small,Supermarket Type1,0.042061102,13,254.1013947,4
Low Fat,NCO18,Household,2020,OUT017,Tier 2,Small,Supermarket Type1,0.024790706,13.14999962,177.5686035,4
Low Fat,NCQ18,Household,2020,OUT017,Tier 2,High,Supermarket Type1,0.135836825,15.75,100.3700027,4
Low Fat,NCF54,Household,2020,OUT017,Tier 2,High,Supermarket Type1,0.047645036,18,172.6421967,4
Low Fat,NCL18,Household,2020,OUT017,Tier 2,High,Supermarket Type1,0.16853182,18.85000038,192.5135956,4
Low Fat,NCZ06,Household,2020,OUT017,Tier 2,High,Supermarket Type1,0.094694279,19.60000038,254.9698029,4
Low Fat,FDQ46,Snack Foods,2020,OUT017,Tier 2,High,Supermarket Type1,0.10440024,7.510000229,113.5543976,4
Low Fat,FDW33,Snack Foods,2020,OUT017,Tier 2,High,Supermarket Type1,0.099681251,9.395000458,106.4280014,4
Low Fat,FDR45,Snack Foods,2020,OUT017,Tier 2,High,Supermarket Type1,0.029107004,10.80000019,240.5222015,4
Low Fat,FDW45,Snack Foods,2020,OUT017,Tier 2,High,Supermarket Type1,0.039231651,18,145.1417999,4
Low Fat,DRJ49,Soft Drinks,2020,OUT017,Tier 2,High,Supermarket Type1,0.014072399,6.864999771,127.3651962,4
Low Fat,DRZ24,Soft Drinks,2020,OUT017,Tier 2,High,Supermarket Type1,0.082250141,7.534999847,118.3440018,4
Low Fat,DRK01,Soft Drinks,2020,OUT017,Tier 2,High,Supermarket Type1,0.061409712,7.630000114,94.64360046,4
Low Fat,DRD49,Soft Drinks,2020,OUT017,Tier 2,High,Supermarket Type1,0.168780386,9.895000458,236.8563995,4
Low Fat,DRK49,Soft Drinks,2020,OUT017,Tier 2,High,Supermarket Type1,0.036147028,14.14999962,39.31380081,4
Low Fat,FDD11,Starchy Foods,2020,OUT017,Tier 2,High,Supermarket Type1,0.030789914,12.85000038,254.904007,4
Regular,FDW60,Baking Goods,2015,OUT045,Tier 2,High,Supermarket Type1,0.017096551,5.440000057,178.1369934,4
Regular,FDB36,Baking Goods,2015,OUT045,Tier 2,High,Supermarket Type1,0.0486256,5.465000153,129.2626038,4
Regular,FDI60,Baking Goods,2015,OUT045,Tier 2,High,Supermarket Type1,0.038398936,7.21999979,61.95100021,4
Regular,FDP12,Baking Goods,2015,OUT045,Tier 2,High,Supermarket Type1,0.045358609,9.800000191,36.18740082,4
Regular,FDT47,Breads,2015,OUT045,Tier 2,High,Supermarket Type1,0.02455854,5.260000229,95.60679626,4
Regular,FDU47,Breads,2015,OUT045,Tier 2,High,Supermarket Type1,0.114085369,12.80000019,141.3838043,4
Regular,FDP49,Breakfast,2015,OUT045,Tier 2,High,Supermarket Type1,0.069229074,9,55.96139908,4
Regular,FDR01,Canned,2015,OUT045,Tier 2,High,Supermarket Type1,0.05373003,5.40500021,199.0742035,4
Regular,FDQ01,Canned,2015,OUT045,Tier 2,High,Supermarket Type1,0.161027551,19.70000076,254.1013947,4
Regular,FDC51,Dairy,2015,OUT045,Tier 2,High,Supermarket Type1,0.009641375,10.89500046,124.1729965,4
Regular,FDK03,Dairy,2015,OUT045,Tier 2,High,Supermarket Type1,0.074070349,12.60000038,254.2355957,4
Regular,FDF39,Dairy,2015,OUT045,Tier 2,High,Supermarket Type1,0.019550858,14.85000038,263.7909851,4
Regular,FDE40,Dairy,2015,OUT045,Tier 2,High,Supermarket Type1,0.099344827,15.60000038,63.61940002,4
Regular,FDA27,Dairy,2015,OUT045,Tier 2,High,Supermarket Type1,0.030990355,20.35000038,256.3671875,4
Regular,FDV44,Fruits and Vegetables,2015,OUT045,Tier 2,High,Supermarket Type1,0.039925236,8.364999771,189.2187958,4
Regular,FDC33,Fruits and Vegetables,2015,OUT045,Tier 2,High,Supermarket Type1,0.069078147,8.960000038,197.7767944,4
Regular,FDX07,Fruits and Vegetables,2015,OUT045,Tier 2,High,Supermarket Type1,0.022965292,19.20000076,181.6950073,4
Regular,FDS15,Meat,2015,OUT045,Tier 2,High,Supermarket Type1,0.078218907,9.194999695,107.6595993,4
Regular,FDM15,Meat,2015,OUT045,Tier 2,High,Supermarket Type1,0.057538033,11.80000019,149.8365936,4
Regular,FDI09,Seafood,2015,OUT045,Tier 2,High,Supermarket Type1,0,20.75,239.9880066,4
Regular,FDJ10,Snack Foods,2015,OUT045,Tier 2,High,Supermarket Type1,0.1297663,5.09499979,141.6838074,4
Regular,FDS09,Snack Foods,2015,OUT045,Tier 2,High,Supermarket Type1,0.081252933,8.895000458,49.80080032,4
Regular,FDY33,Snack Foods,2015,OUT045,Tier 2,High,Supermarket Type1,0.097398251,14.5,157.4261932,4
Regular,FDR22,Snack Foods,2015,OUT045,Tier 2,High,Supermarket Type1,0.01860025,19.35000038,110.2544022,4
Regular,FDT12,Baking Goods,2020,OUT017,Tier 2,High,Supermarket Type1,0.049902383,6.215000153,225.8061981,4
Regular,FDP12,Baking Goods,2020,OUT017,Tier 2,High,Supermarket Type1,0.045522854,9.800000191,35.08739853,4
Regular,FDQ48,Baking Goods,2020,OUT017,Tier 2,High,Supermarket Type1,0.034605883,14.30000019,95.97260284,4
Regular,FDR24,Baking Goods,2020,OUT017,Tier 2,High,Supermarket Type1,0.063207202,17.35000038,89.38300323,4
Regular,FDX47,Breads,2020,OUT017,Tier 2,High,Supermarket Type1,0.034800079,6.550000191,157.5287933,4
Regular,FDM25,Breakfast,2020,OUT017,Tier 2,High,Supermarket Type1,0.061008889,10.69499969,177.5711975,4
Regular,FDS25,Canned,2020,OUT017,Tier 2,High,Supermarket Type1,0.140800506,6.885000229,111.4227982,4
Regular,FDJ02,Canned,2020,OUT017,Tier 2,High,Supermarket Type1,0.025309134,17.20000076,147.0417938,4
Regular,FDZ02,Dairy,2020,OUT017,Tier 2,High,Supermarket Type1,0.038363203,6.90500021,98.17259979,4
Regular,FDI27,Dairy,2020,OUT017,Tier 2,High,Supermarket Type1,0,8.710000038,43.57440186,4
Regular,FDS02,Dairy,2020,OUT017,Tier 2,High,Supermarket Type1,0.14669244,10.19499969,194.5794067,4
Regular,FDJ15,Dairy,2020,OUT017,Tier 2,High,Supermarket Type1,0.0234544,11.35000038,181.9608002,4
Regular,FDA27,Dairy,2020,OUT017,Tier 2,High,Supermarket Type1,0.031102572,20.35000038,257.2672119,4
Regular,FDT52,Frozen Foods,2020,OUT017,Tier 2,High,Supermarket Type1,0.047697861,9.694999695,244.6143951,4
Regular,FDS16,Frozen Foods,2020,OUT017,Tier 2,High,Supermarket Type1,0.066551268,15.14999962,144.6759949,4
Regular,FDH17,Frozen Foods,2020,OUT017,Tier 2,High,Supermarket Type1,0.016747538,16.20000076,98.67259979,4
Regular,FDY04,Frozen Foods,2020,OUT017,Tier 2,High,Supermarket Type1,0.042716708,17.70000076,163.220993,4
Regular,FDS56,Fruits and Vegetables,2020,OUT017,Tier 2,High,Supermarket Type1,0.038976088,5.784999847,264.2251892,4
Regular,FDD44,Fruits and Vegetables,2020,OUT017,Tier 2,Medium,Supermarket Type1,0.078843929,8.050000191,257.0646057,4
Regular,FDQ51,Meat,2020,OUT017,Tier 2,Medium,Supermarket Type1,0,16,48.17179871,4
Regular,FDL03,Meat,2020,OUT017,Tier 2,Medium,Supermarket Type1,0.027233781,19.25,197.5110016,4
Regular,FDG33,Seafood,2020,OUT017,Tier 2,Medium,Supermarket Type1,0.14103353,5.364999771,173.6764069,4
Regular,FDE10,Snack Foods,2020,OUT017,Tier 2,Medium,Supermarket Type1,0.090456903,6.670000076,131.2626038,4
Regular,FDS33,Snack Foods,2020,OUT017,Tier 2,Medium,Supermarket Type1,0.124126755,6.670000076,88.95140076,4
Regular,FDJ34,Snack Foods,2020,OUT017,Tier 2,Medium,Supermarket Type1,0.094185486,11.80000019,126.270401,4
Regular,FDP45,Snack Foods,2020,OUT017,Tier 2,Medium,Supermarket Type1,0.03079807,15.69999981,252.9723969,4
Regular,FDM58,Snack Foods,2020,OUT017,Tier 2,Medium,Supermarket Type1,0.080141164,16.85000038,111.4543991,4
Regular,FDN22,Snack Foods,2020,OUT017,Tier 2,Medium,Supermarket Type1,0.139087677,18.85000038,251.7723999,4
Regular,DRC01,Soft Drinks,2020,OUT017,Tier 2,Medium,Supermarket Type1,0.019308606,5.920000076,49.06919861,4
Regular,DRZ11,Soft Drinks,2020,OUT017,Tier 2,Medium,Supermarket Type1,0.113302223,8.850000381,125.1388016,4
Regular,FDF11,Starchy Foods,2020,OUT017,Tier 2,Medium,Supermarket Type1,0.017730951,10.19499969,239.8538055,4
Regular,FDE23,Starchy Foods,2020,OUT017,Tier 2,Medium,Supermarket Type1,0.053481817,17.60000038,47.80599976,4
Low Fat,NCZ18,Household,2015,OUT045,Tier 2,Medium,Supermarket Type1,0.186445206,7.824999809,255.5697937,4
Regular,FDI04,Frozen Foods,2015,OUT045,Tier 2,Medium,Supermarket Type1,0.073060304,13.64999962,196.2425995,4
Regular,FDR44,Fruits and Vegetables,2015,OUT045,Tier 2,Medium,Supermarket Type1,0.10312961,6.110000134,129.5968018,4
Regular,FDF45,Fruits and Vegetables,2015,OUT045,Tier 2,Medium,Supermarket Type1,0.012229464,18.20000076,56.89039993,4
Regular,FDO22,Snack Foods,2015,OUT045,Tier 2,Medium,Supermarket Type1,0.017895691,13.5,79.4960022,4
Low Fat,NCH18,Household,2017,OUT035,Tier 2,Small,Supermarket Type1,0.044652786,9.300000191,247.0802002,4
Low Fat,FDG24,Baking Goods,2017,OUT035,Tier 2,Small,Supermarket Type1,0.014628382,7.974999905,82.32499695,4
Low Fat,FDQ12,Baking Goods,2017,OUT035,Tier 2,Small,Supermarket Type1,0.035404053,12.64999962,230.6009979,4
Low Fat,FDS47,Breads,2017,OUT035,Tier 2,Small,Supermarket Type1,0.128861353,16.75,86.28559875,4
Low Fat,FDW13,Canned,2017,OUT035,Tier 2,Small,Supermarket Type1,0.097866207,8.5,51.13240051,4
Low Fat,FDK02,Canned,2017,OUT035,Tier 2,Small,Supermarket Type1,0.112203442,12.5,121.1439972,4
Low Fat,FDJ04,Frozen Foods,2017,OUT035,Tier 2,Small,Supermarket Type1,0.124428518,18,119.9123993,4
Low Fat,FDQ16,Frozen Foods,2017,OUT035,Tier 2,Small,Supermarket Type1,0.041730508,19.70000076,109.2911987,4
Low Fat,FDX43,Fruits and Vegetables,2017,OUT035,Tier 2,Small,Supermarket Type1,0.085258864,5.65500021,165.8500061,4
Low Fat,FDV32,Fruits and Vegetables,2017,OUT035,Tier 2,Small,Supermarket Type1,0.088691615,7.784999847,61.85100174,4
Low Fat,FDK56,Fruits and Vegetables,2017,OUT035,Tier 2,Small,Supermarket Type1,0,9.694999695,185.1898041,4
Low Fat,FDE44,Fruits and Vegetables,2017,OUT035,Tier 2,Small,Supermarket Type1,0.17135565,14.64999962,47.6692009,4
Low Fat,FDY55,Fruits and Vegetables,2017,OUT035,Tier 2,Small,Supermarket Type1,0.081304826,16.75,258.4988098,4
Low Fat,FDL44,Fruits and Vegetables,2017,OUT035,Tier 2,Small,Supermarket Type1,0.012272797,18.25,160.2893982,4
Low Fat,NCS29,Health and Hygiene,2017,OUT035,Tier 2,Small,Supermarket Type1,0.069532312,9,266.5884094,4
Low Fat,NCX29,Health and Hygiene,2017,OUT035,Tier 2,Small,Supermarket Type1,0.089135669,10,146.910202,4
Low Fat,NCO29,Health and Hygiene,2017,OUT035,Tier 2,Small,Supermarket Type1,0.032250091,11.14999962,164.052597,4
Low Fat,NCO41,Health and Hygiene,2017,OUT035,Tier 2,Small,Supermarket Type1,0.018845297,12.5,96.73840332,4
Low Fat,NCY17,Health and Hygiene,2017,OUT035,Tier 2,Small,Supermarket Type1,0.163065299,18.20000076,43.30860138,4
Low Fat,NCU30,Household,2017,OUT035,Tier 2,Small,Supermarket Type1,0.034868095,5.110000134,163.8209991,4
Low Fat,NCX42,Household,2017,OUT035,Tier 2,Small,Supermarket Type1,0.005977465,6.360000134,163.3526001,4
Low Fat,NCR06,Household,2017,OUT035,Tier 2,Small,Supermarket Type1,0.00676387,12.5,40.81119919,4
Low Fat,NCQ18,Household,2017,OUT035,Tier 2,Small,Supermarket Type1,0.135047257,15.75,98.56999969,4
Low Fat,NCK07,Others,2017,OUT035,Tier 2,Small,Supermarket Type1,0.048677482,10.64999962,166.1526031,4
Low Fat,FDT58,Snack Foods,2017,OUT035,Tier 2,Small,Supermarket Type1,0.085938461,9,168.6815948,4
Low Fat,FDE22,Snack Foods,2017,OUT035,Tier 2,Small,Supermarket Type1,0.029567217,9.694999695,160.4920044,4
Low Fat,FDP46,Snack Foods,2017,OUT035,Tier 2,Small,Supermarket Type1,0.074601509,15.35000038,90.98300171,4
Low Fat,DRJ01,Soft Drinks,2017,OUT035,Tier 2,Small,Supermarket Type1,0.115010656,6.135000229,161.5236053,4
Regular,FDB36,Baking Goods,2017,OUT035,Tier 2,Small,Supermarket Type1,0.048518009,5.465000153,132.9626007,4
Regular,FDM24,Baking Goods,2017,OUT035,Tier 2,Small,Supermarket Type1,0.079312369,6.135000229,151.7366028,4
Regular,FDQ36,Baking Goods,2017,OUT035,Tier 2,Small,Supermarket Type1,0.16151689,7.855000019,37.08480072,4
Regular,FDB12,Baking Goods,2017,OUT035,Tier 2,Small,Supermarket Type1,0.105287746,11.14999962,103.264801,4
Regular,FDV60,Baking Goods,2017,OUT035,Tier 2,Small,Supermarket Type1,0.11733906,20.20000076,195.0110016,4
Regular,FDM25,Breakfast,2017,OUT035,Tier 2,Small,Supermarket Type1,0.060654268,10.69499969,174.7711945,4
Regular,FDR01,Canned,2017,OUT035,Tier 2,Small,Supermarket Type1,0.053611144,5.40500021,197.7742004,4
Regular,FDY01,Canned,2017,OUT035,Tier 2,Small,Supermarket Type1,0.170251295,11.80000019,116.4833984,4
Regular,FDB38,Canned,2017,OUT035,Tier 2,Small,Supermarket Type1,0.02734153,19.5,158.2920074,4
Regular,FDS28,Frozen Foods,2017,OUT035,Tier 2,Small,Supermarket Type1,0.082386009,8.180000305,56.65879822,4
Regular,FDT52,Frozen Foods,2017,OUT035,Tier 2,Small,Supermarket Type1,0.04742061,9.694999695,246.0144043,4
Regular,FDL28,Frozen Foods,2017,OUT035,Tier 2,Small,Supermarket Type1,0.06316261,10,228.6667938,4
Regular,FDP52,Frozen Foods,2017,OUT035,Tier 2,Small,Supermarket Type1,0,18.70000076,229.201004,4
Regular,FDH20,Fruits and Vegetables,2017,OUT035,Tier 2,Small,Supermarket Type1,0.024944397,16.10000038,95.44100189,4
Regular,FDF56,Fruits and Vegetables,2017,OUT035,Tier 2,Small,Supermarket Type1,0.119439639,16.70000076,182.1976013,4
Regular,FDU03,Meat,2017,OUT035,Tier 2,Small,Supermarket Type1,0.09156061,18.70000076,182.3291931,4
Regular,FDG33,Seafood,2017,OUT035,Tier 2,Small,Supermarket Type1,0.140213758,5.364999771,173.7763977,4
Regular,FDP22,Snack Foods,2017,OUT035,Tier 2,Small,Supermarket Type1,0.099113427,14.64999962,52.86660004,4
Regular,DRA24,Soft Drinks,2017,OUT035,Tier 2,Small,Supermarket Type1,0.039920688,19.35000038,163.386795,4
Regular,FDE11,Starchy Foods,2017,OUT035,Tier 2,Small,Supermarket Type1,0,17.70000076,183.5924072,4
Low Fat,NCE07,Household,2017,OUT035,Tier 2,Small,Supermarket Type1,0.013127548,8.180000305,142.0153961,4
Low Fat,FDH21,Seafood,2011,OUT010,Tier 3,Medium,Grocery Store,0.052264269,10.39500046,158.4604034,4
Low Fat,DRD37,Soft Drinks,2011,OUT010,Tier 3,Medium,Grocery Store,0.02316823,9.800000191,47.50600052,4
Low Fat,FDZ12,Baking Goods,2011,OUT010,Tier 3,Medium,Grocery Store,0.172365427,9.170000076,144.8470001,4
Low Fat,FDO24,Baking Goods,2011,OUT010,Tier 3,Medium,Grocery Store,0.294948906,11.10000038,159.0603943,4
Low Fat,FDT36,Baking Goods,2011,OUT010,Tier 3,Medium,Grocery Store,0.186250851,12.30000019,37.28739929,4
Low Fat,FDN01,Breakfast,2011,OUT010,Tier 3,Medium,Grocery Store,0.121180706,8.895000458,177.0370026,4
Low Fat,FDO25,Canned,2011,OUT010,Tier 3,Medium,Grocery Store,0.213323548,6.300000191,208.5269928,4
Low Fat,FDS13,Canned,2011,OUT010,Tier 3,Medium,Grocery Store,0.208397716,6.465000153,265.2883911,4
Low Fat,FDK02,Canned,2011,OUT010,Tier 3,Medium,Grocery Store,0.187841088,12.5,119.2440033,4
Low Fat,FDD02,Canned,2011,OUT010,Tier 3,Medium,Grocery Store,0.084176823,16.60000038,118.0123978,4
Low Fat,FDA49,Canned,2011,OUT010,Tier 3,Medium,Grocery Store,0.10866572,19.70000076,86.4197998,4
Low Fat,DRD15,Dairy,2011,OUT010,Tier 3,Medium,Grocery Store,0.095064729,10.60000038,232.4642029,4
Low Fat,FDS26,Dairy,2011,OUT010,Tier 3,Medium,Grocery Store,0.149753138,20.35000038,259.7593994,4
Low Fat,FDE16,Frozen Foods,2011,OUT010,Tier 3,Medium,Grocery Store,0.044093978,8.895000458,208.395401,4
Low Fat,NCV41,Health and Hygiene,2011,OUT010,Tier 3,Medium,Grocery Store,0.028519418,14.35000038,109.2228012,4
Low Fat,NCA18,Household,2011,OUT010,Tier 3,Medium,Grocery Store,0.093862362,10.10000038,115.9492035,4
Low Fat,NCD31,Household,2011,OUT010,Tier 3,Medium,Grocery Store,0.025834128,12.10000038,165.1526031,4
Low Fat,NCH07,Household,2011,OUT010,Tier 3,Medium,Grocery Store,0.155105621,13.14999962,157.2604065,4
Low Fat,NCI54,Household,2011,OUT010,Tier 3,Medium,Grocery Store,0.056237906,15.19999981,110.7911987,4
Low Fat,FDA39,Meat,2011,OUT010,Tier 3,High,Grocery Store,0.021287235,6.320000172,38.5821991,4
Low Fat,FDK22,Snack Foods,2011,OUT010,Tier 3,High,Grocery Store,0.043663453,9.800000191,217.1849976,4
Low Fat,FDZ33,Snack Foods,2011,OUT010,Tier 3,High,Grocery Store,0,10.19499969,147.2075958,4
Low Fat,FDZ10,Snack Foods,2011,OUT010,Tier 3,High,Grocery Store,0.074422769,17.85000038,128.0019989,4
Low Fat,FDM34,Snack Foods,2011,OUT010,Tier 3,High,Grocery Store,0.11289341,19,131.0626068,4
Low Fat,FDS10,Snack Foods,2011,OUT010,Tier 3,High,Grocery Store,0.058893461,19.20000076,178.9317932,4
Low Fat,DRF36,Soft Drinks,2011,OUT010,Tier 3,High,Grocery Store,0.039463565,16.10000038,189.9846039,4
Regular,FDL13,Breakfast,2011,OUT010,Tier 3,High,Grocery Store,0.094265737,13.85000038,233.9299927,4
Regular,FDY02,Dairy,2011,OUT010,Tier 3,High,Grocery Store,0.146701306,8.944999695,262.2909851,4
Regular,FDH40,Frozen Foods,2011,OUT010,Tier 3,High,Grocery Store,0.132111922,11.60000038,82.2276001,4
Regular,FDW19,Fruits and Vegetables,2011,OUT010,Tier 3,High,Grocery Store,0.064441815,12.35000038,110.9570007,4
Regular,FDE33,Fruits and Vegetables,2011,OUT010,Tier 3,High,Grocery Store,0.083079822,19.35000038,80.36440277,4
Regular,FDU15,Meat,2011,OUT010,Tier 3,High,Grocery Store,0.044526443,13.64999962,37.95320129,4
Regular,FDR27,Meat,2011,OUT010,Tier 3,High,Grocery Store,0.160852417,15.10000038,131.3941956,4
Regular,FDI21,Snack Foods,2011,OUT010,Tier 3,High,Grocery Store,0.094741516,5.590000153,63.1167984,4
Regular,FDL58,Snack Foods,2011,OUT010,Tier 3,High,Grocery Store,0.124110349,5.78000021,262.3568115,4
Regular,DRB13,Soft Drinks,2011,OUT010,Tier 3,Small,Grocery Store,0.01179078,6.114999771,189.0529938,4
Regular,DRB48,Soft Drinks,2011,OUT010,Tier 3,Small,Grocery Store,0.041599642,16.75,40.98220062,4
Regular,FDQ19,Fruits and Vegetables,2011,OUT010,Tier 3,Small,Grocery Store,0.024044279,7.349999905,241.0511932,4
Low Fat,FDT48,Baking Goods,2000,OUT013,Tier 3,High,Supermarket Type1,0.045916788,4.920000076,198.8083954,4
Low Fat,FDW25,Canned,2000,OUT013,Tier 3,High,Supermarket Type1,0.037367828,5.175000191,86.92240143,4
Low Fat,FDW01,Canned,2000,OUT013,Tier 3,High,Supermarket Type1,0,14.5,154.4682007,4
Low Fat,FDD57,Fruits and Vegetables,2000,OUT013,Tier 3,High,Supermarket Type1,0.022380952,18.10000038,93.60939789,4
Low Fat,FDD35,Starchy Foods,2000,OUT013,Tier 3,High,Supermarket Type1,0.025842905,12.14999962,119.8440018,4
Low Fat,FDB60,Baking Goods,2000,OUT013,Tier 3,High,Supermarket Type1,0.028498353,9.300000191,195.8135986,4
Low Fat,FDR60,Baking Goods,2000,OUT013,Tier 3,High,Supermarket Type1,0.130306587,14.30000019,75.73280334,4
Low Fat,FDU59,Breads,2000,OUT013,Tier 3,High,Supermarket Type1,0.096306019,5.78000021,161.9552002,4
Low Fat,FDP23,Breads,2000,OUT013,Tier 3,High,Supermarket Type1,0,6.710000038,218.9165955,4
Low Fat,FDU23,Breads,2000,OUT013,Tier 3,High,Supermarket Type1,0.021705417,12.14999962,163.5184021,4
Low Fat,FDC39,Dairy,2000,OUT013,Tier 3,High,Supermarket Type1,0.159062952,7.40500021,208.9295959,4
Low Fat,FDV50,Dairy,2000,OUT013,Tier 3,High,Supermarket Type1,0.122469209,14.30000019,121.9729996,4
Low Fat,FDF52,Frozen Foods,2000,OUT013,Tier 3,High,Supermarket Type1,0.06672772,9.300000191,181.6291962,4
Low Fat,FDL04,Frozen Foods,2000,OUT013,Tier 3,High,Supermarket Type1,0.111830279,19,105.4621964,4
Low Fat,FDS55,Fruits and Vegetables,2000,OUT013,Tier 3,High,Supermarket Type1,0.081096634,7.019999981,148.4734039,4
Low Fat,FDB20,Fruits and Vegetables,2000,OUT013,Tier 3,High,Supermarket Type1,0.051937409,7.71999979,77.99859619,4
Low Fat,FDW08,Fruits and Vegetables,2000,OUT013,Tier 3,High,Supermarket Type1,0.14825809,12.10000038,108.4280014,4
Low Fat,FDL56,Fruits and Vegetables,2000,OUT013,Tier 3,High,Supermarket Type1,0.125675932,14.10000038,86.9197998,4
Low Fat,FDI20,Fruits and Vegetables,2000,OUT013,Tier 3,High,Supermarket Type1,0.038531668,19.10000038,210.6585999,4
Low Fat,FDA44,Fruits and Vegetables,2000,OUT013,Tier 3,High,Supermarket Type1,0.053178426,19.70000076,55.99300003,4
Low Fat,DRH11,Hard Drinks,2000,OUT013,Tier 3,High,Supermarket Type1,0.075495087,5.980000019,55.3614006,4
Low Fat,DRI47,Hard Drinks,2000,OUT013,Tier 3,High,Supermarket Type1,0.02090277,14.69999981,144.5128021,4
Low Fat,DRJ47,Hard Drinks,2000,OUT013,Tier 3,High,Supermarket Type1,0.044213481,18.25,173.4080048,4
Low Fat,NCL53,Health and Hygiene,2000,OUT013,Tier 3,High,Supermarket Type1,0.036204763,7.5,176.1027985,4
Low Fat,NCM17,Health and Hygiene,2000,OUT013,Tier 3,High,Supermarket Type1,0.071076669,7.929999828,44.90859985,4
Low Fat,NCV53,Health and Hygiene,2000,OUT013,Tier 3,High,Supermarket Type1,0.018797945,8.270000458,241.2879944,4
Low Fat,NCQ17,Health and Hygiene,2000,OUT013,Tier 3,High,Supermarket Type1,0,10.30000019,154.6629944,4
Low Fat,NCN17,Health and Hygiene,2000,OUT013,Tier 3,High,Supermarket Type1,0.054893311,11,101.9357986,4
Low Fat,NCY17,Health and Hygiene,2000,OUT013,Tier 3,High,Supermarket Type1,0.16296041,18.20000076,43.50859833,4
Low Fat,NCK06,Household,2000,OUT013,Tier 3,High,Supermarket Type1,0.008639333,5.03000021,122.2755966,4
Low Fat,NCH18,Household,2000,OUT013,Tier 3,High,Supermarket Type1,0.044624064,9.300000191,245.4801941,4
Low Fat,NCA18,Household,2000,OUT013,Tier 3,High,Supermarket Type1,0.056030907,10.10000038,115.1492004,4
Low Fat,NCR06,Household,2000,OUT013,Tier 3,High,Supermarket Type1,0.006759519,12.5,42.81119919,4
Low Fat,NCQ18,Household,2000,OUT013,Tier 3,High,Supermarket Type1,0.134960398,15.75,101.3700027,4
Low Fat,NCU06,Household,2000,OUT013,Tier 3,High,Supermarket Type1,0.074345142,17.60000038,230.901001,4
Low Fat,NCR50,Household,2000,OUT013,Tier 3,High,Supermarket Type1,0.01181025,20.20000076,154.6340027,4
Low Fat,FDH58,Snack Foods,2000,OUT013,Tier 3,High,Supermarket Type1,0.036908932,12.30000019,115.9833984,4
Low Fat,FDR09,Snack Foods,2000,OUT013,Tier 3,High,Supermarket Type1,0.07765992,18.25,260.2962036,4
Low Fat,DRE13,Soft Drinks,2000,OUT013,Tier 3,High,Supermarket Type1,0.027682047,6.28000021,85.51979828,4
Low Fat,DRE60,Soft Drinks,2000,OUT013,Tier 3,High,Supermarket Type1,0.159201875,9.395000458,226.0720062,4
Low Fat,DRH25,Soft Drinks,2000,OUT013,Tier 3,High,Supermarket Type1,0.014580886,18.70000076,50.23239899,4
Regular,FDW60,Baking Goods,2000,OUT013,Tier 3,High,Supermarket Type1,0.017047752,5.440000057,174.6369934,4
Regular,FDB12,Baking Goods,2000,OUT013,Tier 3,High,Supermarket Type1,0.105220027,11.14999962,102.764801,4
Regular,FDX11,Baking Goods,2000,OUT013,Tier 3,High,Supermarket Type1,0.106663242,16,179.7633972,4
Regular,FDN23,Breads,2000,OUT013,Tier 3,High,Supermarket Type1,0.075444922,6.574999809,146.0444031,4
Regular,FDT23,Breads,2000,OUT013,Tier 3,High,Supermarket Type1,0.074669287,7.71999979,76.39859772,4
Regular,FDX49,Canned,2000,OUT013,Tier 3,High,Supermarket Type1,0.101747036,4.614999771,231.3300018,4
Regular,FDZ37,Canned,2000,OUT013,Tier 3,High,Supermarket Type1,0,8.100000381,88.51979828,4
Regular,FDV37,Canned,2000,OUT013,Tier 3,High,Supermarket Type1,0.083444379,13,195.8426056,4
Regular,FDZ25,Canned,2000,OUT013,Tier 3,High,Supermarket Type1,0.027594063,15.69999981,171.1790009,4
Regular,FDC52,Dairy,2000,OUT013,Tier 3,High,Supermarket Type1,0.00827301,11.14999962,150.4707947,4
Regular,FDV16,Frozen Foods,2000,OUT013,Tier 3,High,Supermarket Type1,0.082861684,7.75,32.65579987,4
Regular,FDM04,Frozen Foods,2000,OUT013,Tier 3,High,Supermarket Type1,0.0470814,9.194999695,51.16659927,4
Regular,FDS04,Frozen Foods,2000,OUT013,Tier 3,High,Supermarket Type1,0.146540895,10.19499969,141.7837982,4
Regular,FDZ16,Frozen Foods,2000,OUT013,Tier 3,High,Supermarket Type1,0.15972282,16.85000038,194.1477966,4
Regular,FDC33,Fruits and Vegetables,2000,OUT013,Tier 3,High,Supermarket Type1,0.068880968,8.960000038,195.3768005,4
Regular,FDW31,Fruits and Vegetables,2000,OUT013,Tier 3,High,Supermarket Type1,0.043122187,11.35000038,197.9741974,4
Regular,FDW55,Fruits and Vegetables,2000,OUT013,Tier 3,High,Supermarket Type1,0.021951612,12.60000038,250.9091949,4
Regular,FDJ20,Fruits and Vegetables,2000,OUT013,Tier 3,High,Supermarket Type1,0.100091577,20.70000076,125.5388031,4
Regular,FDP03,Meat,2000,OUT013,Tier 3,High,Supermarket Type1,0.061126169,5.150000095,122.5388031,4
Regular,FDH46,Snack Foods,2000,OUT013,Tier 3,High,Supermarket Type1,0.04124793,6.934999943,101.8331985,4
Regular,FDM58,Snack Foods,2000,OUT013,Tier 3,High,Supermarket Type1,0.079624087,16.85000038,111.6544037,4
Regular,DRC36,Soft Drinks,2000,OUT013,Tier 3,High,Supermarket Type1,0,13,173.6053925,4
Regular,DRA24,Soft Drinks,2000,OUT013,Tier 3,High,Supermarket Type1,0.039895009,19.35000038,162.4868011,4
Regular,FDH47,Starchy Foods,2000,OUT013,Tier 3,High,Supermarket Type1,0.128709018,13.5,96.10679626,4
Low Fat,FDV47,Breads,2000,OUT013,Tier 3,High,Supermarket Type1,0.054162439,17.10000038,85.3565979,4
Regular,FDE35,Starchy Foods,2000,OUT013,Tier 3,High,Supermarket Type1,0.043863866,7.059999943,59.5904007,4
Low Fat,FDN01,Breakfast,2022,OUT018,Tier 3,Medium,Supermarket Type2,0.072693698,8.895000458,175.9369965,4
Low Fat,NCD31,Household,2022,OUT018,Tier 3,Medium,Supermarket Type2,0.015497337,12.10000038,165.552597,4
Low Fat,DRE37,Soft Drinks,2022,OUT018,Tier 3,Medium,Supermarket Type2,0.094603404,13.5,187.087204,4
Low Fat,FDB60,Baking Goods,2022,OUT018,Tier 3,Medium,Supermarket Type2,0.028638275,9.300000191,195.8135986,4
Low Fat,FDW48,Baking Goods,2022,OUT018,Tier 3,Medium,Supermarket Type2,0.008575615,18,80.26180267,4
Low Fat,FDT59,Breads,2022,OUT018,Tier 3,Medium,Supermarket Type2,0.015976248,13.64999962,230.2667999,4
Low Fat,FDS01,Canned,2022,OUT018,Tier 3,Medium,Supermarket Type2,0.017817285,11.60000038,177.0686035,4
Low Fat,FDG26,Canned,2022,OUT018,Tier 3,Medium,Supermarket Type2,0.04282359,18.85000038,254.4329987,4
Low Fat,FDQ14,Dairy,2022,OUT018,Tier 3,Medium,Supermarket Type2,0.062038984,9.270000458,148.0050049,4
Low Fat,FDV50,Dairy,2022,OUT018,Tier 3,Medium,Supermarket Type2,0.123070516,14.30000019,121.1729965,4
Low Fat,DRF51,Dairy,2022,OUT018,Tier 3,Medium,Supermarket Type2,0.166513786,15.75,38.05059814,4
Low Fat,FDB52,Dairy,2022,OUT018,Tier 3,Medium,Supermarket Type2,0.030559583,17.75,257.4671936,4
Low Fat,FDX28,Frozen Foods,2022,OUT018,Tier 3,Medium,Supermarket Type2,0.125688046,6.324999809,100.9041977,4
Low Fat,FDK40,Frozen Foods,2022,OUT018,Tier 3,Medium,Supermarket Type2,0.021938404,7.034999847,264.6910095,4
Low Fat,FDU40,Frozen Foods,2022,OUT018,Tier 3,Medium,Supermarket Type2,0.037556343,20.85000038,195.3477936,4
Low Fat,FDX43,Fruits and Vegetables,2022,OUT018,Tier 3,Medium,Supermarket Type2,0.085622363,5.65500021,167.25,4
Low Fat,FDY31,Fruits and Vegetables,2022,OUT018,Tier 3,Medium,Supermarket Type2,0.04374031,5.980000019,145.3417969,4
Low Fat,FDV07,Fruits and Vegetables,2022,OUT018,Tier 3,Medium,Supermarket Type2,0.031410377,9.5,110.3227997,4
Low Fat,FDU08,Fruits and Vegetables,2022,OUT018,Tier 3,Medium,Supermarket Type2,0.02742669,10.30000019,97.30419922,4
Low Fat,FDC20,Fruits and Vegetables,2022,OUT018,Tier 3,Medium,Supermarket Type2,0.024069114,10.64999962,56.22719955,4
Low Fat,FDH57,Fruits and Vegetables,2022,OUT018,Tier 3,Medium,Supermarket Type2,0.035893142,10.89500046,131.3283997,4
Low Fat,FDX08,Fruits and Vegetables,2022,OUT018,Tier 3,Medium,Supermarket Type2,0.022696132,12.85000038,179.9317932,4
Low Fat,FDY43,Fruits and Vegetables,2022,OUT018,Tier 3,Medium,Supermarket Type2,0.098803088,14.85000038,169.747406,4
Low Fat,FDL44,Fruits and Vegetables,2022,OUT018,Tier 3,Medium,Supermarket Type2,0.012325122,18.25,162.8894043,4
Low Fat,FDP20,Fruits and Vegetables,2022,OUT018,Tier 3,Medium,Supermarket Type2,0.045855273,19.85000038,127.1019974,4
Low Fat,FDE32,Fruits and Vegetables,2022,OUT018,Tier 3,Medium,Supermarket Type2,0.048957534,20.70000076,37.8506012,4
Low Fat,NCN41,Health and Hygiene,2022,OUT018,Tier 3,Medium,Supermarket Type2,0.05242198,17,123.7730026,4
Low Fat,NCZ18,Household,2022,OUT018,Tier 3,Medium,Supermarket Type2,0.186825827,7.824999809,253.5697937,4
Low Fat,NCF30,Household,2022,OUT018,Tier 3,Medium,Supermarket Type2,0.126758322,17,124.5362015,4
Low Fat,NCT06,Household,2022,OUT018,Tier 3,Medium,Supermarket Type2,0,17.10000038,167.084198,4
Low Fat,NCJ42,Household,2022,OUT018,Tier 3,Medium,Supermarket Type2,0.014359584,19.75,100.8331985,4
Low Fat,FDS03,Meat,2022,OUT018,Tier 3,Medium,Supermarket Type2,0.079952985,7.824999809,62.7826004,4
Low Fat,FDV51,Meat,2022,OUT018,Tier 3,Medium,Supermarket Type2,0.032671448,16.35000038,165.4842072,4
Low Fat,NCN55,Others,2022,OUT018,Tier 3,Medium,Supermarket Type2,0.059732843,14.60000038,241.2537994,4
Low Fat,NCJ19,Others,2022,OUT018,Tier 3,Medium,Supermarket Type2,0.118661426,18.60000038,58.75880051,4
Low Fat,FDL10,Snack Foods,2022,OUT018,Tier 3,Medium,Supermarket Type2,0.039653081,8.395000458,99.5042038,4
Low Fat,FDX09,Snack Foods,2022,OUT018,Tier 3,Medium,Supermarket Type2,0.065515064,9,178.1369934,4
Low Fat,FDT34,Snack Foods,2022,OUT018,Tier 3,Medium,Supermarket Type2,0.175060511,9.300000191,106.796402,4
Low Fat,FDK33,Snack Foods,2022,OUT018,Tier 3,Medium,Supermarket Type2,0.011281018,17.85000038,213.7559967,4
Low Fat,DRI13,Soft Drinks,2022,OUT018,Tier 3,Medium,Supermarket Type2,0.020409765,15.35000038,218.3507996,4
Regular,FDQ11,Breads,2022,OUT018,Tier 3,Medium,Supermarket Type2,0.067976713,5.695000172,257.4988098,4
Regular,FDZ35,Breads,2022,OUT018,Tier 3,Medium,Supermarket Type2,0.02236923,9.600000381,104.7990036,4
Regular,FDM01,Breakfast,2022,OUT018,Tier 3,Medium,Supermarket Type2,0.094952404,7.894999981,101.1332016,4
Regular,FDN38,Canned,2022,OUT018,Tier 3,Medium,Supermarket Type2,0.092346512,6.614999771,251.8408051,4
Regular,FDV13,Canned,2022,OUT018,Tier 3,Medium,Supermarket Type2,0.027723342,17.35000038,89.68560028,4
Regular,FDV01,Canned,2022,OUT018,Tier 3,Medium,Supermarket Type2,0.085296623,19.20000076,153.4313965,4
Regular,FDB38,Canned,2022,OUT018,Tier 3,Medium,Supermarket Type2,0.0274581,19.5,158.7920074,4
Regular,FDW14,Dairy,2022,OUT018,Tier 3,Medium,Supermarket Type2,0.038367193,8.300000191,87.11979675,4
Regular,FDB03,Dairy,2022,OUT018,Tier 3,Medium,Supermarket Type2,0.157470688,17.75,239.1537933,4
Regular,FDT52,Frozen Foods,2022,OUT018,Tier 3,Medium,Supermarket Type2,0.047622785,9.694999695,246.2144012,4
Regular,FDR44,Fruits and Vegetables,2022,OUT018,Tier 3,Medium,Supermarket Type2,0.103340141,6.110000134,131.2967987,4
Regular,FDO56,Fruits and Vegetables,2022,OUT018,Tier 3,Medium,Supermarket Type2,0.045165796,10.19499969,118.4807968,4
Regular,FDD21,Fruits and Vegetables,2022,OUT018,Tier 3,Medium,Supermarket Type2,0.030693756,10.30000019,114.217598,4
Regular,FDQ55,Fruits and Vegetables,2022,OUT018,Tier 3,Medium,Supermarket Type2,0.013091186,13.64999962,114.8834,4
Regular,FDY56,Fruits and Vegetables,2022,OUT018,Tier 3,Medium,Supermarket Type2,0.062665641,16.35000038,225.6062012,4
Regular,FDX56,Fruits and Vegetables,2022,OUT018,Tier 3,Medium,Supermarket Type2,0.07436116,17.10000038,206.1638031,4
Regular,FDW39,Meat,2022,OUT018,Tier 3,Medium,Supermarket Type2,0.037060756,6.690000057,176.8370056,4
Regular,FDZ57,Snack Foods,2022,OUT018,Tier 3,Medium,Supermarket Type2,0.037918143,10,129.6994019,4
Regular,FDO21,Snack Foods,2022,OUT018,Tier 3,Medium,Supermarket Type2,0.009802791,11.60000038,223.0404053,4
Regular,FDY22,Snack Foods,2022,OUT018,Tier 3,Medium,Supermarket Type2,0.160371304,16.5,143.912796,4
Low Fat,DRK11,Hard Drinks,2022,OUT018,Tier 3,Medium,Supermarket Type2,0.010808272,8.210000038,150.5391998,4
Low Fat,FDU23,Breads,1998,OUT027,Tier 3,Medium,Supermarket Type3,0.021618297,12.85764534,167.1183929,4
Low Fat,DRC49,Soft Drinks,1998,OUT027,Tier 3,Medium,Supermarket Type3,0.065119699,12.85764534,145.7127991,4
Low Fat,FDK36,Baking Goods,1998,OUT027,Tier 3,Medium,Supermarket Type3,0.007180374,12.85764534,47.40340042,4
Low Fat,FDO24,Baking Goods,1998,OUT027,Tier 3,Medium,Supermarket Type3,0.175362334,12.85764534,158.9604034,4
Low Fat,FDT36,Baking Goods,1998,OUT027,Tier 3,Medium,Supermarket Type3,0.110735737,12.85764534,35.28739929,4
Low Fat,FDV36,Baking Goods,1998,OUT027,Tier 3,Medium,Supermarket Type3,0.026174637,12.85764534,127.1019974,4
Low Fat,FDP23,Breads,1998,OUT027,Tier 3,Medium,Supermarket Type3,0.035414528,12.85764534,218.2165985,4
Low Fat,FDU11,Breads,1998,OUT027,Tier 3,Medium,Supermarket Type3,0.092145264,12.85764534,120.7098007,4
Low Fat,FDU35,Breads,1998,OUT027,Tier 3,Medium,Supermarket Type3,0.078831762,12.85764534,98.97000122,4
Low Fat,FDU59,Breads,1998,OUT027,Tier 3,Medium,Supermarket Type3,0.095919475,12.85764534,162.6551971,4
Low Fat,FDR14,Dairy,1998,OUT027,Tier 3,Medium,Supermarket Type3,0.173206195,12.85764534,53.32979965,4
Low Fat,FDU14,Dairy,1998,OUT027,Tier 3,Medium,Supermarket Type3,0.034584355,12.85764534,248.375,4
Low Fat,FDA16,Frozen Foods,1998,OUT027,Tier 3,Medium,Supermarket Type3,0.033777628,12.85764534,222.8455963,4
Low Fat,FDF52,Frozen Foods,1998,OUT027,Tier 3,Medium,Supermarket Type3,0.066459894,12.85764534,184.2292023,4
Low Fat,FDG29,Frozen Foods,1998,OUT027,Tier 3,Medium,Supermarket Type3,0.056019325,12.85764534,40.04539871,4
Low Fat,FDG52,Frozen Foods,1998,OUT027,Tier 3,Medium,Supermarket Type3,0.065313026,12.85764534,47.14020157,4
Low Fat,FDA56,Fruits and Vegetables,1998,OUT027,Tier 3,Medium,Supermarket Type3,0.008722342,12.85764534,123.5413971,4
Low Fat,FDQ56,Fruits and Vegetables,1998,OUT027,Tier 3,Medium,Supermarket Type3,0.105085954,12.85764534,82.39080048,4
Low Fat,FDZ20,Fruits and Vegetables,1998,OUT027,Tier 3,Medium,Supermarket Type3,0,12.85764534,253.0355988,4
Low Fat,NCO05,Health and Hygiene,1998,OUT027,Tier 3,Medium,Supermarket Type3,0.046333984,12.85764534,97.23840332,4
Low Fat,NCT29,Health and Hygiene,1998,OUT027,Tier 3,Medium,Supermarket Type3,0.063800268,12.85764534,123.0413971,4
Low Fat,NCJ42,Household,1998,OUT027,Tier 3,Medium,Supermarket Type3,0.014232071,12.85764534,100.933197,4
Low Fat,NCL30,Household,1998,OUT027,Tier 3,Medium,Supermarket Type3,0.048703432,12.85764534,125.9336014,4
Low Fat,NCO06,Household,1998,OUT027,Tier 3,Medium,Supermarket Type3,0.107507288,12.85764534,34.85580063,4
Low Fat,FDS39,Meat,1998,OUT027,Tier 3,Medium,Supermarket Type3,0.022351809,12.85764534,143.7812042,4
Low Fat,NCN14,Others,1998,OUT027,Tier 3,Medium,Supermarket Type3,0.09147267,12.85764534,184.6607971,4
Low Fat,FDH21,Seafood,1998,OUT027,Tier 3,Medium,Supermarket Type3,0.031073803,12.85764534,157.5603943,4
Low Fat,FDC58,Snack Foods,1998,OUT027,Tier 3,Medium,Supermarket Type3,0,12.85764534,45.74280167,4
Low Fat,FDM34,Snack Foods,1998,OUT027,Tier 3,Medium,Supermarket Type3,0.067120954,12.85764534,132.9626007,4
Low Fat,FDO34,Snack Foods,1998,OUT027,Tier 3,Medium,Supermarket Type3,0.029793955,12.85764534,167.281601,4
Low Fat,FDT21,Snack Foods,1998,OUT027,Tier 3,Medium,Supermarket Type3,0,12.85764534,248.8092041,4
Low Fat,DRM48,Soft Drinks,1998,OUT027,Tier 3,Medium,Supermarket Type3,0.112349965,12.85764534,39.18479919,4
Low Fat,DRZ24,Soft Drinks,1998,OUT027,Tier 3,Medium,Supermarket Type3,0,12.85764534,121.0439987,4
Regular,FDQ48,Baking Goods,1998,OUT027,Tier 3,Medium,Supermarket Type3,0.034244601,12.85764534,97.27259827,4
Regular,FDY60,Baking Goods,1998,OUT027,Tier 3,Medium,Supermarket Type3,0.02624324,12.85764534,143.8128052,4
Regular,FDX47,Breads,1998,OUT027,Tier 3,Medium,Supermarket Type3,0.03443677,12.85764534,156.5287933,4
Regular,FDG38,Canned,1998,OUT027,Tier 3,Medium,Supermarket Type3,0.052473798,12.85764534,83.62239838,4
Regular,FDQ25,Canned,1998,OUT027,Tier 3,Medium,Supermarket Type3,0.028139761,12.85764534,173.7422028,4
Regular,FDF40,Dairy,1998,OUT027,Tier 3,Medium,Supermarket Type3,0.022403117,12.85764534,250.9091949,4
Regular,FDU50,Dairy,1998,OUT027,Tier 3,Medium,Supermarket Type3,0.074806198,12.85764534,112.9176025,4
Regular,FDG05,Frozen Foods,1998,OUT027,Tier 3,Medium,Supermarket Type3,0.087421738,12.85764534,154.4629974,4
Regular,FDT16,Frozen Foods,1998,OUT027,Tier 3,Medium,Supermarket Type3,0.048426706,12.85764534,258.7278137,4
Regular,FDV04,Frozen Foods,1998,OUT027,Tier 3,Medium,Supermarket Type3,0.149288774,12.85764534,158.4288025,4
Regular,FDY16,Frozen Foods,1998,OUT027,Tier 3,Medium,Supermarket Type3,0.091780141,12.85764534,182.5265961,4
Regular,FDB57,Fruits and Vegetables,1998,OUT027,Tier 3,Medium,Supermarket Type3,0.018714041,12.85764534,223.4772034,4
Regular,FDC08,Fruits and Vegetables,1998,OUT027,Tier 3,Medium,Supermarket Type3,0.102949031,12.85764534,225.2720032,4
Regular,FDK08,Fruits and Vegetables,1998,OUT027,Tier 3,Medium,Supermarket Type3,0.121712461,12.85764534,101.2015991,4
Regular,FDN08,Fruits and Vegetables,1998,OUT027,Tier 3,Medium,Supermarket Type3,0.087936752,12.85764534,115.9466019,4
Regular,FDQ19,Fruits and Vegetables,1998,OUT027,Tier 3,Medium,Supermarket Type3,0.014295564,12.85764534,242.6511993,4
Regular,FDU43,Fruits and Vegetables,1998,OUT027,Tier 3,Medium,Supermarket Type3,0.057762302,12.85764534,237.3563995,4
Regular,FDW55,Fruits and Vegetables,1998,OUT027,Tier 3,Medium,Supermarket Type3,0.021863505,12.85764534,247.009201,4
Regular,FDZ31,Fruits and Vegetables,1998,OUT027,Tier 3,Medium,Supermarket Type3,0.112668961,12.85764534,191.0503998,4
Regular,FDH31,Meat,1998,OUT027,Tier 3,Medium,Supermarket Type3,0.020312315,12.85764534,98.10420227,4
Regular,FDO39,Meat,1998,OUT027,Tier 3,Medium,Supermarket Type3,0.136701673,12.85764534,182.1607971,4
Regular,FDQ51,Meat,1998,OUT027,Tier 3,Medium,Supermarket Type3,0.017466284,12.85764534,45.47180176,4
Regular,FDZ51,Meat,1998,OUT027,Tier 3,Medium,Supermarket Type3,0.054288644,12.85764534,96.60939789,4
Regular,FDL09,Snack Foods,1998,OUT027,Tier 3,Medium,Supermarket Type3,0.127416044,12.85764534,167.4815979,4
Regular,FDO09,Snack Foods,1998,OUT027,Tier 3,Medium,Supermarket Type3,0.124668024,12.85764534,261.0910034,4
Regular,FDO45,Snack Foods,1998,OUT027,Tier 3,Medium,Supermarket Type3,0.03776899,12.85764534,88.58560181,4
Regular,FDP45,Snack Foods,1998,OUT027,Tier 3,Medium,Supermarket Type3,0.03047654,12.85764534,252.2723999,4
Regular,DRA59,Soft Drinks,1998,OUT027,Tier 3,Medium,Supermarket Type3,0.127308428,12.85764534,186.6923981,4
Regular,FDB23,Starchy Foods,1998,OUT027,Tier 3,Medium,Supermarket Type3,0.005561538,12.85764534,224.0061951,4
Regular,FDE11,Starchy Foods,1998,OUT027,Tier 3,Medium,Supermarket Type3,0.134441763,12.85764534,183.9924011,4
Low Fat,FDU02,Dairy,2017,OUT035,Tier 2,Small,Supermarket Type1,0.102492116,13.35000038,230.535202,3.900000095
Low Fat,NCB30,Household,2017,OUT035,Tier 2,Small,Supermarket Type1,0.025698135,14.60000038,196.5084076,3.900000095
Low Fat,FDC37,Baking Goods,1998,OUT019,Tier 1,Small,Grocery Store,0.057556998,12.85764534,107.6938019,3.900000095
Low Fat,DRH01,Soft Drinks,2010,OUT046,Tier 1,Small,Supermarket Type1,0.097904027,17.5,174.8737946,3.900000095
Regular,FDV20,Fruits and Vegetables,1998,OUT027,Tier 3,Medium,Supermarket Type3,0.059511811,12.85764534,128.0677948,3.900000095
Low Fat,FDM39,Dairy,2011,OUT010,Tier 3,Small,Grocery Store,0.08949893,6.420000076,178.1002045,3.900000095
Low Fat,NCP05,Health and Hygiene,2015,OUT045,Tier 2,Small,Supermarket Type1,0,19.60000038,153.3023987,3.900000095
Low Fat,NCX54,Household,2015,OUT045,Tier 2,Small,Supermarket Type1,0.048157338,9.194999695,106.1622009,3.900000095
Low Fat,FDH19,Meat,2017,OUT035,Tier 2,Small,Supermarket Type1,0.033082213,19.35000038,172.5738068,3.900000095
Low Fat,FDV25,Canned,2015,OUT045,Tier 2,Small,Supermarket Type1,0,5.90500021,222.5455933,3.900000095
Low Fat,FDD58,Snack Foods,2010,OUT046,Tier 1,Small,Supermarket Type1,0.059352241,7.760000229,101.8700027,3.900000095
Low Fat,FDV45,Snack Foods,2022,OUT018,Tier 3,Medium,Supermarket Type2,0.045230944,16.75,187.9555969,3.900000095
Low Fat,FDL40,Frozen Foods,2017,OUT035,Tier 2,Small,Supermarket Type1,0.01161096,17.70000076,95.04100037,3.900000095
Low Fat,FDX44,Fruits and Vegetables,2020,OUT017,Tier 2,Small,Supermarket Type1,0.043209583,9.300000191,90.81719971,3.900000095
Low Fat,NCC30,Household,2012,OUT049,Tier 1,Medium,Supermarket Type1,0.027622076,16.60000038,177.6343994,3.900000095
Regular,FDS31,Fruits and Vegetables,2000,OUT013,Tier 3,High,Supermarket Type1,0.044155598,13.10000038,178.8318024,3.900000095
Low Fat,FDV39,Meat,2015,OUT045,Tier 2,Small,Supermarket Type1,0.007294652,11.30000019,198.1425934,3.900000095
Low Fat,DRF36,Soft Drinks,2015,OUT045,Tier 2,Small,Supermarket Type1,0.023625113,16.10000038,189.3845978,3.900000095
Low Fat,FDZ10,Snack Foods,1998,OUT027,Tier 3,Medium,Supermarket Type3,0.044248175,12.85764534,126.2020035,3.900000095
Low Fat,FDK36,Baking Goods,2017,OUT035,Tier 2,Small,Supermarket Type1,0.00721395,7.090000153,47.90340042,3.900000095
Regular,FDV20,Fruits and Vegetables,1998,OUT019,Tier 1,Small,Grocery Store,0.104704536,12.85764534,125.2677994,3.900000095
Low Fat,NCJ29,Health and Hygiene,2015,OUT045,Tier 2,Small,Supermarket Type1,0.035264298,10.60000038,86.12239838,3.900000095
Regular,FDW07,Fruits and Vegetables,2015,OUT045,Tier 2,Small,Supermarket Type1,0.142978221,18,87.45140076,3.900000095
Low Fat,NCR05,Health and Hygiene,2010,OUT046,Tier 1,Small,Supermarket Type1,0.054630835,10.10000038,200.2084045,3.900000095
Low Fat,FDW28,Frozen Foods,2010,OUT046,Tier 1,Small,Supermarket Type1,0,18.25,196.8451996,3.900000095
Low Fat,FDP32,Fruits and Vegetables,2017,OUT035,Tier 2,Small,Supermarket Type1,0.087652907,6.650000095,128.8677979,3.900000095
Low Fat,FDU04,Frozen Foods,2022,OUT018,Tier 3,Medium,Supermarket Type2,0,7.929999828,123.2414017,3.900000095
Regular,FDT01,Canned,2015,OUT045,Tier 2,Medium,Supermarket Type1,0.184541211,13.64999962,211.5901947,3.900000095
Low Fat,NCR38,Household,2020,OUT017,Tier 2,Medium,Supermarket Type1,0.114160575,17.25,253.1723938,3.900000095
Low Fat,FDF14,Canned,2012,OUT049,Tier 1,Medium,Supermarket Type1,0.027212057,7.550000191,152.7339935,3.900000095
Regular,FDX57,Snack Foods,2011,OUT010,Tier 3,Medium,Grocery Store,0.079113945,17.25,99.20680237,3.900000095
Low Fat,DRI39,Dairy,2011,OUT010,Tier 3,Medium,Grocery Store,0.162462041,13.80000019,55.89300156,3.900000095
Low Fat,FDU11,Breads,2015,OUT045,Tier 2,Medium,Supermarket Type1,0.092781432,4.784999847,119.7098007,3.900000095
Low Fat,NCP50,Others,2000,OUT013,Tier 3,High,Supermarket Type1,0.020542737,17.35000038,80.5617981,3.900000095
Regular,FDT10,Snack Foods,2010,OUT046,Tier 1,Small,Supermarket Type1,0.062044505,16.70000076,57.45619965,3.900000095
Low Fat,FDX26,Dairy,2011,OUT010,Tier 3,Medium,Grocery Store,0.146973461,17.70000076,184.1291962,3.900000095
Low Fat,FDY27,Dairy,2022,OUT018,Tier 3,Medium,Supermarket Type2,0.032028116,6.380000114,178.3343964,3.900000095
Regular,FDL32,Fruits and Vegetables,2012,OUT049,Tier 1,Medium,Supermarket Type1,0.122657336,15.69999981,110.1544037,3.900000095
Regular,FDR27,Meat,2020,OUT017,Tier 2,Medium,Supermarket Type1,0.096644014,15.10000038,131.9942017,3.900000095
Regular,FDX39,Meat,2012,OUT049,Tier 1,Medium,Supermarket Type1,0.04975339,14.30000019,210.3585968,3.900000095
Regular,FDF21,Fruits and Vegetables,2011,OUT010,Tier 3,Medium,Grocery Store,0.098464981,10.30000019,188.6529999,3.900000095
Low Fat,FDU40,Frozen Foods,2000,OUT013,Tier 3,High,Supermarket Type1,0.037372846,20.85000038,192.7478027,3.900000095
Low Fat,DRL37,Soft Drinks,2017,OUT035,Tier 2,Small,Supermarket Type1,0.053362086,15.5,41.57699966,3.900000095
Low Fat,FDB39,Dairy,2015,OUT045,Tier 2,Medium,Supermarket Type1,0.038597077,11.60000038,57.92720032,3.900000095
Low Fat,FDU23,Breads,2012,OUT049,Tier 1,Medium,Supermarket Type1,0.021757269,12.14999962,165.0184021,3.900000095
Low Fat,FDM28,Frozen Foods,2012,OUT049,Tier 1,Medium,Supermarket Type1,0.045274135,15.69999981,177.9660034,3.900000095
Low Fat,FDU55,Fruits and Vegetables,2012,OUT049,Tier 1,Medium,Supermarket Type1,0.035967108,16.20000076,260.3277893,3.900000095
Low Fat,DRQ35,Hard Drinks,2012,OUT049,Tier 1,Medium,Supermarket Type1,0.042357203,9.300000191,123.2388,3.900000095
Low Fat,NCL29,Health and Hygiene,2012,OUT049,Tier 1,Medium,Supermarket Type1,0.114116579,9.694999695,158.8603973,3.900000095
Low Fat,NCC31,Household,2012,OUT049,Tier 1,Medium,Supermarket Type1,0.019901356,8.020000458,157.5971985,3.900000095
Low Fat,NCX18,Household,2012,OUT049,Tier 1,Medium,Supermarket Type1,0,14.14999962,197.1109924,3.900000095
Low Fat,NCG19,Household,2012,OUT049,Tier 1,Medium,Supermarket Type1,0.148163557,20.25,232.7615967,3.900000095
Low Fat,NCO07,Others,2012,OUT049,Tier 1,Medium,Supermarket Type1,0.009791467,9.06000042,213.2559967,3.900000095
Low Fat,FDQ58,Snack Foods,2012,OUT049,Tier 1,Medium,Supermarket Type1,0.01532563,7.315000057,153.4340057,3.900000095
Low Fat,FDZ22,Snack Foods,2012,OUT049,Tier 1,Medium,Supermarket Type1,0.045340277,9.395000458,85.02500153,3.900000095
Low Fat,FDC46,Snack Foods,2012,OUT049,Tier 1,Medium,Supermarket Type1,0.116723679,17.70000076,182.4266052,3.900000095
Low Fat,DRZ24,Soft Drinks,2012,OUT049,Tier 1,Medium,Supermarket Type1,0.081914678,7.534999847,120.3440018,3.900000095
Low Fat,DRD60,Soft Drinks,2012,OUT049,Tier 1,Medium,Supermarket Type1,0.037289996,15.69999981,182.7633972,3.900000095
Regular,FDV60,Baking Goods,2012,OUT049,Tier 1,Medium,Supermarket Type1,0.117543712,20.20000076,197.3110046,3.900000095
Regular,FDN23,Breads,2012,OUT049,Tier 1,Medium,Supermarket Type1,0.075625151,6.574999809,145.7444,3.900000095
Regular,FDR13,Canned,2012,OUT049,Tier 1,Medium,Supermarket Type1,0.028765487,9.895000458,115.3491974,3.900000095
Regular,FDH14,Canned,2012,OUT049,Tier 1,Medium,Supermarket Type1,0.046881329,17.10000038,141.3838043,3.900000095
Regular,FDY44,Fruits and Vegetables,2012,OUT049,Tier 1,Medium,Supermarket Type1,0.024442501,14.14999962,196.4109955,3.900000095
Regular,FDF56,Fruits and Vegetables,2012,OUT049,Tier 1,Medium,Supermarket Type1,0.119647957,16.70000076,180.9976044,3.900000095
Regular,FDG21,Seafood,2012,OUT049,Tier 1,Medium,Supermarket Type1,0.146527365,17.35000038,147.9049988,3.900000095
Regular,FDV22,Snack Foods,2012,OUT049,Tier 1,Medium,Supermarket Type1,0.009954237,14.85000038,158.2630005,3.900000095
Low Fat,FDA32,Fruits and Vegetables,1998,OUT019,Tier 1,Small,Grocery Store,0.052691046,12.85764534,216.3191986,3.900000095
Low Fat,DRM37,Soft Drinks,1998,OUT019,Tier 1,Small,Grocery Store,0.168780133,12.85764534,197.8768005,3.900000095
Low Fat,FDY48,Baking Goods,1998,OUT019,Tier 1,Small,Grocery Store,0.041556697,12.85764534,104.433197,3.900000095
Low Fat,FDT37,Canned,1998,OUT019,Tier 1,Small,Grocery Store,0.061753511,12.85764534,253.3014069,3.900000095
Low Fat,FDB05,Frozen Foods,1998,OUT019,Tier 1,Small,Grocery Store,0.14566955,12.85764534,247.2776031,3.900000095
Low Fat,FDA19,Fruits and Vegetables,1998,OUT019,Tier 1,Small,Grocery Store,0,12.85764534,126.6994019,3.900000095
Low Fat,FDI32,Fruits and Vegetables,1998,OUT019,Tier 1,Small,Grocery Store,0.305305392,12.85764534,116.683403,3.900000095
Low Fat,DRH23,Hard Drinks,1998,OUT019,Tier 1,Small,Grocery Store,0.298205286,12.85764534,55.76139832,3.900000095
Low Fat,NCN53,Health and Hygiene,1998,OUT019,Tier 1,Small,Grocery Store,0.053148497,12.85764534,36.38740158,3.900000095
Low Fat,NCP41,Health and Hygiene,1998,OUT019,Tier 1,Small,Grocery Store,0.028382853,12.85764534,109.4596024,3.900000095
Low Fat,NCR53,Health and Hygiene,1998,OUT019,Tier 1,Small,Grocery Store,0.253947824,12.85764534,223.8403931,3.900000095
Low Fat,NCD54,Household,1998,OUT019,Tier 1,Small,Grocery Store,0.050790917,12.85764534,142.778595,3.900000095
Low Fat,NCP42,Household,1998,OUT019,Tier 1,Small,Grocery Store,0.028207785,12.85764534,195.5478058,3.900000095
Low Fat,NCR38,Household,1998,OUT019,Tier 1,Small,Grocery Store,0.198756173,12.85764534,250.7723999,3.900000095
Low Fat,NCO55,Others,1998,OUT019,Tier 1,Small,Grocery Store,0.159394443,12.85764534,105.6938019,3.900000095
Regular,FDY35,Breads,1998,OUT019,Tier 1,Small,Grocery Store,0.028062401,12.85764534,44.04019928,3.900000095
Regular,FDC52,Dairy,1998,OUT019,Tier 1,Small,Grocery Store,0.014497036,12.85764534,150.8708038,3.900000095
Regular,FDE40,Dairy,1998,OUT019,Tier 1,Small,Grocery Store,0.173587933,12.85764534,60.01940155,3.900000095
Regular,FDF40,Dairy,1998,OUT019,Tier 1,Small,Grocery Store,0.03941584,12.85764534,247.8092041,3.900000095
Regular,FDK20,Fruits and Vegetables,1998,OUT019,Tier 1,Small,Grocery Store,0.072762087,12.85764534,120.9072037,3.900000095
Regular,FDR32,Fruits and Vegetables,1998,OUT019,Tier 1,Small,Grocery Store,0.150238663,12.85764534,229.3694,3.900000095
Regular,FDW46,Snack Foods,1998,OUT019,Tier 1,Small,Grocery Store,0.123089127,12.85764534,63.64839935,3.900000095
Low Fat,FDD02,Canned,2010,OUT046,Tier 1,Small,Supermarket Type1,0,16.60000038,118.8124008,3.900000095
Low Fat,FDJ32,Fruits and Vegetables,2010,OUT046,Tier 1,Small,Supermarket Type1,0.057792343,10.69499969,61.45360184,3.900000095
Low Fat,NCG30,Household,2010,OUT046,Tier 1,Small,Supermarket Type1,0.11232122,20.20000076,123.604599,3.900000095
Low Fat,FDK45,Seafood,2010,OUT046,Tier 1,Small,Supermarket Type1,0.033858187,11.64999962,113.3860016,3.900000095
Low Fat,FDN60,Baking Goods,2010,OUT046,Tier 1,Small,Supermarket Type1,0.095158078,15.10000038,159.2604065,3.900000095
Low Fat,FDG50,Canned,2010,OUT046,Tier 1,Small,Supermarket Type1,0.015271793,7.40500021,89.91459656,3.900000095
Low Fat,FDU13,Canned,2010,OUT046,Tier 1,Small,Supermarket Type1,0.187558636,8.354999542,148.0417938,3.900000095
Low Fat,FDP25,Canned,2010,OUT046,Tier 1,Small,Supermarket Type1,0.021207519,15.19999981,219.4824066,3.900000095
Low Fat,DRE15,Dairy,2010,OUT046,Tier 1,Small,Supermarket Type1,0,13.35000038,77.60119629,3.900000095
Low Fat,FDC44,Fruits and Vegetables,2010,OUT046,Tier 1,Small,Supermarket Type1,0.172596887,15.60000038,114.851799,3.900000095
Low Fat,DRJ47,Hard Drinks,2010,OUT046,Tier 1,Small,Supermarket Type1,0.044250306,18.25,174.7079926,3.900000095
Low Fat,NCP05,Health and Hygiene,2010,OUT046,Tier 1,Small,Supermarket Type1,0.025286583,19.60000038,151.8023987,3.900000095
Low Fat,NCY53,Health and Hygiene,2010,OUT046,Tier 1,Small,Supermarket Type1,0.058481339,20,113.3544006,3.900000095
Low Fat,NCC43,Household,2010,OUT046,Tier 1,Small,Supermarket Type1,0.092782892,7.389999866,252.6065979,3.900000095
Low Fat,NCE18,Household,2010,OUT046,Tier 1,Small,Supermarket Type1,0.02142534,10,250.1750031,3.900000095
Low Fat,NCS18,Household,2010,OUT046,Tier 1,Small,Supermarket Type1,0.042211119,12.64999962,108.6938019,3.900000095
Low Fat,FDS51,Meat,2010,OUT046,Tier 1,Small,Supermarket Type1,0.032180496,13.35000038,61.2193985,3.900000095
Low Fat,FDL46,Snack Foods,2010,OUT046,Tier 1,Small,Supermarket Type1,0.054056928,20.35000038,116.8466034,3.900000095
Low Fat,DRD60,Soft Drinks,2010,OUT046,Tier 1,Small,Supermarket Type1,0.037232108,15.69999981,183.1634064,3.900000095
Regular,FDX36,Baking Goods,2010,OUT046,Tier 1,Small,Supermarket Type1,0.128283247,9.694999695,226.1403961,3.900000095
Regular,FDU37,Canned,2010,OUT046,Tier 1,Small,Supermarket Type1,0,9.5,79.59600067,3.900000095
Regular,FDM57,Snack Foods,2010,OUT046,Tier 1,Small,Supermarket Type1,0.075849168,11.64999962,85.19080353,3.900000095
Regular,FDJ34,Snack Foods,2010,OUT046,Tier 1,Small,Supermarket Type1,0.093655728,11.80000019,127.1704025,3.900000095
Low Fat,FDD46,Snack Foods,2015,OUT045,Tier 2,Medium,Supermarket Type1,0.141542479,6.034999847,153.1997986,3.900000095
Low Fat,DRF01,Soft Drinks,2020,OUT017,Tier 2,Medium,Supermarket Type1,0.176070541,5.65500021,144.0101929,3.900000095
Low Fat,DRD27,Dairy,2015,OUT045,Tier 2,Medium,Supermarket Type1,0,18.75,97.90419769,3.900000095
Low Fat,FDJ52,Frozen Foods,2015,OUT045,Tier 2,Medium,Supermarket Type1,0.017822936,7.144999981,161.3578033,3.900000095
Low Fat,FDF16,Frozen Foods,2015,OUT045,Tier 2,Medium,Supermarket Type1,0.086307049,7.300000191,146.8076019,3.900000095
Low Fat,FDC32,Fruits and Vegetables,2015,OUT045,Tier 2,Medium,Supermarket Type1,0.099309996,18.35000038,91.44619751,3.900000095
Low Fat,FDA44,Fruits and Vegetables,2015,OUT045,Tier 2,Medium,Supermarket Type1,0.053330652,19.70000076,56.79299927,3.900000095
Low Fat,NCK06,Household,2015,OUT045,Tier 2,Small,Supermarket Type1,0.008664064,5.03000021,119.3756027,3.900000095
Low Fat,NCB31,Household,2015,OUT045,Tier 2,Small,Supermarket Type1,0.118915036,6.235000134,264.7909851,3.900000095
Low Fat,NCB30,Household,2015,OUT045,Tier 2,Small,Supermarket Type1,0.02575512,14.60000038,199.6083984,3.900000095
Low Fat,NCZ54,Household,2015,OUT045,Tier 2,Small,Supermarket Type1,0.083528444,14.64999962,162.4552002,3.900000095
Low Fat,NCF54,Household,2015,OUT045,Tier 2,Small,Supermarket Type1,0.047473136,18,170.5422058,3.900000095
Low Fat,FDN15,Meat,2015,OUT045,Tier 2,Small,Supermarket Type1,0.016767995,17.5,141.4179993,3.900000095
Low Fat,NCM26,Others,2015,OUT045,Tier 2,Small,Supermarket Type1,0.023190133,20.5,153.4340057,3.900000095
Low Fat,FDK46,Snack Foods,2015,OUT045,Tier 2,Small,Supermarket Type1,0.051571772,9.600000381,258.4620056,3.900000095
Low Fat,FDK22,Snack Foods,2015,OUT045,Tier 2,Small,Supermarket Type1,0.026139405,9.800000191,216.7850037,3.900000095
Low Fat,FDA21,Snack Foods,2015,OUT045,Tier 2,Small,Supermarket Type1,0.036033638,13.64999962,183.7924042,3.900000095
Low Fat,FDW45,Snack Foods,2015,OUT045,Tier 2,Small,Supermarket Type1,0.039090104,18,148.441803,3.900000095
Low Fat,FDN45,Snack Foods,2015,OUT045,Tier 2,Small,Supermarket Type1,0.118342288,19.35000038,222.6087952,3.900000095
Low Fat,DRD25,Soft Drinks,2015,OUT045,Tier 2,Small,Supermarket Type1,0.079132214,6.135000229,112.685997,3.900000095
Low Fat,DRL60,Soft Drinks,2015,OUT045,Tier 2,Small,Supermarket Type1,0.027114239,8.520000458,151.9682007,3.900000095
Low Fat,DRJ25,Soft Drinks,2015,OUT045,Tier 2,Small,Supermarket Type1,0.150872871,14.60000038,47.56919861,3.900000095
Low Fat,DRH01,Soft Drinks,2015,OUT045,Tier 2,Small,Supermarket Type1,0.098102584,17.5,172.9738007,3.900000095
Low Fat,FDH12,Baking Goods,2020,OUT017,Tier 2,Small,Supermarket Type1,0.085434198,9.600000381,105.0279999,3.900000095
Low Fat,FDR47,Breads,2020,OUT017,Tier 2,Small,Supermarket Type1,0.087963417,17.85000038,193.3793945,3.900000095
Low Fat,FDS37,Canned,2020,OUT017,Tier 2,Small,Supermarket Type1,0.032125562,7.65500021,115.7491989,3.900000095
Low Fat,FDB28,Dairy,2020,OUT017,Tier 2,Small,Supermarket Type1,0.093913607,6.614999771,198.7425995,3.900000095
Low Fat,FDT02,Dairy,2020,OUT017,Tier 2,Small,Supermarket Type1,0.024331586,12.60000038,34.98740005,3.900000095
Low Fat,FDO32,Fruits and Vegetables,2020,OUT017,Tier 2,Small,Supermarket Type1,0.121225454,6.360000134,45.90599823,3.900000095
Low Fat,FDB21,Fruits and Vegetables,2020,OUT017,Tier 2,Small,Supermarket Type1,0.149360701,7.474999905,243.4853973,3.900000095
Low Fat,NCS42,Household,2020,OUT017,Tier 2,Small,Supermarket Type1,0.069809116,8.600000381,90.51460266,3.900000095
Low Fat,NCF30,Household,2020,OUT017,Tier 2,High,Supermarket Type1,0.126958147,17,125.8361969,3.900000095
Low Fat,NCP55,Others,2020,OUT017,Tier 2,High,Supermarket Type1,0.01125332,14.64999962,57.06140137,3.900000095
Low Fat,FDH33,Snack Foods,2020,OUT017,Tier 2,High,Supermarket Type1,0.122413941,12.85000038,42.94279861,3.900000095
Low Fat,FDF59,Starchy Foods,2020,OUT017,Tier 2,High,Supermarket Type1,0,12.5,127.1019974,3.900000095
Low Fat,FDF35,Starchy Foods,2020,OUT017,Tier 2,High,Supermarket Type1,0.154860348,15,106.1938019,3.900000095
Regular,FDX49,Canned,2015,OUT045,Tier 2,High,Supermarket Type1,0.102038294,4.614999771,231.9299927,3.900000095
Regular,FDV37,Canned,2015,OUT045,Tier 2,High,Supermarket Type1,0.083683245,13,198.5426025,3.900000095
Regular,FDZ02,Dairy,2015,OUT045,Tier 2,High,Supermarket Type1,0.03822479,6.90500021,99.87259674,3.900000095
Regular,FDN04,Frozen Foods,2015,OUT045,Tier 2,High,Supermarket Type1,0.014115626,11.80000019,178.5343933,3.900000095
Regular,FDH28,Frozen Foods,2015,OUT045,Tier 2,High,Supermarket Type1,0.110254146,15.85000038,37.3506012,3.900000095
Regular,FDB41,Frozen Foods,2015,OUT045,Tier 2,High,Supermarket Type1,0.097510479,19,48.17179871,3.900000095
Regular,FDR32,Fruits and Vegetables,2015,OUT045,Tier 2,High,Supermarket Type1,0.08598198,6.78000021,228.4694061,3.900000095
Regular,FDW27,Meat,2015,OUT045,Tier 2,High,Supermarket Type1,0.151159242,5.860000134,156.6313934,3.900000095
Regular,FDR34,Snack Foods,2015,OUT045,Tier 2,High,Supermarket Type1,0.015997687,17,229.1351929,3.900000095
Regular,FDE23,Starchy Foods,2015,OUT045,Tier 2,High,Supermarket Type1,0.053288858,17.60000038,47.30599976,3.900000095
Regular,FDM60,Baking Goods,2020,OUT017,Tier 2,High,Supermarket Type1,0,10.80000019,40.71379852,3.900000095
Regular,FDM36,Baking Goods,2020,OUT017,Tier 2,High,Supermarket Type1,0.059063036,11.64999962,172.0422058,3.900000095
Regular,FDA25,Canned,2020,OUT017,Tier 2,High,Supermarket Type1,0.068511106,16.5,103.6989975,3.900000095
Regular,FDQ40,Frozen Foods,2020,OUT017,Tier 2,High,Supermarket Type1,0.036231309,11.10000038,175.0711975,3.900000095
Regular,FDN16,Frozen Foods,2020,OUT017,Tier 2,High,Supermarket Type1,0.063054949,12.60000038,102.3990021,3.900000095
Regular,FDR28,Frozen Foods,2020,OUT017,Tier 2,High,Supermarket Type1,0.026042966,13.85000038,161.220993,3.900000095
Regular,FDU44,Fruits and Vegetables,2020,OUT017,Tier 2,Medium,Supermarket Type1,0.058756206,12.14999962,161.0552063,3.900000095
Regular,FDD56,Fruits and Vegetables,2020,OUT017,Tier 2,Medium,Supermarket Type1,0.104365282,15.19999981,177.1053925,3.900000095
Regular,FDS32,Fruits and Vegetables,2020,OUT017,Tier 2,Medium,Supermarket Type1,0.029821647,17.75,139.9837952,3.900000095
Regular,FDI08,Fruits and Vegetables,2020,OUT017,Tier 2,Medium,Supermarket Type1,0.066672057,18.20000076,248.1092072,3.900000095
Regular,FDJ21,Snack Foods,2020,OUT017,Tier 2,Medium,Supermarket Type1,0.03874616,16.70000076,143.8101959,3.900000095
Regular,FDX57,Snack Foods,2020,OUT017,Tier 2,Medium,Supermarket Type1,0.047533568,17.25,96.90679932,3.900000095
Regular,DRC36,Soft Drinks,2020,OUT017,Tier 2,Medium,Supermarket Type1,0.045239326,13,174.1053925,3.900000095
Low Fat,FDN24,Baking Goods,2020,OUT017,Tier 2,Medium,Supermarket Type1,0.113908119,14.10000038,53.39559937,3.900000095
Low Fat,FDJ48,Baking Goods,2017,OUT035,Tier 2,Small,Supermarket Type1,0.056424145,11.30000019,247.8117981,3.900000095
Low Fat,FDN48,Baking Goods,2017,OUT035,Tier 2,Small,Supermarket Type1,0.064938448,13.35000038,90.08039856,3.900000095
Low Fat,FDW48,Baking Goods,2017,OUT035,Tier 2,Small,Supermarket Type1,0.008539208,18,81.26180267,3.900000095
Low Fat,FDO37,Breakfast,2017,OUT035,Tier 2,Small,Supermarket Type1,0.021372637,8.06000042,231.732605,3.900000095
Low Fat,FDS14,Dairy,2017,OUT035,Tier 2,Small,Supermarket Type1,0.049954437,7.284999847,156.5287933,3.900000095
Low Fat,FDU14,Dairy,2017,OUT035,Tier 2,Small,Supermarket Type1,0.034746077,17.75,248.2749939,3.900000095
Low Fat,FDX28,Frozen Foods,2017,OUT035,Tier 2,Small,Supermarket Type1,0.125154451,6.324999809,99.20420074,3.900000095
Low Fat,FDD45,Fruits and Vegetables,2017,OUT035,Tier 2,Small,Supermarket Type1,0.116226986,8.614999771,95.94360352,3.900000095
Low Fat,FDU32,Fruits and Vegetables,2017,OUT035,Tier 2,Small,Supermarket Type1,0.025962714,8.784999847,120.9413986,3.900000095
Low Fat,FDI32,Fruits and Vegetables,2017,OUT035,Tier 2,Small,Supermarket Type1,0.174340472,17.70000076,116.683403,3.900000095
Low Fat,NCZ05,Health and Hygiene,2017,OUT035,Tier 2,Small,Supermarket Type1,0.058121216,8.484999657,104.4990005,3.900000095
Low Fat,NCN17,Health and Hygiene,2017,OUT035,Tier 2,Small,Supermarket Type1,0.054928642,11,101.7358017,3.900000095
Low Fat,NCJ54,Household,2017,OUT035,Tier 2,Small,Supermarket Type1,0.060055759,9.895000458,234.2642059,3.900000095
Low Fat,NCP54,Household,2017,OUT035,Tier 2,Small,Supermarket Type1,0.035143025,15.35000038,124.3730011,3.900000095
Low Fat,NCR54,Household,2017,OUT035,Tier 2,Small,Supermarket Type1,0,16.35000038,198.2109985,3.900000095
Low Fat,NCE42,Household,2017,OUT035,Tier 2,Small,Supermarket Type1,0.010600287,21.10000038,233.9958038,3.900000095
Low Fat,FDK27,Meat,2017,OUT035,Tier 2,Small,Supermarket Type1,0.008944844,11,122.3756027,3.900000095
Low Fat,FDM03,Meat,2017,OUT035,Tier 2,Small,Supermarket Type1,0.123007536,12.64999962,106.0938034,3.900000095
Low Fat,FDT03,Meat,2017,OUT035,Tier 2,Small,Supermarket Type1,0.009996872,21.25,185.5608063,3.900000095
Low Fat,NCO02,Others,2017,OUT035,Tier 2,Small,Supermarket Type1,0.073354289,11.14999962,66.81420135,3.900000095
Low Fat,DRG37,Soft Drinks,2017,OUT035,Tier 2,Small,Supermarket Type1,0.019374767,16.20000076,155.8972015,3.900000095
Low Fat,FDD35,Starchy Foods,2017,OUT035,Tier 2,Small,Supermarket Type1,0,12.14999962,119.2440033,3.900000095
Low Fat,FDE59,Starchy Foods,2017,OUT035,Tier 2,Small,Supermarket Type1,0.062276039,12.14999962,37.95320129,3.900000095
Low Fat,FDI35,Starchy Foods,2017,OUT035,Tier 2,Small,Supermarket Type1,0.041283362,14,182.4633942,3.900000095
Regular,FDV11,Breads,2017,OUT035,Tier 2,Small,Supermarket Type1,0.081652351,9.100000381,177.0054016,3.900000095
Regular,FDM02,Canned,2017,OUT035,Tier 2,Small,Supermarket Type1,0.073721118,12.5,85.61979675,3.900000095
Regular,FDQ01,Canned,2017,OUT035,Tier 2,Small,Supermarket Type1,0.160671249,19.70000076,254.7014008,3.900000095
Regular,FDA52,Frozen Foods,2017,OUT035,Tier 2,Small,Supermarket Type1,0.128398001,16.20000076,178.3370056,3.900000095
Regular,FDE17,Frozen Foods,2017,OUT035,Tier 2,Small,Supermarket Type1,0.0544452,20.10000038,151.7366028,3.900000095
Regular,FDN56,Fruits and Vegetables,2017,OUT035,Tier 2,Small,Supermarket Type1,0.107036941,5.460000038,144.278595,3.900000095
Regular,FDZ08,Fruits and Vegetables,2017,OUT035,Tier 2,Small,Supermarket Type1,0.109971575,12.5,82.75920105,3.900000095
Regular,FDQ55,Fruits and Vegetables,2017,OUT035,Tier 2,Small,Supermarket Type1,0.013035609,13.64999962,114.7834015,3.900000095
Regular,FDX32,Fruits and Vegetables,2017,OUT035,Tier 2,Small,Supermarket Type1,0.099839367,15.10000038,143.3786011,3.900000095
Regular,FDZ31,Fruits and Vegetables,2017,OUT035,Tier 2,Small,Supermarket Type1,0.113195814,15.35000038,190.8504028,3.900000095
Regular,FDY33,Snack Foods,2017,OUT035,Tier 2,Small,Supermarket Type1,0,14.5,159.3262024,3.900000095
Low Fat,FDP57,Snack Foods,2017,OUT035,Tier 2,Small,Supermarket Type1,0.052434202,17.5,103.9990005,3.900000095
Low Fat,DRF37,Soft Drinks,2017,OUT035,Tier 2,Small,Supermarket Type1,0.084316693,17.25,263.3909912,3.900000095
Low Fat,FDP38,Canned,2011,OUT010,Tier 3,Medium,Grocery Store,0.053732324,10.10000038,49.80080032,3.900000095
Low Fat,FDB27,Dairy,2011,OUT010,Tier 3,Medium,Grocery Store,0.092711709,7.574999809,197.7767944,3.900000095
Low Fat,FDQ04,Frozen Foods,2011,OUT010,Tier 3,Medium,Grocery Store,0.141860157,6.400000095,41.07960129,3.900000095
Low Fat,FDD57,Fruits and Vegetables,2011,OUT010,Tier 3,Medium,Grocery Store,0.037492324,18.10000038,95.50939941,3.900000095
Low Fat,NCY41,Health and Hygiene,2011,OUT010,Tier 3,Medium,Grocery Store,0.126765907,16.75,35.75320053,3.900000095
Low Fat,NCK06,Household,2011,OUT010,Tier 3,Medium,Grocery Store,0.014472516,5.03000021,122.0755997,3.900000095
Low Fat,FDR09,Snack Foods,2011,OUT010,Tier 3,High,Grocery Store,0.13009505,18.25,257.2962036,3.900000095
Low Fat,DRJ01,Soft Drinks,2011,OUT010,Tier 3,High,Grocery Store,0.192540661,6.135000229,160.2236023,3.900000095
Low Fat,DRE49,Soft Drinks,2011,OUT010,Tier 3,High,Grocery Store,0.035568148,20.75,151.8023987,3.900000095
Regular,FDM51,Meat,2011,OUT010,Tier 3,High,Grocery Store,0,11.80000019,102.4673996,3.900000095
Regular,FDX03,Meat,2011,OUT010,Tier 3,High,Grocery Store,0.102262139,15.85000038,47.17440033,3.900000095
Regular,FDN39,Meat,2011,OUT010,Tier 3,High,Grocery Store,0.109667696,19.35000038,166.081604,3.900000095
Regular,FDZ21,Snack Foods,2011,OUT010,Tier 3,Small,Grocery Store,0.065649353,17.60000038,94.84100342,3.900000095
Low Fat,NCV29,Health and Hygiene,2000,OUT013,Tier 3,High,Supermarket Type1,0.02282449,11.80000019,177.0686035,3.900000095
Low Fat,FDX60,Baking Goods,2000,OUT013,Tier 3,High,Supermarket Type1,0.080527067,14.35000038,79.29599762,3.900000095
Low Fat,FDU13,Canned,2000,OUT013,Tier 3,High,Supermarket Type1,0,8.354999542,145.6417999,3.900000095
Low Fat,FDZ38,Dairy,2000,OUT013,Tier 3,High,Supermarket Type1,0.00799436,17.60000038,171.6421967,3.900000095
Low Fat,FDB17,Frozen Foods,2000,OUT013,Tier 3,High,Supermarket Type1,0.03664159,13.14999962,180.7976074,3.900000095
Low Fat,FDI56,Fruits and Vegetables,2000,OUT013,Tier 3,High,Supermarket Type1,0.093307666,7.324999809,92.71459961,3.900000095
Low Fat,FDQ44,Fruits and Vegetables,2000,OUT013,Tier 3,High,Supermarket Type1,0.036110222,20.5,120.1755981,3.900000095
Low Fat,DRG11,Hard Drinks,2000,OUT013,Tier 3,High,Supermarket Type1,0.083768524,6.385000229,109.8595963,3.900000095
Low Fat,NCZ05,Health and Hygiene,2000,OUT013,Tier 3,High,Supermarket Type1,0.058083832,8.484999657,103.1989975,3.900000095
Low Fat,NCK17,Health and Hygiene,2000,OUT013,Tier 3,High,Supermarket Type1,0.03786331,11,40.94800186,3.900000095
Low Fat,NCK53,Health and Hygiene,2000,OUT013,Tier 3,High,Supermarket Type1,0.037549969,11.60000038,101.2042007,3.900000095
Low Fat,NCP02,Household,2000,OUT013,Tier 3,High,Supermarket Type1,0.044771474,7.105000019,58.25619888,3.900000095
Low Fat,NCN18,Household,2000,OUT013,Tier 3,High,Supermarket Type1,0.124610886,8.895000458,113.1544037,3.900000095
Low Fat,FDJ45,Seafood,2000,OUT013,Tier 3,High,Supermarket Type1,0.07334955,17.75,34.22159958,3.900000095
Low Fat,FDD34,Snack Foods,2000,OUT013,Tier 3,High,Supermarket Type1,0.015863076,7.945000172,161.8209991,3.900000095
Low Fat,FDS57,Snack Foods,2000,OUT013,Tier 3,High,Supermarket Type1,0.103356183,15.5,142.8470001,3.900000095
Low Fat,DRD24,Soft Drinks,2000,OUT013,Tier 3,High,Supermarket Type1,0.030769458,13.85000038,141.7153931,3.900000095
Regular,FDU24,Baking Goods,2000,OUT013,Tier 3,High,Supermarket Type1,0,6.78000021,94.01200104,3.900000095
Regular,FDU12,Baking Goods,2000,OUT013,Tier 3,High,Supermarket Type1,0.075688034,15.5,262.9567871,3.900000095
Regular,FDM25,Breakfast,2000,OUT013,Tier 3,High,Supermarket Type1,0.060615253,10.69499969,174.0711975,3.900000095
Regular,FDY49,Canned,2000,OUT013,Tier 3,High,Supermarket Type1,0.012002075,17.20000076,165.3184052,3.900000095
Regular,FDL02,Canned,2000,OUT013,Tier 3,High,Supermarket Type1,0.103996761,20,107.4621964,3.900000095
Regular,FDE51,Dairy,2000,OUT013,Tier 3,High,Supermarket Type1,0.096387051,5.925000191,45.60860062,3.900000095
Regular,FDA04,Frozen Foods,2000,OUT013,Tier 3,High,Supermarket Type1,0.066674463,11.30000019,259.1961975,3.900000095
Regular,FDE04,Frozen Foods,2000,OUT013,Tier 3,High,Supermarket Type1,0.018008072,19.75,180.4660034,3.900000095
Regular,FDL32,Fruits and Vegetables,2000,OUT013,Tier 3,High,Supermarket Type1,0,15.69999981,112.4543991,3.900000095
Regular,FDQ15,Meat,2000,OUT013,Tier 3,High,Supermarket Type1,0.150947735,20.35000038,81.02760315,3.900000095
Low Fat,FDV25,Canned,2000,OUT013,Tier 3,High,Supermarket Type1,0.045614254,5.90500021,221.5455933,3.900000095
Regular,FDQ48,Baking Goods,2000,OUT013,Tier 3,High,Supermarket Type1,0.0343826,14.30000019,96.57260132,3.900000095
Regular,FDO31,Fruits and Vegetables,2000,OUT013,Tier 3,High,Supermarket Type1,0.028958563,6.760000229,78.39600372,3.900000095
Low Fat,FDT48,Baking Goods,2022,OUT018,Tier 3,Medium,Supermarket Type2,0.046142232,4.920000076,199.1083984,3.900000095
Low Fat,FDF12,Baking Goods,2022,OUT018,Tier 3,Medium,Supermarket Type2,0.082763627,8.234999657,146.5075989,3.900000095
Low Fat,FDG52,Frozen Foods,2022,OUT018,Tier 3,Medium,Supermarket Type2,0.065898195,13.64999962,46.14020157,3.900000095
Low Fat,FDI56,Fruits and Vegetables,2022,OUT018,Tier 3,Medium,Supermarket Type2,0.093765795,7.324999809,90.31459808,3.900000095
Low Fat,FDD45,Fruits and Vegetables,2022,OUT018,Tier 3,Medium,Supermarket Type2,0.116722517,8.614999771,95.44360352,3.900000095
Low Fat,DRG23,Hard Drinks,2022,OUT018,Tier 3,Medium,Supermarket Type2,0,8.880000114,154.0682068,3.900000095
Low Fat,DRI47,Hard Drinks,2022,OUT018,Tier 3,Medium,Supermarket Type2,0.0210054,14.69999981,144.5128021,3.900000095
Low Fat,NCW54,Household,2022,OUT018,Tier 3,Medium,Supermarket Type2,0.096806005,7.5,56.25880051,3.900000095
Low Fat,NCE18,Household,2022,OUT018,Tier 3,Medium,Supermarket Type2,0.021512618,10,247.7749939,3.900000095
Low Fat,NCK54,Household,2022,OUT018,Tier 3,Medium,Supermarket Type2,0,12.14999962,118.5149994,3.900000095
Low Fat,FDP27,Meat,2022,OUT018,Tier 3,Medium,Supermarket Type2,0.119937234,8.154999733,189.1529999,3.900000095
Low Fat,FDQ58,Snack Foods,2022,OUT018,Tier 3,Medium,Supermarket Type2,0.015364173,7.315000057,154.3339996,3.900000095
Low Fat,DRK13,Soft Drinks,2022,OUT018,Tier 3,Medium,Supermarket Type2,0.115636721,11.80000019,199.7084045,3.900000095
Low Fat,DRM37,Soft Drinks,2022,OUT018,Tier 3,Medium,Supermarket Type2,0.0967905,15.35000038,197.2767944,3.900000095
Low Fat,FDC11,Starchy Foods,2022,OUT018,Tier 3,Medium,Supermarket Type2,0.142370448,20.5,90.61720276,3.900000095
Regular,FDY12,Baking Goods,2022,OUT018,Tier 3,Medium,Supermarket Type2,0.141183823,9.800000191,50.50080109,3.900000095
Regular,FDU12,Baking Goods,2022,OUT018,Tier 3,Medium,Supermarket Type2,0.076059647,15.5,265.1567993,3.900000095
Regular,FDE40,Dairy,2022,OUT018,Tier 3,Medium,Supermarket Type2,0,15.60000038,62.41939926,3.900000095
Regular,FDB29,Frozen Foods,2022,OUT018,Tier 3,Medium,Supermarket Type2,0.052625179,16.70000076,113.4176025,3.900000095
Regular,FDB41,Frozen Foods,2022,OUT018,Tier 3,Medium,Supermarket Type2,0.097709544,19,48.67179871,3.900000095
Regular,FDR56,Fruits and Vegetables,2022,OUT018,Tier 3,Medium,Supermarket Type2,0.101176314,15.5,198.9768066,3.900000095
Regular,FDJ58,Snack Foods,2022,OUT018,Tier 3,Medium,Supermarket Type2,0.105725005,15.60000038,169.9763947,3.900000095
Regular,DRD01,Soft Drinks,2022,OUT018,Tier 3,Medium,Supermarket Type2,0.06142474,12.10000038,56.76139832,3.900000095
Regular,FDA55,Fruits and Vegetables,2022,OUT018,Tier 3,Medium,Supermarket Type2,0.057221178,17.20000076,225.4087982,3.900000095
Low Fat,FDS48,Baking Goods,1998,OUT027,Tier 3,Medium,Supermarket Type3,0.027644731,12.85764534,149.4707947,3.900000095
Low Fat,FDG02,Canned,1998,OUT027,Tier 3,Medium,Supermarket Type3,0.011206632,12.85764534,191.4187927,3.900000095
Low Fat,DRG03,Dairy,1998,OUT027,Tier 3,Medium,Supermarket Type3,0.0616864,12.85764534,153.9998016,3.900000095
Low Fat,DRK39,Dairy,1998,OUT027,Tier 3,Medium,Supermarket Type3,0.049623925,12.85764534,83.22499847,3.900000095
Low Fat,FDD39,Dairy,1998,OUT027,Tier 3,Medium,Supermarket Type3,0.069815166,12.85764534,214.3849945,3.900000095
Low Fat,FDB17,Frozen Foods,1998,OUT027,Tier 3,Medium,Supermarket Type3,0.03649452,12.85764534,179.0975952,3.900000095
Low Fat,FDY07,Fruits and Vegetables,1998,OUT027,Tier 3,Medium,Supermarket Type3,0,12.85764534,45.94020081,3.900000095
Low Fat,NCC19,Household,1998,OUT027,Tier 3,Medium,Supermarket Type3,0.096411429,12.85764534,192.9819946,3.900000095
Low Fat,NCE07,Household,1998,OUT027,Tier 3,Medium,Supermarket Type3,0.013066448,12.85764534,140.9154053,3.900000095
Low Fat,NCF19,Household,1998,OUT027,Tier 3,Medium,Supermarket Type3,0.034938715,12.85764534,49.0033989,3.900000095
Low Fat,NCG18,Household,1998,OUT027,Tier 3,Medium,Supermarket Type3,0.022866631,12.85764534,102.8331985,3.900000095
Low Fat,NCJ18,Household,1998,OUT027,Tier 3,Medium,Supermarket Type3,0.163148046,12.85764534,116.6123962,3.900000095
Low Fat,NCQ18,Household,1998,OUT027,Tier 3,Medium,Supermarket Type3,0.134418711,12.85764534,99.66999817,3.900000095
Low Fat,FDV15,Meat,1998,OUT027,Tier 3,Medium,Supermarket Type3,0.145464599,12.85764534,105.764801,3.900000095
Low Fat,FDN45,Snack Foods,1998,OUT027,Tier 3,Medium,Supermarket Type3,0.117530853,12.85764534,222.7088013,3.900000095
Low Fat,DRE49,Soft Drinks,1998,OUT027,Tier 3,Medium,Supermarket Type3,0,12.85764534,153.8023987,3.900000095
Regular,FDB36,Baking Goods,1998,OUT027,Tier 3,Medium,Supermarket Type3,0.04829219,12.85764534,133.1625977,3.900000095
Regular,FDY47,Breads,1998,OUT027,Tier 3,Medium,Supermarket Type3,0.054220617,12.85764534,129.1309967,3.900000095
Regular,FDF28,Frozen Foods,1998,OUT027,Tier 3,Medium,Supermarket Type3,0.03768136,12.85764534,125.104599,3.900000095
Regular,FDF29,Frozen Foods,1998,OUT027,Tier 3,Medium,Supermarket Type3,0.019837655,12.85764534,128.1309967,3.900000095
Regular,FDX07,Fruits and Vegetables,1998,OUT027,Tier 3,Medium,Supermarket Type3,0.022807825,12.85764534,183.4949951,3.900000095
Regular,FDY56,Fruits and Vegetables,1998,OUT027,Tier 3,Medium,Supermarket Type3,0.062109172,12.85764534,223.7062073,3.900000095
Regular,FDW51,Meat,1998,OUT027,Tier 3,Medium,Supermarket Type3,0.094201475,12.85764534,213.3560028,3.900000095
Regular,FDG21,Seafood,1998,OUT027,Tier 3,Medium,Supermarket Type3,0.145591438,12.85764534,148.7050018,3.900000095
Regular,FDJ34,Snack Foods,1998,OUT027,Tier 3,Medium,Supermarket Type3,0.093202196,12.85764534,125.5703964,3.900000095
Regular,DRA24,Soft Drinks,1998,OUT027,Tier 3,Medium,Supermarket Type3,0.039734881,12.85764534,165.7868042,3.900000095
Low Fat,NCY41,Health and Hygiene,1998,OUT027,Tier 3,Medium,Supermarket Type3,0.075368866,12.85764534,35.25320053,3.900000095
Regular,FDS46,Snack Foods,2010,OUT046,Tier 1,Small,Supermarket Type1,0.047257327,17.60000038,119.6781998,3.799999952
Low Fat,NCF19,Household,2020,OUT017,Tier 2,Small,Supermarket Type1,0.035307322,13,47.5033989,3.799999952
Low Fat,NCK19,Others,2011,OUT010,Tier 3,Small,Grocery Store,0.151420936,9.800000191,194.3477936,3.799999952
Regular,FDS15,Meat,2020,OUT017,Tier 2,Small,Supermarket Type1,0.078502141,9.194999695,108.7595978,3.799999952
Regular,FDY34,Snack Foods,2022,OUT018,Tier 3,Medium,Supermarket Type2,0.011026594,10.5,166.4842072,3.799999952
Regular,FDU45,Snack Foods,1998,OUT027,Tier 3,Medium,Supermarket Type3,0.0353342,12.85764534,115.351799,3.799999952
Low Fat,FDR02,Dairy,2000,OUT013,Tier 3,High,Supermarket Type1,0.022047313,16.70000076,110.2885971,3.799999952
Low Fat,FDS48,Baking Goods,2010,OUT046,Tier 1,Small,Supermarket Type1,0.027779253,15.14999962,150.1708069,3.799999952
Regular,FDY56,Fruits and Vegetables,2012,OUT049,Tier 1,Medium,Supermarket Type1,0.062508442,16.35000038,227.1062012,3.799999952
Low Fat,FDW23,Baking Goods,1998,OUT019,Tier 1,Small,Grocery Store,0.143592939,12.85764534,37.31639862,3.799999952
Low Fat,FDE24,Baking Goods,2017,OUT035,Tier 2,Small,Supermarket Type1,0.093444951,14.85000038,141.0812073,3.799999952
Regular,FDQ45,Snack Foods,2000,OUT013,Tier 3,High,Supermarket Type1,0.010907967,9.5,182.3607941,3.799999952
Low Fat,NCP42,Household,2020,OUT017,Tier 2,Small,Supermarket Type1,0.016201844,8.510000229,195.2478027,3.799999952
Low Fat,FDK43,Meat,2015,OUT045,Tier 2,Medium,Supermarket Type1,0.026895201,9.800000191,128.4019928,3.799999952
Low Fat,FDA44,Fruits and Vegetables,2011,OUT010,Tier 3,Medium,Grocery Store,0.089083917,19.70000076,54.5929985,3.799999952
Low Fat,NCG43,Household,2022,OUT018,Tier 3,Medium,Supermarket Type2,0.074541867,20.20000076,94.14620209,3.799999952
Regular,FDS45,Snack Foods,2000,OUT013,Tier 3,High,Supermarket Type1,0.029471409,5.175000191,105.4621964,3.799999952
Low Fat,FDS03,Meat,2011,OUT010,Tier 3,Medium,Grocery Store,0.133281961,7.824999809,63.2826004,3.799999952
Low Fat,FDQ23,Breads,2017,OUT035,Tier 2,Small,Supermarket Type1,0.024521191,6.550000191,100.6332016,3.799999952
Low Fat,FDO13,Breakfast,2000,OUT013,Tier 3,High,Supermarket Type1,0.061008859,7.864999771,166.052597,3.799999952
Low Fat,DRD49,Soft Drinks,2017,OUT035,Tier 2,Small,Supermarket Type1,0.167799324,9.895000458,239.4564056,3.799999952
Low Fat,NCK17,Health and Hygiene,1998,OUT027,Tier 3,Medium,Supermarket Type3,0.037711337,12.85764534,41.54800034,3.799999952
Low Fat,FDT08,Fruits and Vegetables,2012,OUT049,Tier 1,Medium,Supermarket Type1,0.049295019,13.64999962,150.5050049,3.799999952
Low Fat,FDL46,Snack Foods,2020,OUT017,Tier 2,Medium,Supermarket Type1,0.054362696,20.35000038,117.9466019,3.799999952
Low Fat,NCQ05,Health and Hygiene,2011,OUT010,Tier 3,Medium,Grocery Store,0.036164161,11.39500046,150.1708069,3.799999952
Regular,FDW46,Snack Foods,2022,OUT018,Tier 3,Medium,Supermarket Type2,0.070588037,13,65.9484024,3.799999952
Regular,FDR19,Fruits and Vegetables,2000,OUT013,Tier 3,High,Supermarket Type1,0.159587756,13.5,145.3101959,3.799999952
Low Fat,FDE45,Fruits and Vegetables,2010,OUT046,Tier 1,Small,Supermarket Type1,0.040357314,12.10000038,177.8002014,3.799999952
Low Fat,NCO17,Health and Hygiene,2017,OUT035,Tier 2,Small,Supermarket Type1,0,10,120.6439972,3.799999952
Low Fat,FDM21,Snack Foods,2012,OUT049,Tier 1,Medium,Supermarket Type1,0.064464144,20.20000076,255.7646027,3.799999952
Low Fat,FDV24,Baking Goods,2012,OUT049,Tier 1,Medium,Supermarket Type1,0,5.635000229,148.7050018,3.799999952
Low Fat,FDG60,Baking Goods,2012,OUT049,Tier 1,Medium,Supermarket Type1,0.060794096,20.35000038,233.6616058,3.799999952
Low Fat,FDO13,Breakfast,2012,OUT049,Tier 1,Medium,Supermarket Type1,0.061154604,7.864999771,165.3526001,3.799999952
Low Fat,FDO50,Canned,2012,OUT049,Tier 1,Medium,Supermarket Type1,0.078290269,16.25,93.18039703,3.799999952
Low Fat,FDS26,Dairy,2012,OUT049,Tier 1,Medium,Supermarket Type1,0.089608319,20.35000038,262.1593933,3.799999952
Low Fat,DRH39,Dairy,2012,OUT049,Tier 1,Medium,Supermarket Type1,0.092834316,20.70000076,77.66699982,3.799999952
Low Fat,FDF09,Fruits and Vegetables,2012,OUT049,Tier 1,Medium,Supermarket Type1,0.012167793,6.215000153,37.48479843,3.799999952
Low Fat,FDE57,Fruits and Vegetables,2012,OUT049,Tier 1,Medium,Supermarket Type1,0.036341541,9.600000381,142.9154053,3.799999952
Low Fat,FDW08,Fruits and Vegetables,2012,OUT049,Tier 1,Medium,Supermarket Type1,0.148612261,12.10000038,104.5279999,3.799999952
Low Fat,NCV41,Health and Hygiene,2012,OUT049,Tier 1,Medium,Supermarket Type1,0.017065268,14.35000038,109.5227966,3.799999952
Low Fat,FDD22,Snack Foods,2012,OUT049,Tier 1,Medium,Supermarket Type1,0.099804625,10,113.7544022,3.799999952
Low Fat,DRJ25,Soft Drinks,2012,OUT049,Tier 1,Medium,Supermarket Type1,0.150801599,14.60000038,48.76919937,3.799999952
Regular,FDB12,Baking Goods,2012,OUT049,Tier 1,Medium,Supermarket Type1,0.105471388,11.14999962,105.8647995,3.799999952
Regular,FDF24,Baking Goods,2012,OUT049,Tier 1,Medium,Supermarket Type1,0.025409913,15.5,83.29340363,3.799999952
Regular,FDS46,Snack Foods,2012,OUT049,Tier 1,Medium,Supermarket Type1,0.0473308,17.60000038,120.8781967,3.799999952
Low Fat,NCJ30,Household,2012,OUT049,Tier 1,Medium,Supermarket Type1,0.080765851,5.820000172,169.1790009,3.799999952
Regular,FDR15,Meat,2012,OUT049,Tier 1,Medium,Supermarket Type1,0.03348998,9.300000191,156.6313934,3.799999952
Low Fat,FDA10,Snack Foods,1998,OUT019,Tier 1,Small,Grocery Store,0.248301536,12.85764534,124.1072006,3.799999952
Low Fat,FDY21,Snack Foods,1998,OUT019,Tier 1,Small,Grocery Store,0.303743362,12.85764534,196.0110016,3.799999952
Low Fat,DRG37,Soft Drinks,1998,OUT019,Tier 1,Small,Grocery Store,0.033929132,12.85764534,154.3972015,3.799999952
Low Fat,FDT60,Baking Goods,1998,OUT019,Tier 1,Small,Grocery Store,0.132275343,12.85764534,123.8387985,3.799999952
Low Fat,FDW48,Baking Goods,1998,OUT019,Tier 1,Small,Grocery Store,0,12.85764534,81.86180115,3.799999952
Low Fat,FDG02,Canned,1998,OUT019,Tier 1,Small,Grocery Store,0.019716846,12.85764534,191.9187927,3.799999952
Low Fat,FDG32,Fruits and Vegetables,1998,OUT019,Tier 1,Small,Grocery Store,0.308145434,12.85764534,222.0771942,3.799999952
Low Fat,DRI11,Hard Drinks,1998,OUT019,Tier 1,Small,Grocery Store,0.060237464,12.85764534,115.9833984,3.799999952
Low Fat,NCN29,Health and Hygiene,1998,OUT019,Tier 1,Small,Grocery Store,0.021214364,12.85764534,48.20339966,3.799999952
Low Fat,NCB31,Household,1998,OUT019,Tier 1,Small,Grocery Store,0.20778349,12.85764534,262.2909851,3.799999952
Low Fat,NCN43,Others,1998,OUT019,Tier 1,Small,Grocery Store,0.011835436,12.85764534,121.3730011,3.799999952
Regular,FDG12,Baking Goods,1998,OUT019,Tier 1,Small,Grocery Store,0,12.85764534,121.3097992,3.799999952
Regular,FDV60,Baking Goods,1998,OUT019,Tier 1,Small,Grocery Store,0.20548439,12.85764534,198.0110016,3.799999952
Regular,FDZ32,Fruits and Vegetables,1998,OUT019,Tier 1,Small,Grocery Store,0.066765524,12.85764534,107.1964035,3.799999952
Low Fat,NCF55,Household,2010,OUT046,Tier 1,Small,Supermarket Type1,0.021666335,6.675000191,33.38740158,3.799999952
Low Fat,FDA11,Baking Goods,2010,OUT046,Tier 1,Small,Supermarket Type1,0.043238822,7.75,92.54360199,3.799999952
Low Fat,FDO12,Baking Goods,2010,OUT046,Tier 1,Small,Supermarket Type1,0.054930534,15.75,194.4452057,3.799999952
Low Fat,FDE38,Canned,2010,OUT046,Tier 1,Small,Supermarket Type1,0.044607162,6.519999981,164.2841949,3.799999952
Low Fat,DRD15,Dairy,2010,OUT046,Tier 1,Small,Supermarket Type1,0.056795921,10.60000038,232.8641968,3.799999952
Low Fat,FDE53,Frozen Foods,2010,OUT046,Tier 1,Small,Supermarket Type1,0.026880158,10.89500046,106.4280014,3.799999952
Low Fat,FDB45,Fruits and Vegetables,2010,OUT046,Tier 1,Small,Supermarket Type1,0.021329792,20.85000038,105.5306015,3.799999952
Low Fat,NCZ29,Health and Hygiene,2010,OUT046,Tier 1,Small,Supermarket Type1,0.071371458,15,125.2361984,3.799999952
Low Fat,NCF06,Household,2010,OUT046,Tier 1,Small,Supermarket Type1,0.020198354,6.235000134,257.9961853,3.799999952
Low Fat,NCT18,Household,2010,OUT046,Tier 1,Small,Supermarket Type1,0.059405152,14.60000038,179.6976013,3.799999952
Low Fat,FDY51,Meat,2010,OUT046,Tier 1,Small,Supermarket Type1,0.081134826,12.5,220.0798035,3.799999952
Low Fat,NCK31,Others,2010,OUT046,Tier 1,Small,Supermarket Type1,0.027047774,10.89500046,50.66659927,3.799999952
Low Fat,FDQ58,Snack Foods,2010,OUT046,Tier 1,Small,Supermarket Type1,0.01530184,7.315000057,154.4340057,3.799999952
Low Fat,FDP34,Snack Foods,2010,OUT046,Tier 1,Small,Supermarket Type1,0.137227848,12.85000038,155.5630035,3.799999952
Low Fat,FDP10,Snack Foods,2010,OUT046,Tier 1,Small,Supermarket Type1,0.128090143,19,107.0622025,3.799999952
Low Fat,DRE12,Soft Drinks,2010,OUT046,Tier 1,Small,Supermarket Type1,0.07078056,4.590000153,114.5859985,3.799999952
Regular,FDX12,Baking Goods,2010,OUT046,Tier 1,Small,Supermarket Type1,0.026064485,18.20000076,241.8195953,3.799999952
Regular,FDL51,Dairy,2010,OUT046,Tier 1,Small,Supermarket Type1,0.047491372,20.70000076,213.9875946,3.799999952
Regular,FDW43,Fruits and Vegetables,2010,OUT046,Tier 1,Small,Supermarket Type1,0.022425236,20.10000038,226.3036041,3.799999952
Regular,FDM15,Meat,2010,OUT046,Tier 1,Small,Supermarket Type1,0.057421584,11.80000019,149.9365997,3.799999952
Regular,FDM45,Snack Foods,2010,OUT046,Tier 1,Small,Supermarket Type1,0.088194728,8.654999733,119.6755981,3.799999952
Regular,FDR22,Snack Foods,2010,OUT046,Tier 1,Small,Supermarket Type1,0.018562604,19.35000038,110.5543976,3.799999952
Regular,FDP52,Frozen Foods,2010,OUT046,Tier 1,Small,Supermarket Type1,0.070691727,18.70000076,230.201004,3.799999952
Low Fat,NCY41,Health and Hygiene,2015,OUT045,Tier 2,Medium,Supermarket Type1,0.075889215,16.75,37.65319824,3.799999952
Low Fat,NCK42,Household,2015,OUT045,Tier 2,Medium,Supermarket Type1,0.013146636,7.474999905,214.5191956,3.799999952
Low Fat,FDG24,Baking Goods,2020,OUT017,Tier 2,Medium,Supermarket Type1,0.014713909,7.974999905,83.125,3.799999952
Low Fat,NCD31,Household,2020,OUT017,Tier 2,Medium,Supermarket Type1,0.015521768,12.10000038,165.8526001,3.799999952
Low Fat,FDW35,Breads,2015,OUT045,Tier 2,Medium,Supermarket Type1,0.011111714,10.60000038,43.84540176,3.799999952
Low Fat,FDT59,Breads,2015,OUT045,Tier 2,Medium,Supermarket Type1,0.0159437,13.64999962,231.9667969,3.799999952
Low Fat,FDY27,Dairy,2015,OUT045,Tier 2,Medium,Supermarket Type1,0.031962868,6.380000114,178.0343933,3.799999952
Low Fat,FDU02,Dairy,2015,OUT045,Tier 2,Medium,Supermarket Type1,0.102719396,13.35000038,228.8352051,3.799999952
Low Fat,NCU53,Health and Hygiene,2015,OUT045,Tier 2,Small,Supermarket Type1,0.042838514,5.485000134,163.7841949,3.799999952
Low Fat,NCZ29,Health and Hygiene,2015,OUT045,Tier 2,Small,Supermarket Type1,0.071516201,15,127.7361984,3.799999952
Low Fat,NCJ18,Household,2015,OUT045,Tier 2,Small,Supermarket Type1,0.164274409,12.35000038,119.8124008,3.799999952
Low Fat,NCH07,Household,2015,OUT045,Tier 2,Small,Supermarket Type1,0.092854962,13.14999962,158.7604065,3.799999952
Low Fat,NCO42,Household,2015,OUT045,Tier 2,Small,Supermarket Type1,0.024705596,21.25,145.110199,3.799999952
Low Fat,NCL19,Others,2015,OUT045,Tier 2,Small,Supermarket Type1,0.015708024,15.35000038,143.4470062,3.799999952
Low Fat,FDE22,Snack Foods,2015,OUT045,Tier 2,Small,Supermarket Type1,0.029632784,9.694999695,159.6920013,3.799999952
Low Fat,FDN10,Snack Foods,2015,OUT045,Tier 2,Small,Supermarket Type1,0.046217345,11.5,120.3124008,3.799999952
Low Fat,FDK34,Snack Foods,2015,OUT045,Tier 2,Small,Supermarket Type1,0.038604818,13.35000038,236.3563995,3.799999952
Low Fat,FDM10,Snack Foods,2015,OUT045,Tier 2,Small,Supermarket Type1,0.076125666,18.25,214.0218048,3.799999952
Low Fat,FDT60,Baking Goods,2020,OUT017,Tier 2,Small,Supermarket Type1,0.075975642,12,124.1388016,3.799999952
Low Fat,FDU48,Baking Goods,2020,OUT017,Tier 2,Small,Supermarket Type1,0.055671584,18.85000038,133.3283997,3.799999952
Low Fat,FDM13,Breakfast,2020,OUT017,Tier 2,Small,Supermarket Type1,0.063532673,6.425000191,133.0626068,3.799999952
Low Fat,FDW37,Canned,2020,OUT017,Tier 2,Small,Supermarket Type1,0.124752067,19.20000076,90.94879913,3.799999952
Low Fat,FDW49,Canned,2020,OUT017,Tier 2,Small,Supermarket Type1,0.08301916,19.5,180.2001953,3.799999952
Low Fat,FDD04,Dairy,2020,OUT017,Tier 2,Small,Supermarket Type1,0.090480208,16,142.4154053,3.799999952
Low Fat,FDZ20,Fruits and Vegetables,2020,OUT017,Tier 2,Small,Supermarket Type1,0.034501016,16.10000038,255.7355957,3.799999952
Low Fat,FDM56,Fruits and Vegetables,2020,OUT017,Tier 2,Small,Supermarket Type1,0.070588619,16.70000076,107.9912033,3.799999952
Low Fat,NCO41,Health and Hygiene,2020,OUT017,Tier 2,Small,Supermarket Type1,0.018955478,12.5,100.1383972,3.799999952
Low Fat,NCH07,Household,2020,OUT017,Tier 2,Small,Supermarket Type1,0.093191192,13.14999962,158.1604004,3.799999952
Low Fat,NCC18,Household,2020,OUT017,Tier 2,High,Supermarket Type1,0.178272724,19.10000038,172.4421997,3.799999952
Low Fat,FDK55,Meat,2020,OUT017,Tier 2,High,Supermarket Type1,0.025907416,18.5,87.71720123,3.799999952
Low Fat,NCN55,Others,2020,OUT017,Tier 2,High,Supermarket Type1,0.059827007,14.60000038,239.2537994,3.799999952
Low Fat,NCQ38,Others,2020,OUT017,Tier 2,High,Supermarket Type1,0.013442036,16.35000038,104.5279999,3.799999952
Low Fat,FDT46,Snack Foods,2020,OUT017,Tier 2,High,Supermarket Type1,0.030981392,11.35000038,51.9007988,3.799999952
Low Fat,FDN10,Snack Foods,2020,OUT017,Tier 2,High,Supermarket Type1,0.0463847,11.5,118.9123993,3.799999952
Low Fat,FDA10,Snack Foods,2020,OUT017,Tier 2,High,Supermarket Type1,0.142618179,20.35000038,123.2071991,3.799999952
Low Fat,FDA34,Starchy Foods,2020,OUT017,Tier 2,High,Supermarket Type1,0.014944614,11.5,171.8079987,3.799999952
Low Fat,FDE59,Starchy Foods,2020,OUT017,Tier 2,High,Supermarket Type1,0.062640145,12.14999962,36.65319824,3.799999952
Regular,FDS36,Baking Goods,2015,OUT045,Tier 2,High,Supermarket Type1,0.04698243,8.380000114,108.1569977,3.799999952
Regular,FDI12,Baking Goods,2015,OUT045,Tier 2,High,Supermarket Type1,0.100602552,9.395000458,88.38559723,3.799999952
Regular,FDX36,Baking Goods,2015,OUT045,Tier 2,High,Supermarket Type1,0.128543407,9.694999695,226.5404053,3.799999952
Regular,FDH60,Baking Goods,2015,OUT045,Tier 2,High,Supermarket Type1,0,19.70000076,197.9109955,3.799999952
Regular,FDS59,Breads,2015,OUT045,Tier 2,High,Supermarket Type1,0.043982465,14.80000019,110.6569977,3.799999952
Regular,FDK25,Breakfast,2015,OUT045,Tier 2,High,Supermarket Type1,0.157149881,11.60000038,168.247406,3.799999952
Regular,FDH50,Canned,2015,OUT045,Tier 2,High,Supermarket Type1,0.161762834,15,185.9266052,3.799999952
Regular,FDR55,Fruits and Vegetables,2015,OUT045,Tier 2,High,Supermarket Type1,0.132351413,12.14999962,190.387207,3.799999952
Regular,FDZ39,Meat,2015,OUT045,Tier 2,High,Supermarket Type1,0.018061323,19.70000076,102.598999,3.799999952
Regular,FDE10,Snack Foods,2015,OUT045,Tier 2,High,Supermarket Type1,0.090130538,6.670000076,131.4626007,3.799999952
Regular,FDM45,Snack Foods,2015,OUT045,Tier 2,High,Supermarket Type1,0.088373594,8.654999733,119.3756027,3.799999952
Regular,FDF34,Snack Foods,2015,OUT045,Tier 2,High,Supermarket Type1,0.014047825,9.300000191,196.5084076,3.799999952
Regular,FDY60,Baking Goods,2020,OUT017,Tier 2,High,Supermarket Type1,0.026520107,10.5,144.8128052,3.799999952
Regular,FDB04,Dairy,2020,OUT017,Tier 2,High,Supermarket Type1,0.06358394,11.35000038,89.48560333,3.799999952
Regular,FDH52,Frozen Foods,2020,OUT017,Tier 2,High,Supermarket Type1,0.044151437,9.420000076,61.51940155,3.799999952
Regular,FDX52,Frozen Foods,2020,OUT017,Tier 2,High,Supermarket Type1,0.04224015,11.5,194.9819946,3.799999952
Regular,FDR44,Fruits and Vegetables,2020,OUT017,Tier 2,High,Supermarket Type1,0.103503048,6.110000134,129.6967926,3.799999952
Regular,FDV20,Fruits and Vegetables,2020,OUT017,Tier 2,Medium,Supermarket Type1,0,20.20000076,129.0677948,3.799999952
Regular,FDV27,Meat,2020,OUT017,Tier 2,Medium,Supermarket Type1,0.04021623,7.96999979,90.45140076,3.799999952
Regular,FDI34,Snack Foods,2020,OUT017,Tier 2,Medium,Supermarket Type1,0.08561752,10.64999962,229.366806,3.799999952
Low Fat,FDW58,Snack Foods,2017,OUT035,Tier 2,Small,Supermarket Type1,0.007551665,20.75,107.1622009,3.799999952
Low Fat,FDU36,Baking Goods,2017,OUT035,Tier 2,Small,Supermarket Type1,0.046262201,6.150000095,97.83840179,3.799999952
Low Fat,FDB60,Baking Goods,2017,OUT035,Tier 2,Small,Supermarket Type1,0.028516697,9.300000191,194.6136017,3.799999952
Low Fat,FDI26,Canned,2017,OUT035,Tier 2,Small,Supermarket Type1,0.034880143,5.940000057,177.9344025,3.799999952
Low Fat,FDR49,Canned,2017,OUT035,Tier 2,Small,Supermarket Type1,0.139202088,8.710000038,46.13759995,3.799999952
Low Fat,FDY13,Canned,2017,OUT035,Tier 2,Small,Supermarket Type1,0.030121708,12.10000038,78.06700134,3.799999952
Low Fat,FDT02,Dairy,2017,OUT035,Tier 2,Small,Supermarket Type1,0.024190156,12.60000038,34.48740005,3.799999952
Low Fat,NCP18,Household,2017,OUT035,Tier 2,Small,Supermarket Type1,0.028592842,12.14999962,151.0708008,3.799999952
Low Fat,NCX18,Household,2017,OUT035,Tier 2,Small,Supermarket Type1,0.00879232,14.14999962,195.0110016,3.799999952
Low Fat,NCB43,Household,2017,OUT035,Tier 2,Small,Supermarket Type1,0.099893421,20.20000076,187.6898041,3.799999952
Low Fat,FDE47,Starchy Foods,2017,OUT035,Tier 2,Small,Supermarket Type1,0.03790158,14.14999962,126.3046036,3.799999952
Regular,FDS36,Baking Goods,2017,OUT035,Tier 2,Small,Supermarket Type1,0.046878476,8.380000114,109.8570023,3.799999952
Regular,FDM12,Baking Goods,2017,OUT035,Tier 2,Small,Supermarket Type1,0.069903776,16.70000076,188.6213989,3.799999952
Regular,FDB26,Canned,2017,OUT035,Tier 2,Small,Supermarket Type1,0.031261582,14,52.56399918,3.799999952
Regular,FDH56,Fruits and Vegetables,2017,OUT035,Tier 2,Small,Supermarket Type1,0.063805141,9.800000191,117.3491974,3.799999952
Regular,FDU31,Fruits and Vegetables,2017,OUT035,Tier 2,Small,Supermarket Type1,0.02498633,10.5,216.7507935,3.799999952
Regular,FDG10,Snack Foods,2017,OUT035,Tier 2,Small,Supermarket Type1,0.010937229,6.630000114,55.85879898,3.799999952
Regular,FDS58,Snack Foods,2017,OUT035,Tier 2,Small,Supermarket Type1,0.021002641,9.284999847,161.1578064,3.799999952
Regular,DRM49,Soft Drinks,2017,OUT035,Tier 2,Small,Supermarket Type1,0.151925266,6.110000134,46.60860062,3.799999952
Low Fat,NCS42,Household,2017,OUT035,Tier 2,Small,Supermarket Type1,0.069403343,8.600000381,91.21459961,3.799999952
Low Fat,FDU23,Breads,2011,OUT010,Tier 3,Medium,Grocery Store,0.036360677,12.14999962,166.0184021,3.799999952
Low Fat,FDX01,Canned,2011,OUT010,Tier 3,Medium,Grocery Store,0.040446144,10.10000038,118.1149979,3.799999952
Low Fat,FDA43,Fruits and Vegetables,2011,OUT010,Tier 3,Medium,Grocery Store,0.108253941,10.89500046,194.8793945,3.799999952
Low Fat,NCN29,Health and Hygiene,2011,OUT010,Tier 3,Medium,Grocery Store,0.020280477,15.19999981,49.10340118,3.799999952
Low Fat,NCZ30,Household,2011,OUT010,Tier 3,Medium,Grocery Store,0.043828294,6.590000153,121.4097977,3.799999952
Low Fat,NCH30,Household,2011,OUT010,Tier 3,Medium,Grocery Store,0.112402119,17.10000038,112.9860001,3.799999952
Low Fat,FDL46,Snack Foods,2011,OUT010,Tier 3,High,Grocery Store,0.090480216,20.35000038,119.5466003,3.799999952
Regular,FDE17,Frozen Foods,2011,OUT010,Tier 3,High,Grocery Store,0,20.10000038,152.2366028,3.799999952
Regular,FDQ08,Fruits and Vegetables,2011,OUT010,Tier 3,High,Grocery Store,0.031685527,15.69999981,63.15359879,3.799999952
Regular,FDT32,Fruits and Vegetables,2011,OUT010,Tier 3,High,Grocery Store,0.109857753,19,188.8213959,3.799999952
Regular,FDM09,Snack Foods,2011,OUT010,Tier 3,High,Grocery Store,0.143831789,11.14999962,169.9790039,3.799999952
Regular,FDD10,Snack Foods,2011,OUT010,Tier 3,Small,Grocery Store,0.077029198,20.60000038,177.2344055,3.799999952
Regular,FDS21,Snack Foods,2011,OUT010,Tier 3,Small,Grocery Store,0.034942396,19.85000038,61.91939926,3.799999952
Low Fat,FDW49,Canned,2000,OUT013,Tier 3,High,Supermarket Type1,0.082483515,19.5,179.2001953,3.799999952
Low Fat,FDW11,Breads,2000,OUT013,Tier 3,High,Supermarket Type1,0.048741486,12.60000038,60.41939926,3.799999952
Low Fat,FDH27,Dairy,2000,OUT013,Tier 3,High,Supermarket Type1,0.058298383,7.074999809,145.8128052,3.799999952
Low Fat,FDU07,Fruits and Vegetables,2000,OUT013,Tier 3,High,Supermarket Type1,0.059797172,11.10000038,151.8365936,3.799999952
Low Fat,FDI32,Fruits and Vegetables,2000,OUT013,Tier 3,High,Supermarket Type1,0.17422834,17.70000076,117.183403,3.799999952
Low Fat,DRK23,Hard Drinks,2000,OUT013,Tier 3,High,Supermarket Type1,0.071916752,8.395000458,254.8040009,3.799999952
Low Fat,NCJ17,Health and Hygiene,2000,OUT013,Tier 3,High,Supermarket Type1,0.152429536,7.679999828,85.5223999,3.799999952
Low Fat,NCY29,Health and Hygiene,2000,OUT013,Tier 3,High,Supermarket Type1,0.077169843,13.64999962,55.5929985,3.799999952
Low Fat,NCO54,Household,2000,OUT013,Tier 3,High,Supermarket Type1,0.014262413,19.5,57.16139984,3.799999952
Low Fat,NCN19,Others,2000,OUT013,Tier 3,High,Supermarket Type1,0.012089479,13.10000038,189.8529968,3.799999952
Low Fat,NCQ38,Others,2000,OUT013,Tier 3,High,Supermarket Type1,0.013355306,16.35000038,105.5279999,3.799999952
Regular,FDZ36,Baking Goods,2000,OUT013,Tier 3,High,Supermarket Type1,0.065729037,6.034999847,188.3240051,3.799999952
Regular,FDL24,Baking Goods,2000,OUT013,Tier 3,High,Supermarket Type1,0.024875872,10.30000019,173.0422058,3.799999952
Regular,FDV60,Baking Goods,2000,OUT013,Tier 3,High,Supermarket Type1,0,20.20000076,197.2109985,3.799999952
Regular,FDJ38,Canned,2000,OUT013,Tier 3,High,Supermarket Type1,0.040172078,8.600000381,188.5529938,3.799999952
Regular,FDD38,Canned,2000,OUT013,Tier 3,High,Supermarket Type1,0.008184912,16.75,101.2674026,3.799999952
Regular,FDD40,Dairy,2000,OUT013,Tier 3,High,Supermarket Type1,0.014781046,20.25,193.8161926,3.799999952
Regular,FDS16,Frozen Foods,2000,OUT013,Tier 3,High,Supermarket Type1,0.066121876,15.14999962,145.6759949,3.799999952
Regular,FDY03,Meat,2000,OUT013,Tier 3,High,Supermarket Type1,0.076058485,17.60000038,111.8201981,3.799999952
Regular,FDO09,Snack Foods,2000,OUT013,Tier 3,High,Supermarket Type1,0.125170425,13.5,261.4909973,3.799999952
Regular,FDV22,Snack Foods,2000,OUT013,Tier 3,High,Supermarket Type1,0.009930514,14.85000038,157.4629974,3.799999952
Low Fat,FDW35,Breads,2022,OUT018,Tier 3,Medium,Supermarket Type2,0.011134397,10.60000038,42.84540176,3.799999952
Low Fat,FDH24,Baking Goods,2022,OUT018,Tier 3,Medium,Supermarket Type2,0.021518435,20.70000076,157.5287933,3.799999952
Low Fat,FDA38,Dairy,2022,OUT018,Tier 3,Medium,Supermarket Type2,0.025583714,5.440000057,239.1537933,3.799999952
Low Fat,FDB51,Dairy,2022,OUT018,Tier 3,Medium,Supermarket Type2,0.038610723,6.920000076,61.48519897,3.799999952
Low Fat,FDV02,Dairy,2022,OUT018,Tier 3,Medium,Supermarket Type2,0.060792264,16.75,170.4105988,3.799999952
Low Fat,FDX50,Dairy,2022,OUT018,Tier 3,Medium,Supermarket Type2,0.074931204,20.10000038,108.9227982,3.799999952
Low Fat,FDR26,Dairy,2022,OUT018,Tier 3,Medium,Supermarket Type2,0.043011278,20.70000076,177.2028046,3.799999952
Low Fat,FDP04,Frozen Foods,2022,OUT018,Tier 3,Medium,Supermarket Type2,0.013869039,15.35000038,62.51679993,3.799999952
Low Fat,FDI52,Frozen Foods,2022,OUT018,Tier 3,Medium,Supermarket Type2,0.105104551,18.70000076,121.7071991,3.799999952
Low Fat,NCO17,Health and Hygiene,2022,OUT018,Tier 3,Medium,Supermarket Type2,0.073678665,10,120.9440002,3.799999952
Low Fat,NCK53,Health and Hygiene,2022,OUT018,Tier 3,Medium,Supermarket Type2,0.037734333,11.60000038,98.10420227,3.799999952
Low Fat,NCL41,Health and Hygiene,2022,OUT018,Tier 3,Medium,Supermarket Type2,0.041907649,12.35000038,36.22159958,3.799999952
Low Fat,NCD42,Health and Hygiene,2022,OUT018,Tier 3,Medium,Supermarket Type2,0.012689327,16.5,39.75059891,3.799999952
Low Fat,NCX17,Health and Hygiene,2022,OUT018,Tier 3,Medium,Supermarket Type2,0.114066206,21.25,233.0299988,3.799999952
Low Fat,NCP02,Household,2022,OUT018,Tier 3,Medium,Supermarket Type2,0.044991296,7.105000019,59.25619888,3.799999952
Low Fat,NCC55,Household,2022,OUT018,Tier 3,Medium,Supermarket Type2,0.064022884,10.69499969,36.08480072,3.799999952
Low Fat,FDK15,Meat,2022,OUT018,Tier 3,Medium,Supermarket Type2,0.098814718,10.80000019,100.5042038,3.799999952
Low Fat,NCO43,Others,2022,OUT018,Tier 3,Medium,Supermarket Type2,0.047290068,5.5,100.5016022,3.799999952
Low Fat,FDQ34,Snack Foods,2022,OUT018,Tier 3,Medium,Supermarket Type2,0.162903532,10.85000038,104.9621964,3.799999952
Low Fat,FDB59,Snack Foods,2022,OUT018,Tier 3,Medium,Supermarket Type2,0.015341139,18.25,200.0084076,3.799999952
Low Fat,DRA12,Soft Drinks,2022,OUT018,Tier 3,Medium,Supermarket Type2,0.041112695,11.60000038,142.0153961,3.799999952
Low Fat,DRH49,Soft Drinks,2022,OUT018,Tier 3,Medium,Supermarket Type2,0.024756031,19.70000076,83.85919952,3.799999952
Regular,FDZ36,Baking Goods,2022,OUT018,Tier 3,Medium,Supermarket Type2,0.066051759,6.034999847,187.723999,3.799999952
Regular,FDB49,Baking Goods,2022,OUT018,Tier 3,Medium,Supermarket Type2,0.030274175,8.300000191,98.53839874,3.799999952
Regular,FDU49,Canned,2022,OUT018,Tier 3,Medium,Supermarket Type2,0.030819397,19.5,86.05400085,3.799999952
Regular,FDX27,Dairy,2022,OUT018,Tier 3,Medium,Supermarket Type2,0.114581957,20.70000076,94.34359741,3.799999952
Regular,FDQ31,Fruits and Vegetables,2022,OUT018,Tier 3,Medium,Supermarket Type2,0.054066569,5.784999847,87.08560181,3.799999952
Regular,FDG08,Fruits and Vegetables,2022,OUT018,Tier 3,Medium,Supermarket Type2,0.166032925,13.14999962,170.8764038,3.799999952
Regular,FDO19,Fruits and Vegetables,2022,OUT018,Tier 3,Medium,Supermarket Type2,0.016664252,17.70000076,47.90340042,3.799999952
Low Fat,FDI20,Fruits and Vegetables,1998,OUT027,Tier 3,Medium,Supermarket Type3,0.038377013,12.85764534,211.5585938,3.799999952
Low Fat,FDX24,Baking Goods,1998,OUT027,Tier 3,Medium,Supermarket Type3,0.013861607,12.85764534,94.44619751,3.799999952
Low Fat,FDO50,Canned,1998,OUT027,Tier 3,Medium,Supermarket Type3,0.077790201,12.85764534,93.08039856,3.799999952
Low Fat,FDV49,Canned,1998,OUT027,Tier 3,Medium,Supermarket Type3,0.025702128,12.85764534,262.6225891,3.799999952
Low Fat,FDD29,Frozen Foods,1998,OUT027,Tier 3,Medium,Supermarket Type3,0.018321361,12.85764534,255.3697968,3.799999952
Low Fat,FDE09,Fruits and Vegetables,1998,OUT027,Tier 3,Medium,Supermarket Type3,0.021498768,12.85764534,111.5227966,3.799999952
Low Fat,FDJ32,Fruits and Vegetables,1998,OUT027,Tier 3,Medium,Supermarket Type3,0.057512481,12.85764534,62.55360031,3.799999952
Low Fat,FDN32,Fruits and Vegetables,1998,OUT027,Tier 3,Medium,Supermarket Type3,0.015485016,12.85764534,185.6266022,3.799999952
Low Fat,FDZ56,Fruits and Vegetables,1998,OUT027,Tier 3,Medium,Supermarket Type3,0.025612349,12.85764534,168.247406,3.799999952
Low Fat,DRI23,Hard Drinks,1998,OUT027,Tier 3,Medium,Supermarket Type3,0.136532575,12.85764534,159.6578064,3.799999952
Low Fat,DRL47,Hard Drinks,1998,OUT027,Tier 3,Medium,Supermarket Type3,0.038549196,12.85764534,127.5362015,3.799999952
Low Fat,NCB07,Household,1998,OUT027,Tier 3,Medium,Supermarket Type3,0.077132218,12.85764534,197.4109955,3.799999952
Low Fat,NCF42,Household,1998,OUT027,Tier 3,Medium,Supermarket Type3,0.166572496,12.85764534,176.1712036,3.799999952
Low Fat,NCK06,Household,1998,OUT027,Tier 3,Medium,Supermarket Type3,0.008604657,12.85764534,123.1755981,3.799999952
Low Fat,NCM07,Others,1998,OUT027,Tier 3,Medium,Supermarket Type3,0.03976832,12.85764534,83.99079895,3.799999952
Low Fat,NCO02,Others,1998,OUT027,Tier 3,Medium,Supermarket Type3,0.073012874,12.85764534,67.5141983,3.799999952
Low Fat,FDI57,Seafood,1998,OUT027,Tier 3,Medium,Supermarket Type3,0.053764023,12.85764534,195.7767944,3.799999952
Low Fat,FDE46,Snack Foods,1998,OUT027,Tier 3,Medium,Supermarket Type3,0.015693327,12.85764534,150.7366028,3.799999952
Regular,FDJ36,Baking Goods,1998,OUT027,Tier 3,Medium,Supermarket Type3,0.127638966,12.85764534,104.5332031,3.799999952
Regular,FDB38,Canned,1998,OUT027,Tier 3,Medium,Supermarket Type3,0.027214272,12.85764534,159.6920013,3.799999952
Regular,FDD26,Canned,1998,OUT027,Tier 3,Medium,Supermarket Type3,0.071806043,12.85764534,186.5924072,3.799999952
Regular,FDR01,Canned,1998,OUT027,Tier 3,Medium,Supermarket Type3,0.053361621,12.85764534,200.1741943,3.799999952
Regular,FDR25,Canned,1998,OUT027,Tier 3,Medium,Supermarket Type3,0.138846293,12.85764534,263.7883911,3.799999952
Regular,FDN03,Meat,1998,OUT027,Tier 3,Medium,Supermarket Type3,0.015016891,12.85764534,248.6407928,3.799999952
Regular,FDR27,Meat,1998,OUT027,Tier 3,Medium,Supermarket Type3,0.095635064,12.85764534,130.7942047,3.799999952
Regular,FDU51,Meat,1998,OUT027,Tier 3,Medium,Supermarket Type3,0.096046306,12.85764534,178.7028046,3.799999952
Regular,FDX39,Meat,1998,OUT027,Tier 3,Medium,Supermarket Type3,0.049435597,12.85764534,209.758606,3.799999952
Regular,FDT09,Snack Foods,1998,OUT027,Tier 3,Medium,Supermarket Type3,0.012203915,12.85764534,133.2283936,3.799999952
Low Fat,FDQ20,Fruits and Vegetables,1998,OUT027,Tier 3,Medium,Supermarket Type3,0.029640604,12.85764534,40.81380081,3.799999952
Regular,FDX07,Fruits and Vegetables,2011,OUT010,Tier 3,Small,Grocery Store,0,19.20000076,182.0950012,3.700000048
Low Fat,FDO23,Breads,2015,OUT045,Tier 2,Small,Supermarket Type1,0,17.85000038,93.14360046,3.700000048
Regular,FDX10,Snack Foods,1998,OUT027,Tier 3,Medium,Supermarket Type3,0.123111457,12.85764534,36.98740005,3.700000048
Regular,FDL12,Baking Goods,2010,OUT046,Tier 1,Small,Supermarket Type1,0.121632718,15.85000038,60.62200165,3.700000048
Low Fat,FDY21,Snack Foods,2010,OUT046,Tier 1,Small,Supermarket Type1,0.1734813,15.10000038,194.5110016,3.700000048
Low Fat,NCP18,Household,1998,OUT027,Tier 3,Medium,Supermarket Type3,0.028459761,12.85764534,149.9707947,3.700000048
Regular,DRB48,Soft Drinks,2000,OUT013,Tier 3,High,Supermarket Type1,0.024832806,16.75,38.78219986,3.700000048
Low Fat,NCO26,Household,2010,OUT046,Tier 1,Small,Supermarket Type1,0.07685563,7.235000134,116.049202,3.700000048
Low Fat,FDA45,Snack Foods,2017,OUT035,Tier 2,Small,Supermarket Type1,0.155350298,21.25,178.2369995,3.700000048
Low Fat,FDR07,Fruits and Vegetables,1998,OUT027,Tier 3,Medium,Supermarket Type3,0.077367432,12.85764534,97.00939941,3.700000048
Low Fat,NCB30,Household,1998,OUT027,Tier 3,Medium,Supermarket Type3,0.025578527,12.85764534,198.8083954,3.700000048
Regular,FDX49,Canned,1998,OUT027,Tier 3,Medium,Supermarket Type3,0.101338647,12.85764534,232.6300049,3.700000048
Regular,FDS45,Snack Foods,1998,OUT019,Tier 1,Small,Grocery Store,0.051643606,12.85764534,107.3621979,3.700000048
Low Fat,FDY59,Baking Goods,2012,OUT049,Tier 1,Medium,Supermarket Type1,0.031452265,8.194999695,94.34619904,3.700000048
Regular,FDW43,Fruits and Vegetables,2012,OUT049,Tier 1,Medium,Supermarket Type1,0.022460101,20.10000038,226.8036041,3.700000048
Low Fat,NCM07,Others,2017,OUT035,Tier 2,Small,Supermarket Type1,0.039954282,9.395000458,82.49079895,3.700000048
Low Fat,NCM55,Others,2011,OUT010,Tier 3,Medium,Grocery Store,0.111685865,15.60000038,184.7924042,3.700000048
Regular,FDK20,Fruits and Vegetables,2012,OUT049,Tier 1,Medium,Supermarket Type1,0.041622262,12.60000038,124.0072021,3.700000048
Low Fat,DRK23,Hard Drinks,2022,OUT018,Tier 3,Medium,Supermarket Type2,0.072269849,8.395000458,254.1040039,3.700000048
Regular,FDX33,Snack Foods,1998,OUT027,Tier 3,Medium,Supermarket Type3,0.116915911,12.85764534,159.4577942,3.700000048
Regular,FDY02,Dairy,2020,OUT017,Tier 2,Medium,Supermarket Type1,0,8.944999695,264.7909851,3.700000048
Low Fat,FDD50,Canned,2010,OUT046,Tier 1,Small,Supermarket Type1,0.141642213,18.85000038,168.113205,3.700000048
Low Fat,FDK34,Snack Foods,2000,OUT013,Tier 3,High,Supermarket Type1,0.038494624,13.35000038,240.2563934,3.700000048
Regular,FDE35,Starchy Foods,2011,OUT010,Tier 3,Medium,Grocery Store,0.073480263,7.059999943,58.89039993,3.700000048
Regular,FDS21,Snack Foods,2022,OUT018,Tier 3,Medium,Supermarket Type2,0.020961192,19.85000038,62.01940155,3.700000048
Low Fat,FDQ56,Fruits and Vegetables,2017,OUT035,Tier 2,Small,Supermarket Type1,0.10557735,6.590000153,85.69080353,3.700000048
Low Fat,FDH10,Snack Foods,2000,OUT013,Tier 3,High,Supermarket Type1,0.04926398,21,195.0478058,3.700000048
Low Fat,FDR14,Dairy,2020,OUT017,Tier 2,Medium,Supermarket Type1,0.175033525,11.64999962,55.52980042,3.700000048
Low Fat,FDO13,Breakfast,2020,OUT017,Tier 2,Medium,Supermarket Type1,0.061405051,7.864999771,166.3526001,3.700000048
Low Fat,FDZ56,Fruits and Vegetables,2000,OUT013,Tier 3,High,Supermarket Type1,0.025715562,16.25,168.1473999,3.700000048
Low Fat,FDK40,Frozen Foods,2012,OUT049,Tier 1,Medium,Supermarket Type1,0.021883368,7.034999847,263.7909851,3.700000048
Low Fat,FDQ16,Frozen Foods,2012,OUT049,Tier 1,Medium,Supermarket Type1,0.041803289,19.70000076,110.3911972,3.700000048
Low Fat,FDY31,Fruits and Vegetables,2012,OUT049,Tier 1,Medium,Supermarket Type1,0.043630581,5.980000019,148.241806,3.700000048
Low Fat,FDW36,Baking Goods,2012,OUT049,Tier 1,Medium,Supermarket Type1,0.057021156,11.14999962,106.8621979,3.700000048
Low Fat,FDV50,Dairy,2012,OUT049,Tier 1,Medium,Supermarket Type1,0.122761779,14.30000019,124.3730011,3.700000048
Low Fat,FDC41,Frozen Foods,2012,OUT049,Tier 1,Medium,Supermarket Type1,0.117095016,15.60000038,78.06700134,3.700000048
Low Fat,DRN59,Hard Drinks,2012,OUT049,Tier 1,Medium,Supermarket Type1,0.064241342,15,45.20600128,3.700000048
Low Fat,NCN05,Health and Hygiene,2012,OUT049,Tier 1,Medium,Supermarket Type1,0.014482153,8.234999657,182.2949982,3.700000048
Low Fat,NCS53,Health and Hygiene,2012,OUT049,Tier 1,Medium,Supermarket Type1,0.089917772,14.5,160.3603973,3.700000048
Low Fat,NCD07,Household,2012,OUT049,Tier 1,Medium,Supermarket Type1,0.055514921,9.100000381,112.5518036,3.700000048
Low Fat,NCC07,Household,2012,OUT049,Tier 1,Medium,Supermarket Type1,0.023988387,19.60000038,104.5963974,3.700000048
Low Fat,FDH34,Snack Foods,2012,OUT049,Tier 1,Medium,Supermarket Type1,0.031143591,8.630000114,183.9582062,3.700000048
Low Fat,FDP58,Snack Foods,2012,OUT049,Tier 1,Medium,Supermarket Type1,0,11.10000038,220.7481995,3.700000048
Low Fat,FDS57,Snack Foods,2012,OUT049,Tier 1,Medium,Supermarket Type1,0.103603095,15.5,143.5469971,3.700000048
Low Fat,FDB59,Snack Foods,2012,OUT049,Tier 1,Medium,Supermarket Type1,0.015302653,18.25,198.0084076,3.700000048
Regular,FDK60,Baking Goods,2012,OUT049,Tier 1,Medium,Supermarket Type1,0.094010212,16.5,95.20680237,3.700000048
Regular,FDO01,Breakfast,2012,OUT049,Tier 1,Medium,Supermarket Type1,0.020750867,21.10000038,128.7993927,3.700000048
Regular,FDR32,Fruits and Vegetables,2012,OUT049,Tier 1,Medium,Supermarket Type1,0,6.78000021,227.569397,3.700000048
Regular,FDT32,Fruits and Vegetables,2012,OUT049,Tier 1,Medium,Supermarket Type1,0.065735973,19,189.6213989,3.700000048
Regular,DRB13,Soft Drinks,2012,OUT049,Tier 1,Medium,Supermarket Type1,0.007055292,6.114999771,188.6529999,3.700000048
Low Fat,FDN24,Baking Goods,1998,OUT019,Tier 1,Small,Grocery Store,0.198316649,12.85764534,54.39559937,3.700000048
Low Fat,FDB09,Fruits and Vegetables,1998,OUT019,Tier 1,Small,Grocery Store,0.100493148,12.85764534,123.104599,3.700000048
Low Fat,NCE19,Household,1998,OUT019,Tier 1,Small,Grocery Store,0.162856594,12.85764534,54.59560013,3.700000048
Low Fat,NCQ30,Household,1998,OUT019,Tier 1,Small,Grocery Store,0.050901815,12.85764534,120.5413971,3.700000048
Low Fat,FDK27,Meat,1998,OUT019,Tier 1,Small,Grocery Store,0.015664229,12.85764534,122.2755966,3.700000048
Low Fat,FDP39,Meat,1998,OUT019,Tier 1,Small,Grocery Store,0.121554151,12.85764534,53.73239899,3.700000048
Low Fat,NCL07,Others,1998,OUT019,Tier 1,Small,Grocery Store,0.054869771,12.85764534,40.54800034,3.700000048
Low Fat,FDP46,Snack Foods,1998,OUT019,Tier 1,Small,Grocery Store,0.13064231,12.85764534,88.38300323,3.700000048
Low Fat,FDV46,Snack Foods,1998,OUT019,Tier 1,Small,Grocery Store,0.022074765,12.85764534,141.4179993,3.700000048
Low Fat,DRH13,Soft Drinks,1998,OUT019,Tier 1,Small,Grocery Store,0.041821226,12.85764534,107.6279984,3.700000048
Regular,FDR01,Canned,1998,OUT019,Tier 1,Small,Grocery Store,0.093883947,12.85764534,200.4741974,3.700000048
Regular,FDU01,Canned,1998,OUT019,Tier 1,Small,Grocery Store,0.021002172,12.85764534,185.1923981,3.700000048
Regular,FDT07,Fruits and Vegetables,1998,OUT019,Tier 1,Small,Grocery Store,0.135375723,12.85764534,256.1329956,3.700000048
Low Fat,FDX60,Baking Goods,2010,OUT046,Tier 1,Small,Supermarket Type1,0.08059413,14.35000038,80.9960022,3.700000048
Low Fat,FDG16,Frozen Foods,2010,OUT046,Tier 1,Small,Supermarket Type1,0.089816809,15.25,217.3191986,3.700000048
Low Fat,FDH08,Fruits and Vegetables,2010,OUT046,Tier 1,Small,Supermarket Type1,0.01742908,7.510000229,229.6009979,3.700000048
Low Fat,FDR08,Fruits and Vegetables,2010,OUT046,Tier 1,Small,Supermarket Type1,0.037622955,18.70000076,110.7885971,3.700000048
Low Fat,FDI20,Fruits and Vegetables,2010,OUT046,Tier 1,Small,Supermarket Type1,0.038563762,19.10000038,209.258606,3.700000048
Low Fat,FDM32,Fruits and Vegetables,2010,OUT046,Tier 1,Small,Supermarket Type1,0.020605031,20.5,91.08300018,3.700000048
Low Fat,NCV53,Health and Hygiene,2010,OUT046,Tier 1,Small,Supermarket Type1,0.018813601,8.270000458,237.9880066,3.700000048
Low Fat,NCG42,Household,2010,OUT046,Tier 1,Small,Supermarket Type1,0.041227832,19.20000076,129.8309937,3.700000048
Low Fat,NCO07,Others,2010,OUT046,Tier 1,Small,Supermarket Type1,0.009776268,9.06000042,213.7559967,3.700000048
Low Fat,DRI13,Soft Drinks,2010,OUT046,Tier 1,Small,Supermarket Type1,0.020326963,15.35000038,216.7507935,3.700000048
Regular,FDI36,Baking Goods,2010,OUT046,Tier 1,Small,Supermarket Type1,0.062343433,12.5,199.7425995,3.700000048
Regular,FDO52,Frozen Foods,2010,OUT046,Tier 1,Small,Supermarket Type1,0.077164598,11.60000038,172.5106049,3.700000048
Regular,FDF56,Fruits and Vegetables,2010,OUT046,Tier 1,Small,Supermarket Type1,0.119462222,16.70000076,182.7976074,3.700000048
Low Fat,NCB42,Health and Hygiene,2015,OUT045,Tier 2,Medium,Supermarket Type1,0.008578539,11.80000019,117.6492004,3.700000048
Low Fat,FDN44,Fruits and Vegetables,2020,OUT017,Tier 2,Medium,Supermarket Type1,0.022924552,13.14999962,157.8919983,3.700000048
Low Fat,FDA32,Fruits and Vegetables,2020,OUT017,Tier 2,Medium,Supermarket Type1,0,14,216.9192047,3.700000048
Low Fat,FDT25,Canned,2015,OUT045,Tier 2,Medium,Supermarket Type1,0.050853901,7.5,121.7071991,3.700000048
Low Fat,FDE26,Canned,2015,OUT045,Tier 2,Medium,Supermarket Type1,0.089186274,9.300000191,145.3786011,3.700000048
Low Fat,FDG16,Frozen Foods,2015,OUT045,Tier 2,Medium,Supermarket Type1,0.08999896,15.25,215.1192017,3.700000048
Low Fat,FDO32,Fruits and Vegetables,2015,OUT045,Tier 2,Medium,Supermarket Type1,0.120788075,6.360000134,45.70600128,3.700000048
Low Fat,FDI20,Fruits and Vegetables,2015,OUT045,Tier 2,Medium,Supermarket Type1,0.038641967,19.10000038,212.1585999,3.700000048
Low Fat,DRL35,Hard Drinks,2015,OUT045,Tier 2,Small,Supermarket Type1,0.030765899,15.69999981,43.27700043,3.700000048
Low Fat,NCL53,Health and Hygiene,2015,OUT045,Tier 2,Small,Supermarket Type1,0.036308404,7.5,175.4028015,3.700000048
Low Fat,NCK30,Household,2015,OUT045,Tier 2,Small,Supermarket Type1,0.061102234,14.85000038,253.2698059,3.700000048
Low Fat,NCP43,Others,2015,OUT045,Tier 2,Small,Supermarket Type1,0.030568918,17.75,177.8659973,3.700000048
Low Fat,FDF22,Snack Foods,2015,OUT045,Tier 2,Small,Supermarket Type1,0.056945935,6.864999771,214.6217957,3.700000048
Low Fat,FDT48,Baking Goods,2020,OUT017,Tier 2,Small,Supermarket Type1,0.046214972,4.920000076,199.8083954,3.700000048
Low Fat,FDU25,Canned,2020,OUT017,Tier 2,Small,Supermarket Type1,0.026832182,12.35000038,57.32460022,3.700000048
Low Fat,FDO04,Frozen Foods,2020,OUT017,Tier 2,Small,Supermarket Type1,0,16.60000038,54.66139984,3.700000048
Low Fat,FDG29,Frozen Foods,2020,OUT017,Tier 2,Small,Supermarket Type1,0.056610331,17.60000038,41.74539948,3.700000048
Low Fat,NCO17,Health and Hygiene,2020,OUT017,Tier 2,Small,Supermarket Type1,0.073794812,10,121.4440002,3.700000048
Low Fat,NCZ30,Household,2020,OUT017,Tier 2,Small,Supermarket Type1,0,6.590000153,119.1098022,3.700000048
Low Fat,FDK27,Meat,2020,OUT017,Tier 2,High,Supermarket Type1,0.008997141,11,119.9756012,3.700000048
Low Fat,DRL49,Soft Drinks,2020,OUT017,Tier 2,High,Supermarket Type1,0.056748211,13.14999962,144.3811951,3.700000048
Regular,FDN56,Fruits and Vegetables,2015,OUT045,Tier 2,High,Supermarket Type1,0.107274301,5.460000038,145.578598,3.700000048
Regular,FDV56,Fruits and Vegetables,2015,OUT045,Tier 2,High,Supermarket Type1,0.013623294,16.10000038,109.3595963,3.700000048
Regular,FDU20,Fruits and Vegetables,2015,OUT045,Tier 2,High,Supermarket Type1,0.021501066,19.35000038,122.2098007,3.700000048
Regular,FDV33,Snack Foods,2015,OUT045,Tier 2,High,Supermarket Type1,0.027399063,9.600000381,258.3304138,3.700000048
Regular,FDN22,Snack Foods,2015,OUT045,Tier 2,High,Supermarket Type1,0.138585865,18.85000038,252.4723969,3.700000048
Regular,FDB23,Starchy Foods,2015,OUT045,Tier 2,High,Supermarket Type1,0,19.20000076,223.8061981,3.700000048
Regular,FDT35,Breads,2020,OUT017,Tier 2,High,Supermarket Type1,0.081916124,19.85000038,167.6815948,3.700000048
Regular,FDD38,Canned,2020,OUT017,Tier 2,High,Supermarket Type1,0.008238064,16.75,101.9673996,3.700000048
Regular,FDI40,Frozen Foods,2020,OUT017,Tier 2,High,Supermarket Type1,0.126313418,11.5,100.6358032,3.700000048
Regular,FDB29,Frozen Foods,2020,OUT017,Tier 2,High,Supermarket Type1,0.052708138,16.70000076,114.717598,3.700000048
Regular,FDK10,Snack Foods,2020,OUT017,Tier 2,Medium,Supermarket Type1,0.040587146,5.784999847,180.3659973,3.700000048
Regular,FDT09,Snack Foods,2020,OUT017,Tier 2,Medium,Supermarket Type1,0.012332667,15.14999962,130.0283966,3.700000048
Low Fat,FDO12,Baking Goods,2017,OUT035,Tier 2,Small,Supermarket Type1,0.054920144,15.75,195.8451996,3.700000048
Low Fat,FDU23,Breads,2017,OUT035,Tier 2,Small,Supermarket Type1,0.021719387,12.14999962,163.1183929,3.700000048
Low Fat,FDJ50,Canned,2017,OUT035,Tier 2,Small,Supermarket Type1,0.021581922,8.645000458,53.39820099,3.700000048
Low Fat,FDX02,Dairy,2017,OUT035,Tier 2,Small,Supermarket Type1,0.057049301,16,225.9403992,3.700000048
Low Fat,DRE03,Dairy,2017,OUT035,Tier 2,Small,Supermarket Type1,0.024222322,19.60000038,45.57180023,3.700000048
Low Fat,FDK16,Frozen Foods,2017,OUT035,Tier 2,Small,Supermarket Type1,0.115307979,9.06499958,97.00939941,3.700000048
Low Fat,FDG04,Frozen Foods,2017,OUT035,Tier 2,Small,Supermarket Type1,0.006061565,13.10000038,188.9898071,3.700000048
Low Fat,FDB53,Frozen Foods,2017,OUT035,Tier 2,Small,Supermarket Type1,0.139426038,13.35000038,148.3392029,3.700000048
Low Fat,NCW17,Health and Hygiene,2017,OUT035,Tier 2,Small,Supermarket Type1,0.019382568,18,129.3993988,3.700000048
Low Fat,NCP05,Health and Hygiene,2017,OUT035,Tier 2,Small,Supermarket Type1,0.025281802,19.60000038,152.0023956,3.700000048
Low Fat,NCT42,Household,2017,OUT035,Tier 2,Small,Supermarket Type1,0.024882615,5.880000114,149.4391937,3.700000048
Low Fat,NCT30,Household,2017,OUT035,Tier 2,Small,Supermarket Type1,0.080277704,9.100000381,47.27180099,3.700000048
Low Fat,NCE18,Household,2017,OUT035,Tier 2,Small,Supermarket Type1,0.021421289,10,248.375,3.700000048
Low Fat,FDL33,Snack Foods,2017,OUT035,Tier 2,Small,Supermarket Type1,0,7.235000134,197.2451935,3.700000048
Low Fat,FDM21,Snack Foods,2017,OUT035,Tier 2,Small,Supermarket Type1,0.064351909,20.20000076,259.4645996,3.700000048
Regular,FDQ47,Breads,2017,OUT035,Tier 2,Small,Supermarket Type1,0.168154567,7.15500021,33.78739929,3.700000048
Regular,FDN49,Breakfast,2017,OUT035,Tier 2,Small,Supermarket Type1,0.125200793,17.25,41.64799881,3.700000048
Regular,FDE51,Dairy,2017,OUT035,Tier 2,Small,Supermarket Type1,0.096449092,5.925000191,43.80860138,3.700000048
Regular,FDZ26,Dairy,2017,OUT035,Tier 2,Small,Supermarket Type1,0.143990174,11.60000038,239.6221924,3.700000048
Regular,FDQ40,Frozen Foods,2017,OUT035,Tier 2,Small,Supermarket Type1,0.036020711,11.10000038,177.2711945,3.700000048
Regular,FDI40,Frozen Foods,2017,OUT035,Tier 2,Small,Supermarket Type1,0.125579208,11.5,99.7358017,3.700000048
Regular,FDJ40,Frozen Foods,2017,OUT035,Tier 2,Small,Supermarket Type1,0.049579885,13.60000038,110.0912018,3.700000048
Regular,FDV19,Fruits and Vegetables,2017,OUT035,Tier 2,Small,Supermarket Type1,0.035250369,14.85000038,160.9577942,3.700000048
Regular,FDN58,Snack Foods,2017,OUT035,Tier 2,Small,Supermarket Type1,0.056861639,13.80000019,231.5984039,3.700000048
Regular,FDL14,Canned,2017,OUT035,Tier 2,Small,Supermarket Type1,0.032152787,8.114999771,157.3972015,3.700000048
Low Fat,FDB28,Dairy,2011,OUT010,Tier 3,Medium,Grocery Store,0.15630798,6.614999771,196.3426056,3.700000048
Low Fat,FDJ41,Frozen Foods,2011,OUT010,Tier 3,Medium,Grocery Store,0.038301919,6.849999905,261.2593994,3.700000048
Low Fat,FDJ28,Frozen Foods,2011,OUT010,Tier 3,Medium,Grocery Store,0.036590807,12.30000019,193.3161926,3.700000048
Low Fat,FDS40,Frozen Foods,2011,OUT010,Tier 3,Medium,Grocery Store,0.023465591,15.35000038,35.21900177,3.700000048
Low Fat,FDE09,Fruits and Vegetables,2011,OUT010,Tier 3,Medium,Grocery Store,0.036159635,8.774999619,110.7228012,3.700000048
Low Fat,NCX05,Health and Hygiene,2011,OUT010,Tier 3,Medium,Grocery Store,0.162462041,15.19999981,117.6492004,3.700000048
Low Fat,NCA54,Household,2011,OUT010,Tier 3,Medium,Grocery Store,0.06133052,16.5,178.7317963,3.700000048
Low Fat,NCB07,Household,2011,OUT010,Tier 3,High,Grocery Store,0.129731745,19.20000076,196.2109985,3.700000048
Low Fat,FDK46,Snack Foods,2011,OUT010,Tier 3,High,Grocery Store,0.08614587,9.600000381,258.3619995,3.700000048
Low Fat,FDV09,Snack Foods,2011,OUT010,Tier 3,High,Grocery Store,0.034427576,12.10000038,146.6734009,3.700000048
Regular,FDJ03,Dairy,2011,OUT010,Tier 3,High,Grocery Store,0.121174239,12.35000038,47.86920166,3.700000048
Regular,FDU26,Dairy,2011,OUT010,Tier 3,High,Grocery Store,0.071335398,16.70000076,120.3781967,3.700000048
Regular,FDO56,Fruits and Vegetables,2011,OUT010,Tier 3,High,Grocery Store,0.075291574,10.19499969,119.1808014,3.700000048
Regular,FDT15,Meat,2011,OUT010,Tier 3,High,Grocery Store,0.071440116,12.14999962,182.2949982,3.700000048
Low Fat,FDB60,Baking Goods,2011,OUT010,Tier 3,Small,Grocery Store,0.047740132,9.300000191,195.0135956,3.700000048
Low Fat,FDO36,Baking Goods,2000,OUT013,Tier 3,High,Supermarket Type1,0.077849001,19.70000076,179.1660004,3.700000048
Low Fat,FDT25,Canned,2000,OUT013,Tier 3,High,Supermarket Type1,0.050708745,7.5,123.4072037,3.700000048
Low Fat,FDR49,Canned,2000,OUT013,Tier 3,High,Supermarket Type1,0,8.710000038,46.53760147,3.700000048
Low Fat,FDQ52,Frozen Foods,2000,OUT013,Tier 3,High,Supermarket Type1,0.119285636,17,247.4434052,3.700000048
Low Fat,FDI52,Frozen Foods,2000,OUT013,Tier 3,High,Supermarket Type1,0.104591027,18.70000076,121.4072037,3.700000048
Low Fat,FDX44,Fruits and Vegetables,2000,OUT013,Tier 3,High,Supermarket Type1,0.042930789,9.300000191,88.51719666,3.700000048
Low Fat,FDG57,Fruits and Vegetables,2000,OUT013,Tier 3,High,Supermarket Type1,0.072238192,14.69999981,47.5033989,3.700000048
Low Fat,NCB54,Health and Hygiene,2000,OUT013,Tier 3,High,Supermarket Type1,0.050011057,8.760000229,126.7335968,3.700000048
Low Fat,NCR05,Health and Hygiene,2000,OUT013,Tier 3,High,Supermarket Type1,0.054585371,10.10000038,196.5084076,3.700000048
Low Fat,NCH07,Household,2000,OUT013,Tier 3,High,Supermarket Type1,0.092589915,13.14999962,159.5603943,3.700000048
Low Fat,NCL42,Household,2000,OUT013,Tier 3,High,Supermarket Type1,0.04033801,18.85000038,246.7144012,3.700000048
Low Fat,NCO30,Household,2000,OUT013,Tier 3,High,Supermarket Type1,0.015711807,19.5,181.8607941,3.700000048
Low Fat,NCC07,Household,2000,OUT013,Tier 3,High,Supermarket Type1,0.023931216,19.60000038,103.1964035,3.700000048
Low Fat,FDK45,Seafood,2000,OUT013,Tier 3,High,Supermarket Type1,0.033830009,11.64999962,111.685997,3.700000048
Low Fat,FDI22,Snack Foods,2000,OUT013,Tier 3,High,Supermarket Type1,0.096132368,12.60000038,208.9611969,3.700000048
Low Fat,FDP10,Snack Foods,2000,OUT013,Tier 3,High,Supermarket Type1,0.12798354,19,107.6622009,3.700000048
Low Fat,DRE12,Soft Drinks,2000,OUT013,Tier 3,High,Supermarket Type1,0.070721656,4.590000153,113.2860031,3.700000048
Low Fat,DRJ49,Soft Drinks,2000,OUT013,Tier 3,High,Supermarket Type1,0,6.864999771,129.9651947,3.700000048
Regular,FDX47,Breads,2000,OUT013,Tier 3,High,Supermarket Type1,0.034575544,6.550000191,156.5287933,3.700000048
Regular,FDA03,Dairy,2000,OUT013,Tier 3,High,Supermarket Type1,0.04542594,18.5,144.910202,3.700000048
Regular,DRM49,Soft Drinks,2000,OUT013,Tier 3,High,Supermarket Type1,0.151827559,6.110000134,43.00859833,3.700000048
Regular,FDD47,Starchy Foods,2000,OUT013,Tier 3,High,Supermarket Type1,0.142292261,7.599999905,171.3448029,3.700000048
Low Fat,NCD06,Household,2000,OUT013,Tier 3,High,Supermarket Type1,0.09924262,13,46.30599976,3.700000048
Regular,FDZ26,Dairy,2000,OUT013,Tier 3,High,Supermarket Type1,0.143897563,11.60000038,240.6221924,3.700000048
Low Fat,FDA44,Fruits and Vegetables,2022,OUT018,Tier 3,Medium,Supermarket Type2,0.05343952,19.70000076,55.0929985,3.700000048
Low Fat,FDT38,Dairy,2022,OUT018,Tier 3,Medium,Supermarket Type2,0.057771828,18.70000076,85.3565979,3.700000048
Low Fat,FDT04,Frozen Foods,2022,OUT018,Tier 3,Medium,Supermarket Type2,0,17.25,40.88219833,3.700000048
Low Fat,FDK52,Frozen Foods,2022,OUT018,Tier 3,Medium,Supermarket Type2,0,18.25,224.1062012,3.700000048
Low Fat,FDS07,Fruits and Vegetables,2022,OUT018,Tier 3,Medium,Supermarket Type2,0.100164205,12.35000038,113.6518021,3.700000048
Low Fat,FDF32,Fruits and Vegetables,2022,OUT018,Tier 3,Medium,Supermarket Type2,0,16.35000038,196.3426056,3.700000048
Low Fat,NCV41,Health and Hygiene,2022,OUT018,Tier 3,Medium,Supermarket Type2,0.017108185,14.35000038,110.3227997,3.700000048
Low Fat,NCH54,Household,2022,OUT018,Tier 3,Medium,Supermarket Type2,0.072965145,13.5,160.6920013,3.700000048
Low Fat,FDJ07,Meat,2022,OUT018,Tier 3,Medium,Supermarket Type2,0.014482278,7.260000229,118.1149979,3.700000048
Low Fat,FDL15,Meat,2022,OUT018,Tier 3,Medium,Supermarket Type2,0.046824727,17.85000038,153.6681976,3.700000048
Low Fat,NCM07,Others,2022,OUT018,Tier 3,Medium,Supermarket Type2,0.040124625,9.395000458,85.19080353,3.700000048
Low Fat,FDI57,Seafood,2022,OUT018,Tier 3,Medium,Supermarket Type2,0.054245722,19.85000038,196.0767975,3.700000048
Low Fat,FDA10,Snack Foods,2022,OUT018,Tier 3,Medium,Supermarket Type2,0.142393708,20.35000038,122.7071991,3.700000048
Low Fat,FDL46,Snack Foods,2022,OUT018,Tier 3,Medium,Supermarket Type2,0.054277133,20.35000038,117.3466034,3.700000048
Low Fat,FDC35,Starchy Foods,2022,OUT018,Tier 3,Medium,Supermarket Type2,0.123338081,7.434999943,206.1638031,3.700000048
Regular,FDI36,Baking Goods,2022,OUT018,Tier 3,Medium,Supermarket Type2,0.062597394,12.5,196.9425964,3.700000048
Regular,FDW02,Dairy,2022,OUT018,Tier 3,Medium,Supermarket Type2,0.037852995,4.804999828,126.270401,3.700000048
Regular,FDZ28,Frozen Foods,2022,OUT018,Tier 3,Medium,Supermarket Type2,0.051702257,20,125.8677979,3.700000048
Regular,FDF08,Fruits and Vegetables,2022,OUT018,Tier 3,Medium,Supermarket Type2,0,14.30000019,89.88559723,3.700000048
Low Fat,FDV49,Canned,2022,OUT018,Tier 3,Medium,Supermarket Type2,0.025932409,10,264.7225952,3.700000048
Regular,FDU19,Fruits and Vegetables,2022,OUT018,Tier 3,Medium,Supermarket Type2,0.046962004,8.770000458,173.8421936,3.700000048
Low Fat,FDZ52,Frozen Foods,1998,OUT027,Tier 3,Medium,Supermarket Type3,0.099589907,12.85764534,109.1885986,3.700000048
Low Fat,NCA42,Household,1998,OUT027,Tier 3,Medium,Supermarket Type3,0.028410334,12.85764534,158.0603943,3.700000048
Low Fat,NCQ50,Household,1998,OUT027,Tier 3,Medium,Supermarket Type3,0.034141213,12.85764534,211.9217987,3.700000048
Low Fat,FDU39,Meat,1998,OUT027,Tier 3,Medium,Supermarket Type3,0.035863437,12.85764534,58.35620117,3.700000048
Low Fat,FDF58,Snack Foods,1998,OUT027,Tier 3,Medium,Supermarket Type3,0.009534758,12.85764534,64.5510025,3.700000048
Low Fat,FDH34,Snack Foods,1998,OUT027,Tier 3,Medium,Supermarket Type3,0.030944666,12.85764534,186.6582031,3.700000048
Low Fat,FDK57,Snack Foods,1998,OUT027,Tier 3,Medium,Supermarket Type3,0.079904065,12.85764534,120.0439987,3.700000048
Low Fat,FDM10,Snack Foods,1998,OUT027,Tier 3,Medium,Supermarket Type3,0.075603701,12.85764534,215.1217957,3.700000048
Low Fat,FDQ22,Snack Foods,1998,OUT027,Tier 3,Medium,Supermarket Type3,0.029595638,12.85764534,40.98220062,3.700000048
Low Fat,DRI01,Soft Drinks,1998,OUT027,Tier 3,Medium,Supermarket Type3,0.034286108,12.85764534,173.1421967,3.700000048
Regular,FDT24,Baking Goods,1998,OUT027,Tier 3,Medium,Supermarket Type3,0,12.85764534,75.93280029,3.700000048
Regular,FDT47,Breads,1998,OUT027,Tier 3,Medium,Supermarket Type3,0.02439015,12.85764534,95.90679932,3.700000048
Regular,FDD40,Dairy,1998,OUT027,Tier 3,Medium,Supermarket Type3,0.014721719,12.85764534,193.6161957,3.700000048
Regular,FDG56,Fruits and Vegetables,1998,OUT027,Tier 3,Medium,Supermarket Type3,0.071106546,12.85764534,60.55360031,3.700000048
Regular,FDQ45,Snack Foods,1998,OUT027,Tier 3,Medium,Supermarket Type3,0.010864186,12.85764534,185.3607941,3.700000048
Regular,DRC01,Soft Drinks,1998,OUT027,Tier 3,Medium,Supermarket Type3,0.019107027,12.85764534,48.46920013,3.700000048
Regular,FDD59,Starchy Foods,1998,OUT027,Tier 3,Medium,Supermarket Type3,0.065860324,12.85764534,81.89600372,3.700000048
Regular,FDO10,Snack Foods,2000,OUT013,Tier 3,High,Supermarket Type1,0.012741089,13.64999962,57.65879822,3.599999905
Low Fat,FDG02,Canned,2020,OUT017,Tier 2,Small,Supermarket Type1,0.011324862,7.855000019,189.6188049,3.599999905
Regular,FDH14,Canned,2000,OUT013,Tier 3,High,Supermarket Type1,0.0467696,17.10000038,141.1838074,3.599999905
Regular,FDG12,Baking Goods,2015,OUT045,Tier 2,Small,Supermarket Type1,0,6.635000229,121.3097992,3.599999905
Low Fat,NCC31,Household,2017,OUT035,Tier 2,Small,Supermarket Type1,0.019866705,8.020000458,154.5971985,3.599999905
Low Fat,FDW11,Breads,2022,OUT018,Tier 3,Medium,Supermarket Type2,0.048980799,12.60000038,61.91939926,3.599999905
Regular,FDE40,Dairy,1998,OUT027,Tier 3,Medium,Supermarket Type3,0.09866365,12.85764534,62.91939926,3.599999905
Regular,FDG33,Seafood,1998,OUT027,Tier 3,Medium,Supermarket Type3,0.139561161,12.85764534,170.4763947,3.599999905
Low Fat,FDA33,Snack Foods,2015,OUT045,Tier 2,Small,Supermarket Type1,0.033968646,6.480000019,148.0075989,3.599999905
Low Fat,FDC15,Dairy,2020,OUT017,Tier 2,Small,Supermarket Type1,0.178975716,18.10000038,155.5287933,3.599999905
Regular,DRB48,Soft Drinks,2010,OUT046,Tier 1,Small,Supermarket Type1,0,16.75,39.38219833,3.599999905
Low Fat,FDK48,Baking Goods,2010,OUT046,Tier 1,Small,Supermarket Type1,0,7.445000172,76.83540344,3.599999905
Regular,FDH45,Fruits and Vegetables,2017,OUT035,Tier 2,Small,Supermarket Type1,0.105646856,15.10000038,42.87960052,3.599999905
Regular,FDW22,Snack Foods,2012,OUT049,Tier 1,Medium,Supermarket Type1,0.030337481,9.694999695,222.9114075,3.599999905
Regular,FDO27,Meat,2022,OUT018,Tier 3,Medium,Supermarket Type2,0.179806963,6.175000191,95.27519989,3.599999905
Regular,FDS33,Snack Foods,1998,OUT027,Tier 3,Medium,Supermarket Type3,0.122830883,12.85764534,86.95140076,3.599999905
Low Fat,NCZ06,Household,2000,OUT013,Tier 3,High,Supermarket Type1,0.094083302,19.60000038,252.2698059,3.599999905
Regular,FDA52,Frozen Foods,2015,OUT045,Tier 2,Medium,Supermarket Type1,0.128682718,16.20000076,178.4369965,3.599999905
Regular,FDM60,Baking Goods,2022,OUT018,Tier 3,Medium,Supermarket Type2,0.048339408,10.80000019,41.51380157,3.599999905
Regular,FDO10,Snack Foods,2011,OUT010,Tier 3,Medium,Grocery Store,0.021343732,13.64999962,58.35879898,3.599999905
Low Fat,FDD36,Baking Goods,2012,OUT049,Tier 1,Medium,Supermarket Type1,0.021306636,13.30000019,119.8124008,3.599999905
Low Fat,FDU02,Dairy,2012,OUT049,Tier 1,Medium,Supermarket Type1,0.102670886,13.35000038,228.6351929,3.599999905
Low Fat,FDB08,Fruits and Vegetables,2012,OUT049,Tier 1,Medium,Supermarket Type1,0.031151714,6.054999828,158.7577972,3.599999905
Low Fat,DRM23,Hard Drinks,2012,OUT049,Tier 1,Medium,Supermarket Type1,0.135944247,16.60000038,172.0422058,3.599999905
Low Fat,NCD31,Household,2012,OUT049,Tier 1,Medium,Supermarket Type1,0.01545846,12.10000038,166.052597,3.599999905
Regular,FDV37,Canned,2012,OUT049,Tier 1,Medium,Supermarket Type1,0.08364372,13,196.0426025,3.599999905
Regular,FDT55,Fruits and Vegetables,2012,OUT049,Tier 1,Medium,Supermarket Type1,0,13.60000038,156.4945984,3.599999905
Low Fat,FDL16,Frozen Foods,1998,OUT019,Tier 1,Small,Grocery Store,0.29493922,12.85764534,47.10599899,3.599999905
Low Fat,DRK11,Hard Drinks,1998,OUT019,Tier 1,Small,Grocery Store,0.018847113,12.85764534,148.0391998,3.599999905
Low Fat,NCM26,Others,1998,OUT019,Tier 1,Small,Grocery Store,0.040520754,12.85764534,153.9340057,3.599999905
Low Fat,FDK09,Snack Foods,1998,OUT019,Tier 1,Small,Grocery Store,0.160665691,12.85764534,227.535202,3.599999905
Low Fat,FDT46,Snack Foods,1998,OUT019,Tier 1,Small,Grocery Store,0.053939316,12.85764534,52.10079956,3.599999905
Regular,FDP13,Canned,1998,OUT019,Tier 1,Small,Grocery Store,0.235183209,12.85764534,41.54800034,3.599999905
Regular,FDO03,Meat,1998,OUT019,Tier 1,Small,Grocery Store,0.064577334,12.85764534,230.535202,3.599999905
Regular,FDO09,Snack Foods,1998,OUT019,Tier 1,Small,Grocery Store,0,12.85764534,262.8909912,3.599999905
Low Fat,FDD17,Frozen Foods,2010,OUT046,Tier 1,Small,Supermarket Type1,0.032626953,7.5,235.9906006,3.599999905
Low Fat,FDC20,Fruits and Vegetables,2010,OUT046,Tier 1,Small,Supermarket Type1,0.023971463,10.64999962,54.02719879,3.599999905
Low Fat,NCI18,Household,2010,OUT046,Tier 1,Small,Supermarket Type1,0.014024028,18.35000038,224.5746002,3.599999905
Low Fat,FDW13,Canned,2010,OUT046,Tier 1,Small,Supermarket Type1,0.097884715,8.5,52.53239822,3.599999905
Low Fat,FDA50,Dairy,2010,OUT046,Tier 1,Small,Supermarket Type1,0.087175138,16.25,98.34100342,3.599999905
Low Fat,FDT43,Fruits and Vegetables,2010,OUT046,Tier 1,Small,Supermarket Type1,0.020547951,16.35000038,51.23239899,3.599999905
Low Fat,FDD57,Fruits and Vegetables,2010,OUT046,Tier 1,Small,Supermarket Type1,0.022399591,18.10000038,96.00939941,3.599999905
Low Fat,DRG11,Hard Drinks,2010,OUT046,Tier 1,Small,Supermarket Type1,0,6.385000229,108.9596024,3.599999905
Low Fat,NCB30,Household,2010,OUT046,Tier 1,Small,Supermarket Type1,0.025702994,14.60000038,199.9084015,3.599999905
Low Fat,NCR50,Household,2010,OUT046,Tier 1,Small,Supermarket Type1,0.011820087,20.20000076,151.6340027,3.599999905
Low Fat,FDX21,Snack Foods,2010,OUT046,Tier 1,Small,Supermarket Type1,0.084966019,7.050000191,111.1912003,3.599999905
Low Fat,FDJ46,Snack Foods,2010,OUT046,Tier 1,Small,Supermarket Type1,0.044823438,11.10000038,174.2053986,3.599999905
Low Fat,FDX45,Snack Foods,2010,OUT046,Tier 1,Small,Supermarket Type1,0,16.75,156.1629944,3.599999905
Regular,FDN23,Breads,2010,OUT046,Tier 1,Small,Supermarket Type1,0.07550776,6.574999809,146.444397,3.599999905
Regular,FDV52,Frozen Foods,2010,OUT046,Tier 1,Small,Supermarket Type1,0.12152072,20.70000076,118.0466003,3.599999905
Regular,FDQ07,Fruits and Vegetables,2010,OUT046,Tier 1,Small,Supermarket Type1,0.087406866,15.10000038,221.8455963,3.599999905
Regular,FDX56,Fruits and Vegetables,2010,OUT046,Tier 1,Small,Supermarket Type1,0.074059471,17.10000038,209.063797,3.599999905
Low Fat,NCE43,Household,2010,OUT046,Tier 1,Small,Supermarket Type1,0.103442267,12.5,170.8448029,3.599999905
Low Fat,NCD07,Household,2020,OUT017,Tier 2,Medium,Supermarket Type1,0,9.100000381,115.4517975,3.599999905
Low Fat,FDX13,Canned,2015,OUT045,Tier 2,Medium,Supermarket Type1,0.047879864,7.724999905,250.209198,3.599999905
Low Fat,FDR26,Dairy,2015,OUT045,Tier 2,Medium,Supermarket Type1,0.042923652,20.70000076,178.3027954,3.599999905
Low Fat,FDD05,Frozen Foods,2015,OUT045,Tier 2,Medium,Supermarket Type1,0.016645163,19.35000038,120.9097977,3.599999905
Low Fat,FDQ20,Fruits and Vegetables,2015,OUT045,Tier 2,Medium,Supermarket Type1,0.029845243,8.324999809,41.61380005,3.599999905
Low Fat,NCI29,Health and Hygiene,2015,OUT045,Tier 2,Small,Supermarket Type1,0.032687701,8.600000381,140.9154053,3.599999905
Low Fat,NCP55,Others,2015,OUT045,Tier 2,Small,Supermarket Type1,0.011212719,14.64999962,55.66139984,3.599999905
Low Fat,FDI46,Snack Foods,2015,OUT045,Tier 2,Small,Supermarket Type1,0.074496046,9.5,251.9723969,3.599999905
Low Fat,FDI33,Snack Foods,2015,OUT045,Tier 2,Small,Supermarket Type1,0.028476451,16.5,91.01460266,3.599999905
Low Fat,DRE49,Soft Drinks,2015,OUT045,Tier 2,Small,Supermarket Type1,0.021293096,20.75,151.9024048,3.599999905
Low Fat,FDF02,Canned,2020,OUT017,Tier 2,Small,Supermarket Type1,0.104058452,16.20000076,102.4990005,3.599999905
Low Fat,NCP05,Health and Hygiene,2020,OUT017,Tier 2,Small,Supermarket Type1,0.025429614,19.60000038,151.7023926,3.599999905
Low Fat,NCW30,Household,2020,OUT017,Tier 2,Small,Supermarket Type1,0.011072173,5.210000038,257.8962097,3.599999905
Low Fat,NCL54,Household,2020,OUT017,Tier 2,Small,Supermarket Type1,0.083221905,12.60000038,174.5054016,3.599999905
Low Fat,NCF42,Household,2020,OUT017,Tier 2,High,Supermarket Type1,0.16832985,17.35000038,176.7711945,3.599999905
Low Fat,NCP30,Household,2020,OUT017,Tier 2,High,Supermarket Type1,0.032954045,20.5,39.38219833,3.599999905
Low Fat,NCO43,Others,2020,OUT017,Tier 2,High,Supermarket Type1,0.047364619,5.5,100.0016022,3.599999905
Low Fat,FDC46,Snack Foods,2020,OUT017,Tier 2,High,Supermarket Type1,0.117201693,17.70000076,184.0265961,3.599999905
Regular,FDL13,Breakfast,2015,OUT045,Tier 2,High,Supermarket Type1,0.056432784,13.85000038,234.9299927,3.599999905
Regular,FDE41,Frozen Foods,2015,OUT045,Tier 2,High,Supermarket Type1,0.064143993,9.194999695,85.95659637,3.599999905
Regular,FDR27,Meat,2015,OUT045,Tier 2,High,Supermarket Type1,0.096295327,15.10000038,133.4942017,3.599999905
Regular,FDL21,Snack Foods,2015,OUT045,Tier 2,High,Supermarket Type1,0.007160908,15.85000038,39.34799957,3.599999905
Regular,FDZ36,Baking Goods,2020,OUT017,Tier 2,High,Supermarket Type1,0.066155881,6.034999847,184.423996,3.599999905
Regular,FDW12,Baking Goods,2020,OUT017,Tier 2,High,Supermarket Type1,0.035773393,8.31499958,144.3444061,3.599999905
Regular,FDK25,Breakfast,2020,OUT017,Tier 2,High,Supermarket Type1,0.157718927,11.60000038,168.3473969,3.599999905
Regular,FDP08,Fruits and Vegetables,2020,OUT017,Tier 2,Medium,Supermarket Type1,0.113045886,20.5,194.1477966,3.599999905
Regular,FDM15,Meat,2020,OUT017,Tier 2,Medium,Supermarket Type1,0.057746381,11.80000019,152.4365997,3.599999905
Low Fat,DRF60,Soft Drinks,2015,OUT045,Tier 2,Medium,Supermarket Type1,0.052174319,10.80000019,240.3563995,3.599999905
Low Fat,FDX58,Snack Foods,2020,OUT017,Tier 2,Medium,Supermarket Type1,0.044011224,13.14999962,181.2949982,3.599999905
Low Fat,FDP11,Breads,2017,OUT035,Tier 2,Small,Supermarket Type1,0.069087483,15.85000038,218.7165985,3.599999905
Low Fat,DRI39,Dairy,2017,OUT035,Tier 2,Small,Supermarket Type1,0.097043738,13.80000019,57.49300003,3.599999905
Low Fat,FDF04,Frozen Foods,2017,OUT035,Tier 2,Small,Supermarket Type1,0.013634468,17.5,256.4303894,3.599999905
Low Fat,FDY31,Fruits and Vegetables,2017,OUT035,Tier 2,Small,Supermarket Type1,0.043554615,5.980000019,148.241806,3.599999905
Low Fat,FDR43,Fruits and Vegetables,2017,OUT035,Tier 2,Small,Supermarket Type1,0.161458969,18.20000076,37.81900024,3.599999905
Low Fat,NCC30,Household,2017,OUT035,Tier 2,Small,Supermarket Type1,0.027573982,16.60000038,176.6343994,3.599999905
Low Fat,FDQ10,Snack Foods,2017,OUT035,Tier 2,Small,Supermarket Type1,0.033172958,12.85000038,172.0422058,3.599999905
Low Fat,FDL22,Snack Foods,2017,OUT035,Tier 2,Small,Supermarket Type1,0.036383294,16.85000038,91.04879761,3.599999905
Low Fat,DRG13,Soft Drinks,2017,OUT035,Tier 2,Small,Supermarket Type1,0.03717912,17.25,162.552597,3.599999905
Regular,FDM04,Frozen Foods,2017,OUT035,Tier 2,Small,Supermarket Type1,0.047111701,9.194999695,52.0666008,3.599999905
Regular,FDA04,Frozen Foods,2017,OUT035,Tier 2,Small,Supermarket Type1,0.066717379,11.30000019,260.8962097,3.599999905
Low Fat,FDE26,Canned,2011,OUT010,Tier 3,Medium,Grocery Store,0.148977414,9.300000191,143.078598,3.599999905
Low Fat,FDA19,Fruits and Vegetables,2011,OUT010,Tier 3,Medium,Grocery Store,0.092272133,7.519999981,128.7993927,3.599999905
Low Fat,NCJ30,Household,2011,OUT010,Tier 3,Medium,Grocery Store,0.134975627,5.820000172,170.5789948,3.599999905
Low Fat,NCF18,Household,2011,OUT010,Tier 3,Medium,Grocery Store,0.148938626,18.35000038,191.9503937,3.599999905
Low Fat,DRA12,Soft Drinks,2011,OUT010,Tier 3,High,Grocery Store,0.068535037,11.60000038,143.0153961,3.599999905
Regular,FDN03,Meat,2011,OUT010,Tier 3,High,Grocery Store,0.025257507,9.800000191,248.540802,3.599999905
Regular,FDV22,Snack Foods,2011,OUT010,Tier 3,Small,Grocery Store,0.016635489,14.85000038,157.5630035,3.599999905
Low Fat,NCA17,Health and Hygiene,2000,OUT013,Tier 3,High,Supermarket Type1,0.045380402,20.60000038,148.4391937,3.599999905
Low Fat,FDP38,Canned,2000,OUT013,Tier 3,High,Supermarket Type1,0.032075379,10.10000038,50.9007988,3.599999905
Low Fat,FDD50,Canned,2000,OUT013,Tier 3,High,Supermarket Type1,0.141524345,18.85000038,168.4131927,3.599999905
Low Fat,FDA50,Dairy,2000,OUT013,Tier 3,High,Supermarket Type1,0.087102592,16.25,96.04100037,3.599999905
Low Fat,FDX20,Fruits and Vegetables,2000,OUT013,Tier 3,High,Supermarket Type1,0.042524833,7.364999771,228.371994,3.599999905
Low Fat,FDA56,Fruits and Vegetables,2000,OUT013,Tier 3,High,Supermarket Type1,0.008757492,9.210000038,120.8414001,3.599999905
Low Fat,FDB33,Fruits and Vegetables,2000,OUT013,Tier 3,High,Supermarket Type1,0.014568036,17.75,158.1262054,3.599999905
Low Fat,FDL44,Fruits and Vegetables,2000,OUT013,Tier 3,High,Supermarket Type1,0.012264903,18.25,162.8894043,3.599999905
Low Fat,DRH23,Hard Drinks,2000,OUT013,Tier 3,High,Supermarket Type1,0.170176521,14.64999962,55.26139832,3.599999905
Low Fat,NCK29,Health and Hygiene,2000,OUT013,Tier 3,High,Supermarket Type1,0.125664353,5.614999771,123.4729996,3.599999905
Low Fat,NCN43,Others,2000,OUT013,Tier 3,High,Supermarket Type1,0.006754117,12.14999962,122.1729965,3.599999905
Low Fat,NCM19,Others,2000,OUT013,Tier 3,High,Supermarket Type1,0.047197934,12.64999962,114.1202011,3.599999905
Low Fat,FDC47,Snack Foods,2000,OUT013,Tier 3,High,Supermarket Type1,0.118791699,15,229.9694061,3.599999905
Low Fat,FDR10,Snack Foods,2000,OUT013,Tier 3,High,Supermarket Type1,0.010031539,17.60000038,161.5552063,3.599999905
Regular,FDP36,Baking Goods,2000,OUT013,Tier 3,High,Supermarket Type1,0.091096528,10.39500046,52.30080032,3.599999905
Regular,FDI04,Frozen Foods,2000,OUT013,Tier 3,High,Supermarket Type1,0.072851755,13.64999962,197.1425934,3.599999905
Regular,FDU16,Frozen Foods,2000,OUT013,Tier 3,High,Supermarket Type1,0.058226608,19.25,85.290802,3.599999905
Regular,FDG56,Fruits and Vegetables,2000,OUT013,Tier 3,High,Supermarket Type1,0.071393102,13.30000019,61.05360031,3.599999905
Regular,FDF08,Fruits and Vegetables,2000,OUT013,Tier 3,High,Supermarket Type1,0.065153293,14.30000019,88.48560333,3.599999905
Low Fat,NCM54,Household,2022,OUT018,Tier 3,Medium,Supermarket Type2,0.051146563,17.70000076,127.3677979,3.599999905
Low Fat,FDV21,Snack Foods,2022,OUT018,Tier 3,Medium,Supermarket Type2,0.171779871,11.5,126.0703964,3.599999905
Low Fat,FDS12,Baking Goods,2022,OUT018,Tier 3,Medium,Supermarket Type2,0.174827829,9.100000381,127.2361984,3.599999905
Low Fat,FDX16,Frozen Foods,2022,OUT018,Tier 3,Medium,Supermarket Type2,0,17.85000038,148.0050049,3.599999905
Low Fat,FDM32,Fruits and Vegetables,2022,OUT018,Tier 3,Medium,Supermarket Type2,0.02068897,20.5,88.18299866,3.599999905
Low Fat,NCM06,Household,2022,OUT018,Tier 3,Medium,Supermarket Type2,0.076036379,7.474999905,153.9656067,3.599999905
Low Fat,NCN18,Household,2022,OUT018,Tier 3,Medium,Supermarket Type2,0.125222698,8.895000458,113.3544006,3.599999905
Low Fat,NCF07,Household,2022,OUT018,Tier 3,Medium,Supermarket Type2,0.032152981,9,102.0016022,3.599999905
Low Fat,NCB43,Household,2022,OUT018,Tier 3,Medium,Supermarket Type2,0.100319318,20.20000076,188.6898041,3.599999905
Low Fat,FDV15,Meat,2022,OUT018,Tier 3,Medium,Supermarket Type2,0.146767899,10.30000019,102.3647995,3.599999905
Low Fat,FDX34,Snack Foods,2022,OUT018,Tier 3,Medium,Supermarket Type2,0.072278768,6.195000172,120.6098022,3.599999905
Low Fat,DRJ24,Soft Drinks,2022,OUT018,Tier 3,Medium,Supermarket Type2,0.113790877,11.80000019,185.392395,3.599999905
Regular,FDT14,Dairy,2022,OUT018,Tier 3,Medium,Supermarket Type2,0.12824741,10.69499969,121.8440018,3.599999905
Regular,FDT19,Fruits and Vegetables,2022,OUT018,Tier 3,Medium,Supermarket Type2,0.145631701,7.590000153,172.8079987,3.599999905
Regular,FDI34,Snack Foods,2022,OUT018,Tier 3,Medium,Supermarket Type2,0.085482761,10.64999962,231.4667969,3.599999905
Low Fat,DRH51,Dairy,1998,OUT027,Tier 3,Medium,Supermarket Type3,0,12.85764534,89.18560028,3.599999905
Low Fat,FDU38,Dairy,1998,OUT027,Tier 3,Medium,Supermarket Type3,0.082150146,12.85764534,192.9503937,3.599999905
Low Fat,FDB32,Fruits and Vegetables,1998,OUT027,Tier 3,Medium,Supermarket Type3,0.023339367,12.85764534,94.87779999,3.599999905
Low Fat,FDS08,Fruits and Vegetables,1998,OUT027,Tier 3,Medium,Supermarket Type3,0.056685384,12.85764534,178.4369965,3.599999905
Low Fat,DRG23,Hard Drinks,1998,OUT027,Tier 3,Medium,Supermarket Type3,0.086360961,12.85764534,151.2682037,3.599999905
Low Fat,NCK18,Household,1998,OUT027,Tier 3,Medium,Supermarket Type3,0.006665667,12.85764534,164.1183929,3.599999905
Low Fat,NCT42,Household,1998,OUT027,Tier 3,Medium,Supermarket Type3,0.024766803,12.85764534,151.0391998,3.599999905
Low Fat,NCV30,Household,1998,OUT027,Tier 3,Medium,Supermarket Type3,0.065612808,12.85764534,62.35100174,3.599999905
Regular,FDL48,Baking Goods,1998,OUT027,Tier 3,Medium,Supermarket Type3,0.081868038,12.85764534,46.80339813,3.599999905
Regular,FDA02,Dairy,1998,OUT027,Tier 3,Medium,Supermarket Type3,0.029578727,12.85764534,143.578598,3.599999905
Regular,FDR32,Fruits and Vegetables,1998,OUT027,Tier 3,Medium,Supermarket Type3,0.08539243,12.85764534,226.7693939,3.599999905
Regular,FDZ39,Meat,1998,OUT027,Tier 3,Medium,Supermarket Type3,0.017937483,12.85764534,103.4990005,3.599999905
Regular,FDI21,Snack Foods,1998,OUT027,Tier 3,Medium,Supermarket Type3,0.056328718,12.85764534,63.91680145,3.599999905
Regular,FDO46,Snack Foods,1998,OUT027,Tier 3,Medium,Supermarket Type3,0.014143673,12.85764534,187.387207,3.599999905
Regular,FDW21,Snack Foods,1998,OUT027,Tier 3,Medium,Supermarket Type3,0.005935001,12.85764534,98.83580017,3.599999905
Regular,FDI16,Frozen Foods,1998,OUT027,Tier 3,Medium,Supermarket Type3,0.135118201,12.85764534,52.56399918,3.599999905
Regular,FDH17,Frozen Foods,2015,OUT045,Tier 2,Small,Supermarket Type1,0.016687114,16.20000076,96.97260284,3.5
Regular,FDV10,Snack Foods,2017,OUT035,Tier 2,Small,Supermarket Type1,0.06669344,7.644999981,42.31119919,3.5
Low Fat,FDM20,Fruits and Vegetables,2022,OUT018,Tier 3,Medium,Supermarket Type2,0,10,246.9143982,3.5
Low Fat,FDH35,Starchy Foods,2015,OUT045,Tier 2,Small,Supermarket Type1,0,18.25,164.752594,3.5
Regular,FDI04,Frozen Foods,2022,OUT018,Tier 3,Medium,Supermarket Type2,0.07320945,13.64999962,197.6425934,3.5
Low Fat,NCD06,Household,2010,OUT046,Tier 1,Small,Supermarket Type1,0.099325277,13,45.40599823,3.5
Regular,FDB35,Starchy Foods,2000,OUT013,Tier 3,High,Supermarket Type1,0.064565204,12.30000019,92.98040009,3.5
Low Fat,DRE49,Soft Drinks,2020,OUT017,Tier 2,Small,Supermarket Type1,0.0213702,20.75,153.0023956,3.5
Low Fat,FDU55,Fruits and Vegetables,2015,OUT045,Tier 2,Small,Supermarket Type1,0.035984103,16.20000076,260.6278076,3.5
Low Fat,FDL27,Meat,2012,OUT049,Tier 1,Medium,Supermarket Type1,0.010647477,6.170000076,66.38259888,3.5
Low Fat,FDB27,Dairy,2010,OUT046,Tier 1,Small,Supermarket Type1,0.05539012,7.574999809,195.2767944,3.5
Low Fat,FDH19,Meat,2010,OUT046,Tier 1,Small,Supermarket Type1,0.033088472,19.35000038,175.4738007,3.5
Regular,FDZ13,Canned,2022,OUT018,Tier 3,Medium,Supermarket Type2,0.154120252,7.840000153,51.93500137,3.5
Low Fat,FDH57,Fruits and Vegetables,2010,OUT046,Tier 1,Small,Supermarket Type1,0.035747521,10.89500046,133.6284027,3.5
Regular,FDL52,Frozen Foods,2000,OUT013,Tier 3,High,Supermarket Type1,0,6.635000229,39.75059891,3.5
Low Fat,FDC15,Dairy,2011,OUT010,Tier 3,Medium,Grocery Store,0.297883719,18.10000038,156.7288055,3.5
Regular,FDU21,Snack Foods,2017,OUT035,Tier 2,Small,Supermarket Type1,0.076705948,11.80000019,34.75579834,3.5
Low Fat,FDL08,Fruits and Vegetables,2000,OUT013,Tier 3,High,Supermarket Type1,0.049677651,10.80000019,245.9143982,3.5
Low Fat,NCQ05,Health and Hygiene,2000,OUT013,Tier 3,High,Supermarket Type1,0,11.39500046,151.6708069,3.5
Low Fat,FDD58,Snack Foods,2017,OUT035,Tier 2,Small,Supermarket Type1,0.059341017,7.760000229,99.76999664,3.5
Low Fat,FDV45,Snack Foods,2010,OUT046,Tier 1,Small,Supermarket Type1,0.04504744,16.75,186.4555969,3.5
Low Fat,NCX42,Household,2000,OUT013,Tier 3,High,Supermarket Type1,0.00597362,6.360000134,164.552597,3.5
Low Fat,FDP19,Fruits and Vegetables,2010,OUT046,Tier 1,Small,Supermarket Type1,0.173516065,11.5,128.1652069,3.5
Regular,FDL38,Canned,1998,OUT019,Tier 1,Small,Grocery Store,0.025795771,12.85764534,88.41719818,3.5
Low Fat,DRF23,Hard Drinks,2011,OUT010,Tier 3,Medium,Grocery Store,0.205294833,4.610000134,172.8395996,3.5
Low Fat,FDH12,Baking Goods,2012,OUT049,Tier 1,Medium,Supermarket Type1,0.085085742,9.600000381,105.1279984,3.5
Low Fat,FDM39,Dairy,2012,OUT049,Tier 1,Medium,Supermarket Type1,0.053553794,6.420000076,178.6002045,3.5
Low Fat,NCC43,Household,2012,OUT049,Tier 1,Medium,Supermarket Type1,0.09292715,7.389999866,249.5066071,3.5
Low Fat,NCP54,Household,2012,OUT049,Tier 1,Medium,Supermarket Type1,0.035204317,15.35000038,122.8730011,3.5
Low Fat,NCG30,Household,2012,OUT049,Tier 1,Medium,Supermarket Type1,0.112495847,20.20000076,124.4046021,3.5
Low Fat,NCN07,Others,2012,OUT049,Tier 1,Medium,Supermarket Type1,0.033997472,18.5,129.9284058,3.5
Low Fat,FDP34,Snack Foods,2012,OUT049,Tier 1,Medium,Supermarket Type1,0.137441203,12.85000038,157.6629944,3.5
Low Fat,DRD13,Soft Drinks,2012,OUT049,Tier 1,Medium,Supermarket Type1,0.049155768,15,65.21679688,3.5
Regular,FDR37,Breakfast,2012,OUT049,Tier 1,Medium,Supermarket Type1,0.066352554,16.5,181.2292023,3.5
Regular,FDS16,Frozen Foods,2012,OUT049,Tier 1,Medium,Supermarket Type1,0.066279829,15.14999962,147.8760071,3.5
Regular,FDF21,Fruits and Vegetables,2012,OUT049,Tier 1,Medium,Supermarket Type1,0.058918845,10.30000019,191.6529999,3.5
Regular,FDR19,Fruits and Vegetables,2012,OUT049,Tier 1,Medium,Supermarket Type1,0.159968987,13.5,147.610199,3.5
Regular,FDS33,Snack Foods,2012,OUT049,Tier 1,Medium,Supermarket Type1,0.123620495,6.670000076,90.05139923,3.5
Regular,FDT33,Snack Foods,2012,OUT049,Tier 1,Medium,Supermarket Type1,0.034043502,7.809999943,168.7158051,3.5
Regular,FDI10,Snack Foods,2012,OUT049,Tier 1,Medium,Supermarket Type1,0.078526229,8.510000229,173.5422058,3.5
Low Fat,FDY52,Frozen Foods,1998,OUT019,Tier 1,Small,Grocery Store,0.012865901,12.85764534,59.35359955,3.5
Low Fat,FDY09,Snack Foods,1998,OUT019,Tier 1,Small,Grocery Store,0.044122208,12.85764534,173.8054047,3.5
Regular,FDH31,Meat,1998,OUT019,Tier 1,Small,Grocery Store,0,12.85764534,98.20420074,3.5
Regular,DRA24,Soft Drinks,1998,OUT019,Tier 1,Small,Grocery Store,0.069909185,12.85764534,163.2868042,3.5
Low Fat,FDO24,Baking Goods,2010,OUT046,Tier 1,Small,Supermarket Type1,0.176215664,11.10000038,158.8603973,3.5
Low Fat,FDL04,Frozen Foods,2010,OUT046,Tier 1,Small,Supermarket Type1,0.111923419,19,106.5622025,3.5
Low Fat,FDZ44,Fruits and Vegetables,2010,OUT046,Tier 1,Small,Supermarket Type1,0.038729057,8.18500042,117.1808014,3.5
Low Fat,FDA56,Fruits and Vegetables,2010,OUT046,Tier 1,Small,Supermarket Type1,0.008764786,9.210000038,123.1414032,3.5
Low Fat,DRN47,Hard Drinks,2010,OUT046,Tier 1,Small,Supermarket Type1,0.016826749,12.10000038,179.1660004,3.5
Low Fat,NCA17,Health and Hygiene,2010,OUT046,Tier 1,Small,Supermarket Type1,0,20.60000038,148.8392029,3.5
Low Fat,NCL07,Others,2010,OUT046,Tier 1,Small,Supermarket Type1,0.031338558,13.85000038,41.04800034,3.5
Low Fat,FDM46,Snack Foods,2010,OUT046,Tier 1,Small,Supermarket Type1,0.15996784,7.364999771,94.71199799,3.5
Regular,FDT24,Baking Goods,2010,OUT046,Tier 1,Small,Supermarket Type1,0,12.35000038,76.23280334,3.5
Regular,FDX35,Breads,2010,OUT046,Tier 1,Small,Supermarket Type1,0,5.034999847,228.203598,3.5
Regular,FDL02,Canned,2010,OUT046,Tier 1,Small,Supermarket Type1,0.104083374,20,107.4621964,3.5
Regular,FDT52,Frozen Foods,2010,OUT046,Tier 1,Small,Supermarket Type1,0.047429577,9.694999695,245.8144073,3.5
Regular,FDN16,Frozen Foods,2010,OUT046,Tier 1,Small,Supermarket Type1,0.062700287,12.60000038,102.1989975,3.5
Regular,FDA28,Frozen Foods,2010,OUT046,Tier 1,Small,Supermarket Type1,0.047801882,16.10000038,127.436203,3.5
Regular,FDW55,Fruits and Vegetables,2010,OUT046,Tier 1,Small,Supermarket Type1,0.021969896,12.60000038,248.6092072,3.5
Regular,FDG58,Snack Foods,2010,OUT046,Tier 1,Small,Supermarket Type1,0,10.69499969,156.1972046,3.5
Low Fat,FDV32,Fruits and Vegetables,2015,OUT045,Tier 2,Medium,Supermarket Type1,0.088888288,7.784999847,64.75099945,3.5
Low Fat,FDP04,Frozen Foods,2015,OUT045,Tier 2,Medium,Supermarket Type1,0.013840784,15.35000038,65.21679688,3.5
Low Fat,FDG45,Fruits and Vegetables,2015,OUT045,Tier 2,Medium,Supermarket Type1,0.128295735,8.100000381,210.4902039,3.5
Low Fat,FDS20,Fruits and Vegetables,2015,OUT045,Tier 2,Medium,Supermarket Type1,0.053976156,8.850000381,181.5292053,3.5
Low Fat,FDN31,Fruits and Vegetables,2015,OUT045,Tier 2,Medium,Supermarket Type1,0.073029339,11.5,187.9530029,3.5
Low Fat,FDC44,Fruits and Vegetables,2015,OUT045,Tier 2,Medium,Supermarket Type1,0.172946915,15.60000038,114.1518021,3.5
Low Fat,DRH36,Soft Drinks,2015,OUT045,Tier 2,Small,Supermarket Type1,0.033447757,16.20000076,73.96959686,3.5
Low Fat,DRF37,Soft Drinks,2015,OUT045,Tier 2,Small,Supermarket Type1,0,17.25,263.5910034,3.5
Low Fat,FDS35,Breads,2020,OUT017,Tier 2,Small,Supermarket Type1,0.111849628,9.300000191,64.68260193,3.5
Low Fat,FDG50,Canned,2020,OUT017,Tier 2,Small,Supermarket Type1,0.015358176,7.40500021,92.41459656,3.5
Low Fat,FDF14,Canned,2020,OUT017,Tier 2,Small,Supermarket Type1,0.027323499,7.550000191,151.9340057,3.5
Low Fat,FDN02,Canned,2020,OUT017,Tier 2,Small,Supermarket Type1,0.074245349,16.5,208.2637939,3.5
Low Fat,FDX19,Fruits and Vegetables,2020,OUT017,Tier 2,Small,Supermarket Type1,0.097280979,19.10000038,232.6958008,3.5
Low Fat,DRN59,Hard Drinks,2020,OUT017,Tier 2,Small,Supermarket Type1,0.06450443,15,47.30599976,3.5
Low Fat,NCB54,Health and Hygiene,2020,OUT017,Tier 2,Small,Supermarket Type1,0.050335828,8.760000229,126.2335968,3.5
Low Fat,NCK53,Health and Hygiene,2020,OUT017,Tier 2,Small,Supermarket Type1,0.037793819,11.60000038,99.30419922,3.5
Low Fat,NCB19,Household,2020,OUT017,Tier 2,Small,Supermarket Type1,0.090806454,6.525000095,86.48819733,3.5
Low Fat,NCU18,Household,2020,OUT017,Tier 2,High,Supermarket Type1,0.056155909,15.10000038,140.5496063,3.5
Low Fat,NCW06,Household,2020,OUT017,Tier 2,High,Supermarket Type1,0.050625183,16.20000076,193.1161957,3.5
Low Fat,NCN14,Others,2020,OUT017,Tier 2,High,Supermarket Type1,0.092437714,19.10000038,185.2608032,3.5
Low Fat,FDZ58,Snack Foods,2020,OUT017,Tier 2,High,Supermarket Type1,0.052471995,17.85000038,123.7071991,3.5
Low Fat,DRJ37,Soft Drinks,2020,OUT017,Tier 2,High,Supermarket Type1,0.061446998,10.80000019,150.4024048,3.5
Regular,FDU19,Fruits and Vegetables,2015,OUT045,Tier 2,High,Supermarket Type1,0.046866331,8.770000458,170.5422058,3.5
Regular,FDT56,Fruits and Vegetables,2015,OUT045,Tier 2,High,Supermarket Type1,0.115826838,16,56.02460098,3.5
Regular,FDX46,Snack Foods,2015,OUT045,Tier 2,High,Supermarket Type1,0.058234621,12.30000019,58.75619888,3.5
Regular,DRZ11,Soft Drinks,2015,OUT045,Tier 2,High,Supermarket Type1,0.112893432,8.850000381,123.3387985,3.5
Regular,FDE35,Starchy Foods,2015,OUT045,Tier 2,High,Supermarket Type1,0.043989427,7.059999943,60.29040146,3.5
Regular,FDI48,Baking Goods,2020,OUT017,Tier 2,High,Supermarket Type1,0.056033567,11.85000038,51.46659851,3.5
Regular,FDP01,Breakfast,2020,OUT017,Tier 2,High,Supermarket Type1,0.063684143,20.75,151.7682037,3.5
Regular,FDH40,Frozen Foods,2020,OUT017,Tier 2,High,Supermarket Type1,0.079376027,11.60000038,81.7276001,3.5
Regular,FDP52,Frozen Foods,2020,OUT017,Tier 2,High,Supermarket Type1,0.071091592,18.70000076,228.6009979,3.5
Regular,FDG56,Fruits and Vegetables,2020,OUT017,Tier 2,Medium,Supermarket Type1,0.07185673,13.30000019,63.25360107,3.5
Regular,FDZ51,Meat,2020,OUT017,Tier 2,Medium,Supermarket Type1,0.054861393,11.30000019,96.90940094,3.5
Low Fat,NCI54,Household,2015,OUT045,Tier 2,Medium,Supermarket Type1,0.033667181,15.19999981,109.6912003,3.5
Regular,FDW04,Frozen Foods,2015,OUT045,Tier 2,Medium,Supermarket Type1,0.057944376,8.984999657,131.5310059,3.5
Low Fat,FDY59,Baking Goods,2017,OUT035,Tier 2,Small,Supermarket Type1,0.031397503,8.194999695,91.34619904,3.5
Low Fat,FDY48,Baking Goods,2017,OUT035,Tier 2,Small,Supermarket Type1,0.023730384,14,104.3331985,3.5
Low Fat,FDW01,Canned,2017,OUT035,Tier 2,Small,Supermarket Type1,0.064048402,14.5,153.4682007,3.5
Low Fat,FDG53,Frozen Foods,2017,OUT035,Tier 2,Small,Supermarket Type1,0.045848262,10,138.5180054,3.5
Low Fat,FDB32,Fruits and Vegetables,2017,OUT035,Tier 2,Small,Supermarket Type1,0.023448505,20.60000038,93.97779846,3.5
Low Fat,NCP43,Others,2017,OUT035,Tier 2,Small,Supermarket Type1,0.030501282,17.75,180.5659943,3.5
Low Fat,NCI31,Others,2017,OUT035,Tier 2,Small,Supermarket Type1,0.081311777,20,37.81900024,3.5
Low Fat,FDF22,Snack Foods,2017,OUT035,Tier 2,Small,Supermarket Type1,0.056819934,6.864999771,212.6217957,3.5
Low Fat,FDT34,Snack Foods,2017,OUT035,Tier 2,Small,Supermarket Type1,0.1743173,9.300000191,106.796402,3.5
Low Fat,FDJ46,Snack Foods,2017,OUT035,Tier 2,Small,Supermarket Type1,0.044814963,11.10000038,174.4053955,3.5
Low Fat,DRC49,Soft Drinks,2017,OUT035,Tier 2,Small,Supermarket Type1,0.065424211,8.670000076,145.8128052,3.5
Low Fat,FDZ34,Starchy Foods,2017,OUT035,Tier 2,Small,Supermarket Type1,0.075864173,6.695000172,192.0820007,3.5
Low Fat,FDA22,Starchy Foods,2017,OUT035,Tier 2,Small,Supermarket Type1,0.084436394,7.434999943,168.615799,3.5
Low Fat,FDG47,Starchy Foods,2017,OUT035,Tier 2,Small,Supermarket Type1,0.069605678,12.80000019,261.9252014,3.5
Regular,FDR37,Breakfast,2017,OUT035,Tier 2,Small,Supermarket Type1,0.066237025,16.5,183.1291962,3.5
Regular,FDX46,Snack Foods,2017,OUT035,Tier 2,Small,Supermarket Type1,0.05810577,12.30000019,60.45619965,3.5
Low Fat,FDS12,Baking Goods,2011,OUT010,Tier 3,Medium,Grocery Store,0.291438758,9.100000381,126.8361969,3.5
Low Fat,FDG50,Canned,2011,OUT010,Tier 3,Medium,Grocery Store,0.025561851,7.40500021,89.71459961,3.5
Low Fat,FDP25,Canned,2011,OUT010,Tier 3,Medium,Grocery Store,0.03549704,15.19999981,216.7823944,3.5
Low Fat,FDA15,Dairy,2011,OUT010,Tier 3,Medium,Grocery Store,0.026818195,9.300000191,248.9091949,3.5
Low Fat,FDI56,Fruits and Vegetables,2011,OUT010,Tier 3,Medium,Grocery Store,0.15630798,7.324999809,92.21459961,3.5
Low Fat,DRD25,Soft Drinks,2011,OUT010,Tier 3,High,Grocery Store,0.13218303,6.135000229,115.0859985,3.5
Low Fat,DRJ24,Soft Drinks,2011,OUT010,Tier 3,High,Grocery Store,0.18968989,11.80000019,184.392395,3.5
Regular,FDP59,Breads,2011,OUT010,Tier 3,High,Grocery Store,0.09451203,20.85000038,104.5647964,3.5
Regular,FDA07,Fruits and Vegetables,2011,OUT010,Tier 3,High,Grocery Store,0.051794957,7.550000191,122.6072006,3.5
Regular,FDU33,Snack Foods,2011,OUT010,Tier 3,High,Grocery Store,0.225476533,7.630000114,45.14020157,3.5
Regular,FDV34,Snack Foods,2011,OUT010,Tier 3,High,Grocery Store,0.019123875,10.69499969,73.00379944,3.5
Low Fat,DRF15,Dairy,2000,OUT013,Tier 3,High,Supermarket Type1,0,18.35000038,151.9340057,3.5
Low Fat,FDX09,Snack Foods,2000,OUT013,Tier 3,High,Supermarket Type1,0.065194972,9,177.7369995,3.5
Low Fat,FDH41,Frozen Foods,2000,OUT013,Tier 3,High,Supermarket Type1,0.081943274,9,214.5534058,3.5
Low Fat,FDN31,Fruits and Vegetables,2000,OUT013,Tier 3,High,Supermarket Type1,0.072820887,11.5,191.253006,3.5
Low Fat,DRK47,Hard Drinks,2000,OUT013,Tier 3,High,Supermarket Type1,0.064011067,7.90500021,230.2693939,3.5
Low Fat,NCK54,Household,2000,OUT013,Tier 3,High,Supermarket Type1,0,12.14999962,117.6149979,3.5
Low Fat,NCG18,Household,2000,OUT013,Tier 3,High,Supermarket Type1,0.02295878,15.30000019,101.6332016,3.5
Low Fat,FDC58,Snack Foods,2000,OUT013,Tier 3,High,Supermarket Type1,0.041907415,10.19499969,43.84280014,3.5
Low Fat,FDA45,Snack Foods,2000,OUT013,Tier 3,High,Supermarket Type1,0.155250371,21.25,175.7369995,3.5
Low Fat,DRF37,Soft Drinks,2000,OUT013,Tier 3,High,Supermarket Type1,0.08426246,17.25,261.5910034,3.5
Regular,FDM36,Baking Goods,2000,OUT013,Tier 3,High,Supermarket Type1,0.058681957,11.64999962,170.4421997,3.5
Regular,FDB37,Baking Goods,2000,OUT013,Tier 3,High,Supermarket Type1,0.022921735,20.25,240.7537994,3.5
Regular,FDY38,Dairy,2000,OUT013,Tier 3,High,Supermarket Type1,0.119077258,13.60000038,231.2299957,3.5
Regular,FDA02,Dairy,2000,OUT013,Tier 3,High,Supermarket Type1,0.029697925,14,143.078598,3.5
Regular,FDK08,Fruits and Vegetables,2000,OUT013,Tier 3,High,Supermarket Type1,0.122202948,9.194999695,100.1016006,3.5
Low Fat,FDJ22,Snack Foods,2000,OUT013,Tier 3,High,Supermarket Type1,0.052766297,18.75,189.7503967,3.5
Low Fat,FDF02,Canned,2022,OUT018,Tier 3,Medium,Supermarket Type2,0.103894673,16.20000076,101.2990036,3.5
Low Fat,FDF41,Frozen Foods,2022,OUT018,Tier 3,Medium,Supermarket Type2,0.13171418,12.14999962,245.845993,3.5
Low Fat,FDG04,Frozen Foods,2022,OUT018,Tier 3,Medium,Supermarket Type2,0.006087409,13.10000038,185.089798,3.5
Low Fat,FDC56,Fruits and Vegetables,2022,OUT018,Tier 3,Medium,Supermarket Type2,0.122015744,7.71999979,121.7440033,3.5
Low Fat,DRK47,Hard Drinks,2022,OUT018,Tier 3,Medium,Supermarket Type2,0.064325348,7.90500021,230.2693939,3.5
Low Fat,NCV53,Health and Hygiene,2022,OUT018,Tier 3,Medium,Supermarket Type2,0.018890239,8.270000458,238.1880035,3.5
Low Fat,NCN30,Household,2022,OUT018,Tier 3,Medium,Supermarket Type2,0.017062427,16.35000038,98.14099884,3.5
Low Fat,NCO42,Household,2022,OUT018,Tier 3,Medium,Supermarket Type2,0.024756031,21.25,146.7102051,3.5
Low Fat,FDA34,Starchy Foods,2022,OUT018,Tier 3,Medium,Supermarket Type2,0.014921093,11.5,173.9080048,3.5
Low Fat,FDG47,Starchy Foods,2022,OUT018,Tier 3,Medium,Supermarket Type2,0.069902435,12.80000019,261.3251953,3.5
Regular,FDI60,Baking Goods,2022,OUT018,Tier 3,Medium,Supermarket Type2,0.038477324,7.21999979,62.95100021,3.5
Regular,FDF24,Baking Goods,2022,OUT018,Tier 3,Medium,Supermarket Type2,0.025473816,15.5,83.19339752,3.5
Regular,FDG20,Fruits and Vegetables,2022,OUT018,Tier 3,Medium,Supermarket Type2,0.126199916,15.5,178.4028015,3.5
Regular,FDG09,Fruits and Vegetables,2022,OUT018,Tier 3,Medium,Supermarket Type2,0.048131555,20.60000038,187.1555939,3.5
Regular,FDE10,Snack Foods,2022,OUT018,Tier 3,Medium,Supermarket Type2,0.09031453,6.670000076,130.5626068,3.5
Low Fat,FDV23,Breads,1998,OUT027,Tier 3,Medium,Supermarket Type3,0.105324246,12.85764534,125.7045975,3.5
Low Fat,FDX13,Canned,1998,OUT027,Tier 3,Medium,Supermarket Type3,0.047551569,12.85764534,249.1092072,3.5
Low Fat,FDD51,Dairy,1998,OUT027,Tier 3,Medium,Supermarket Type3,0.119371831,12.85764534,45.2743988,3.5
Low Fat,FDY50,Dairy,1998,OUT027,Tier 3,Medium,Supermarket Type3,0.130321652,12.85764534,88.71720123,3.5
Low Fat,FDE32,Fruits and Vegetables,1998,OUT027,Tier 3,Medium,Supermarket Type3,0.048522793,12.85764534,39.65060043,3.5
Low Fat,FDG44,Fruits and Vegetables,1998,OUT027,Tier 3,Medium,Supermarket Type3,0,12.85764534,55.72980118,3.5
Low Fat,FDL44,Fruits and Vegetables,1998,OUT027,Tier 3,Medium,Supermarket Type3,0.012215675,12.85764534,162.7893982,3.5
Low Fat,NCO41,Health and Hygiene,1998,OUT027,Tier 3,Medium,Supermarket Type3,0.018757585,12.85764534,96.93840027,3.5
Low Fat,NCU29,Health and Hygiene,1998,OUT027,Tier 3,Medium,Supermarket Type3,0.025354072,12.85764534,144.4759979,3.5
Low Fat,NCD55,Household,1998,OUT027,Tier 3,Medium,Supermarket Type3,0.024213353,12.85764534,42.44540024,3.5
Low Fat,NCG54,Household,1998,OUT027,Tier 3,Medium,Supermarket Type3,0.079419799,12.85764534,172.3105927,3.5
Low Fat,FDK33,Snack Foods,1998,OUT027,Tier 3,Medium,Supermarket Type3,0.011180843,12.85764534,213.4559937,3.5
Low Fat,DRG01,Soft Drinks,1998,OUT027,Tier 3,Medium,Supermarket Type3,0.044660956,12.85764534,74.76699829,3.5
Low Fat,DRH01,Soft Drinks,1998,OUT027,Tier 3,Medium,Supermarket Type3,0.097429924,12.85764534,172.8737946,3.5
Regular,FDW60,Baking Goods,1998,OUT027,Tier 3,Medium,Supermarket Type3,0.016979326,12.85764534,177.0370026,3.5
Regular,FDZ50,Dairy,1998,OUT027,Tier 3,Medium,Supermarket Type3,0,12.85764534,184.2608032,3.5
Regular,FDA52,Frozen Foods,1998,OUT027,Tier 3,Medium,Supermarket Type3,0.12780039,12.85764534,177.0370026,3.5
Regular,FDG10,Snack Foods,1998,OUT027,Tier 3,Medium,Supermarket Type3,0.010886324,12.85764534,57.25880051,3.5
Low Fat,FDN15,Meat,2012,OUT049,Tier 1,Medium,Supermarket Type1,0.016760075,17.5,141.6179962,3.400000095
Low Fat,FDP33,Snack Foods,2022,OUT018,Tier 3,Medium,Supermarket Type2,0,18.70000076,256.6672058,3.400000095
Low Fat,NCW29,Health and Hygiene,2012,OUT049,Tier 1,Medium,Supermarket Type1,0.028907832,14,130.4309998,3.400000095
Low Fat,FDX25,Canned,2022,OUT018,Tier 3,Medium,Supermarket Type2,0,16.70000076,181.2292023,3.400000095
Low Fat,FDQ56,Fruits and Vegetables,2012,OUT049,Tier 1,Medium,Supermarket Type1,0.105761491,6.590000153,84.89080048,3.400000095
Regular,FDM24,Baking Goods,2015,OUT045,Tier 2,Small,Supermarket Type1,0,6.135000229,151.3365936,3.400000095
Low Fat,FDB44,Fruits and Vegetables,2000,OUT013,Tier 3,High,Supermarket Type1,0.016944719,6.65500021,209.258606,3.400000095
Regular,FDZ23,Baking Goods,2011,OUT010,Tier 3,Medium,Grocery Store,0.112985849,17.75,185.423996,3.400000095
Low Fat,DRJ39,Dairy,2017,OUT035,Tier 2,Small,Supermarket Type1,0.036319196,20.25,219.3482056,3.400000095
Low Fat,FDT38,Dairy,2012,OUT049,Tier 1,Medium,Supermarket Type1,0.057626899,18.70000076,83.3565979,3.400000095
Low Fat,DRD27,Dairy,2012,OUT049,Tier 1,Medium,Supermarket Type1,0.023876986,18.75,97.40419769,3.400000095
Low Fat,FDX44,Fruits and Vegetables,2012,OUT049,Tier 1,Medium,Supermarket Type1,0.043033347,9.300000191,89.41719818,3.400000095
Low Fat,FDX19,Fruits and Vegetables,2012,OUT049,Tier 1,Medium,Supermarket Type1,0.096884213,19.10000038,233.5957947,3.400000095
Low Fat,NCO42,Household,2012,OUT049,Tier 1,Medium,Supermarket Type1,0.024693927,21.25,144.110199,3.400000095
Low Fat,FDF59,Starchy Foods,2012,OUT049,Tier 1,Medium,Supermarket Type1,0.071354777,12.5,125.7020035,3.400000095
Regular,FDE04,Frozen Foods,2012,OUT049,Tier 1,Medium,Supermarket Type1,0.018051092,19.75,179.8659973,3.400000095
Regular,DRZ11,Soft Drinks,2012,OUT049,Tier 1,Medium,Supermarket Type1,0.112840109,8.850000381,122.0388031,3.400000095
Low Fat,DRL59,Hard Drinks,1998,OUT019,Tier 1,Small,Grocery Store,0.037160706,12.85764534,54.22980118,3.400000095
Low Fat,FDO57,Snack Foods,1998,OUT019,Tier 1,Small,Grocery Store,0.190337464,12.85764534,159.4577942,3.400000095
Regular,FDU45,Snack Foods,1998,OUT019,Tier 1,Small,Grocery Store,0.062166668,12.85764534,112.351799,3.400000095
Low Fat,FDJ48,Baking Goods,2010,OUT046,Tier 1,Small,Supermarket Type1,0.056434818,11.30000019,247.8117981,3.400000095
Low Fat,NCK29,Health and Hygiene,2010,OUT046,Tier 1,Small,Supermarket Type1,0,5.614999771,121.9729996,3.400000095
Low Fat,FDV39,Meat,2010,OUT046,Tier 1,Small,Supermarket Type1,0.007279889,11.30000019,199.3426056,3.400000095
Low Fat,FDV55,Fruits and Vegetables,2010,OUT046,Tier 1,Small,Supermarket Type1,0.055073429,17.75,145.1443939,3.400000095
Regular,FDA35,Baking Goods,2010,OUT046,Tier 1,Small,Supermarket Type1,0.05383756,14.85000038,120.8071976,3.400000095
Regular,FDZ57,Snack Foods,2010,OUT046,Tier 1,Small,Supermarket Type1,0.037764307,10,127.2994003,3.400000095
Regular,FDO49,Breakfast,2010,OUT046,Tier 1,Small,Supermarket Type1,0.033052169,10.60000038,49.70080185,3.400000095
Low Fat,DRL47,Hard Drinks,2015,OUT045,Tier 2,Medium,Supermarket Type1,0.038815342,19.70000076,124.2361984,3.400000095
Low Fat,NCM26,Others,2020,OUT017,Tier 2,Medium,Supermarket Type1,0.023274107,20.5,154.1340027,3.400000095
Low Fat,FDS13,Canned,2015,OUT045,Tier 2,Medium,Supermarket Type1,0.124758616,6.465000153,264.188385,3.400000095
Low Fat,FDF52,Frozen Foods,2015,OUT045,Tier 2,Medium,Supermarket Type1,0.066918731,9.300000191,184.2292023,3.400000095
Low Fat,FDC20,Fruits and Vegetables,2015,OUT045,Tier 2,Medium,Supermarket Type1,0.024020078,10.64999962,57.22719955,3.400000095
Low Fat,DRI11,Hard Drinks,2015,OUT045,Tier 2,Medium,Supermarket Type1,0.03447406,8.260000229,117.0833969,3.400000095
Low Fat,DRO35,Hard Drinks,2015,OUT045,Tier 2,Small,Supermarket Type1,0.034640465,13.85000038,116.1492004,3.400000095
Low Fat,NCA42,Household,2015,OUT045,Tier 2,Small,Supermarket Type1,0,6.965000153,159.6604004,3.400000095
Low Fat,FDL27,Meat,2015,OUT045,Tier 2,Small,Supermarket Type1,0.010652508,6.170000076,65.68260193,3.400000095
Low Fat,FDT03,Meat,2015,OUT045,Tier 2,Small,Supermarket Type1,0.01001904,21.25,184.6607971,3.400000095
Low Fat,FDY21,Snack Foods,2015,OUT045,Tier 2,Small,Supermarket Type1,0.173833132,15.10000038,196.5110016,3.400000095
Low Fat,FDB15,Dairy,2020,OUT017,Tier 2,Small,Supermarket Type1,0.137584597,10.89500046,262.2568054,3.400000095
Low Fat,DRH01,Soft Drinks,2020,OUT017,Tier 2,High,Supermarket Type1,0.098457813,17.5,171.7738037,3.400000095
Regular,FDN23,Breads,2015,OUT045,Tier 2,High,Supermarket Type1,0.075660892,6.574999809,145.444397,3.400000095
Regular,FDN38,Canned,2015,OUT045,Tier 2,High,Supermarket Type1,0.092158377,6.614999771,251.1407928,3.400000095
Regular,FDA01,Canned,2015,OUT045,Tier 2,High,Supermarket Type1,0.054488532,15,57.5904007,3.400000095
Regular,FDB14,Canned,2015,OUT045,Tier 2,High,Supermarket Type1,0.102932245,20.25,93.21199799,3.400000095
Regular,FDS33,Snack Foods,2015,OUT045,Tier 2,High,Supermarket Type1,0.123678908,6.670000076,88.95140076,3.400000095
Regular,FDU57,Snack Foods,2015,OUT045,Tier 2,High,Supermarket Type1,0.089735806,8.270000458,148.7707977,3.400000095
Regular,FDJ38,Canned,2020,OUT017,Tier 2,High,Supermarket Type1,0.040432952,8.600000381,191.6529999,3.400000095
Regular,FDH14,Canned,2020,OUT017,Tier 2,High,Supermarket Type1,0.047073323,17.10000038,138.6838074,3.400000095
Regular,FDV16,Frozen Foods,2020,OUT017,Tier 2,High,Supermarket Type1,0.083399788,7.75,34.55580139,3.400000095
Low Fat,NCB19,Household,2017,OUT035,Tier 2,Small,Supermarket Type1,0.090278633,6.525000095,86.78820038,3.400000095
Low Fat,FDD11,Starchy Foods,2017,OUT035,Tier 2,Small,Supermarket Type1,0,12.85000038,254.7039948,3.400000095
Low Fat,NCR29,Health and Hygiene,2017,OUT035,Tier 2,Small,Supermarket Type1,0.054630544,7.565000057,57.39300156,3.400000095
Low Fat,NCM54,Household,2017,OUT035,Tier 2,Small,Supermarket Type1,0.050929427,17.70000076,129.1678009,3.400000095
Low Fat,DRB24,Soft Drinks,2017,OUT035,Tier 2,Small,Supermarket Type1,0.020573335,8.784999847,156.4656067,3.400000095
Low Fat,DRE49,Soft Drinks,2017,OUT035,Tier 2,Small,Supermarket Type1,0,20.75,153.0023956,3.400000095
Regular,FDC16,Dairy,2017,OUT035,Tier 2,Small,Supermarket Type1,0.020565921,11.5,86.05400085,3.400000095
Low Fat,FDW47,Breads,2011,OUT010,Tier 3,Medium,Grocery Store,0.077622622,15,121.8414001,3.400000095
Low Fat,DRO47,Hard Drinks,2011,OUT010,Tier 3,Medium,Grocery Store,0.187841088,10.19499969,112.4860001,3.400000095
Low Fat,NCK53,Health and Hygiene,2011,OUT010,Tier 3,Medium,Grocery Store,0.0629033,11.60000038,100.4041977,3.400000095
Low Fat,FDY21,Snack Foods,2011,OUT010,Tier 3,High,Grocery Store,0,15.10000038,197.2109985,3.400000095
Regular,FDS56,Fruits and Vegetables,2011,OUT010,Tier 3,High,Grocery Store,0.064871043,5.784999847,262.1252136,3.400000095
Low Fat,FDX23,Baking Goods,2000,OUT013,Tier 3,High,Supermarket Type1,0.029667053,6.445000172,94.44360352,3.400000095
Low Fat,FDF12,Baking Goods,2000,OUT013,Tier 3,High,Supermarket Type1,0.082359262,8.234999657,147.607605,3.400000095
Low Fat,FDS13,Canned,2000,OUT013,Tier 3,High,Supermarket Type1,0.124402508,6.465000153,266.188385,3.400000095
Low Fat,FDS20,Fruits and Vegetables,2000,OUT013,Tier 3,High,Supermarket Type1,0.053822085,8.850000381,183.8291931,3.400000095
Low Fat,FDU08,Fruits and Vegetables,2000,OUT013,Tier 3,High,Supermarket Type1,0.027292686,10.30000019,101.2042007,3.400000095
Low Fat,NCS17,Health and Hygiene,2000,OUT013,Tier 3,High,Supermarket Type1,0.080434449,18.60000038,93.44360352,3.400000095
Low Fat,FDW45,Snack Foods,2000,OUT013,Tier 3,High,Supermarket Type1,0.038978525,18,148.6417999,3.400000095
Low Fat,DRH36,Soft Drinks,2000,OUT013,Tier 3,High,Supermarket Type1,0,16.20000076,73.46959686,3.400000095
Regular,FDP40,Frozen Foods,2000,OUT013,Tier 3,High,Supermarket Type1,0.034328576,4.554999828,110.1544037,3.400000095
Regular,FDV20,Fruits and Vegetables,2000,OUT013,Tier 3,High,Supermarket Type1,0.059751637,20.20000076,129.1678009,3.400000095
Regular,FDB57,Fruits and Vegetables,2000,OUT013,Tier 3,High,Supermarket Type1,0.018789455,20.25,222.0771942,3.400000095
Regular,FDX31,Fruits and Vegetables,2000,OUT013,Tier 3,High,Supermarket Type1,0.014813268,20.35000038,234.9958038,3.400000095
Low Fat,FDO40,Frozen Foods,2022,OUT018,Tier 3,Medium,Supermarket Type2,0.032761022,17.10000038,148.8392029,3.400000095
Low Fat,FDZ52,Frozen Foods,2022,OUT018,Tier 3,Medium,Supermarket Type2,0.100482188,19.20000076,111.8886032,3.400000095
Low Fat,FDX20,Fruits and Vegetables,2022,OUT018,Tier 3,Medium,Supermarket Type2,0.042733625,7.364999771,226.9720001,3.400000095
Regular,FDF29,Frozen Foods,2022,OUT018,Tier 3,Medium,Supermarket Type2,0.020015391,15.10000038,128.8309937,3.400000095
Regular,FDQ07,Fruits and Vegetables,2022,OUT018,Tier 3,Medium,Supermarket Type2,0.087762922,15.10000038,221.5455933,3.400000095
Low Fat,FDX45,Snack Foods,2022,OUT018,Tier 3,Medium,Supermarket Type2,0.105282933,16.75,156.9629974,3.400000095
Low Fat,FDP60,Baking Goods,1998,OUT027,Tier 3,Medium,Supermarket Type3,0.055648051,12.85764534,100.3015976,3.400000095
Low Fat,NCI43,Household,1998,OUT027,Tier 3,Medium,Supermarket Type3,0.025842952,12.85764534,48.63759995,3.400000095
Low Fat,FDG31,Meat,1998,OUT027,Tier 3,Medium,Supermarket Type3,0.037712876,12.85764534,64.48259735,3.400000095
Regular,FDW38,Dairy,1998,OUT027,Tier 3,Medium,Supermarket Type3,0.138008431,12.85764534,54.82979965,3.400000095
Regular,FDP36,Baking Goods,2022,OUT018,Tier 3,Medium,Supermarket Type2,0,10.39500046,51.4007988,3.299999952
Low Fat,NCD06,Household,2020,OUT017,Tier 2,Small,Supermarket Type1,0.099887103,13,45.90599823,3.299999952
Low Fat,DRE60,Soft Drinks,1998,OUT019,Tier 1,Small,Grocery Store,0.278974086,12.85764534,225.371994,3.299999952
Low Fat,NCO26,Household,2017,OUT035,Tier 2,Small,Supermarket Type1,0.076841094,7.235000134,117.549202,3.299999952
Low Fat,FDF20,Fruits and Vegetables,2015,OUT045,Tier 2,Small,Supermarket Type1,0.03328754,12.85000038,198.4768066,3.299999952
Low Fat,FDT59,Breads,2017,OUT035,Tier 2,Small,Supermarket Type1,0.015908424,13.64999962,231.1667938,3.299999952
Low Fat,NCR41,Health and Hygiene,2015,OUT045,Tier 2,Medium,Supermarket Type1,0.01806055,17.85000038,97.00939941,3.299999952
Regular,FDF53,Frozen Foods,2017,OUT035,Tier 2,Small,Supermarket Type1,0.083590753,20.75,182.2317963,3.299999952
Low Fat,DRF15,Dairy,2022,OUT018,Tier 3,Medium,Supermarket Type2,0.03334929,18.35000038,155.0339966,3.299999952
Low Fat,NCL53,Health and Hygiene,2010,OUT046,Tier 1,Small,Supermarket Type1,0.036234919,7.5,175.3027954,3.299999952
Low Fat,DRE12,Soft Drinks,1998,OUT027,Tier 3,Medium,Supermarket Type3,0.070437796,12.85764534,112.8860016,3.299999952
Low Fat,FDS51,Meat,2012,OUT049,Tier 1,Medium,Supermarket Type1,0.032230526,13.35000038,61.41939926,3.299999952
Low Fat,FDX59,Breads,1998,OUT027,Tier 3,Medium,Supermarket Type3,0.0514111,12.85764534,33.05580139,3.299999952
Low Fat,FDC26,Canned,2012,OUT049,Tier 1,Medium,Supermarket Type1,0.126579583,10.19499969,112.2885971,3.299999952
Low Fat,FDI44,Fruits and Vegetables,2012,OUT049,Tier 1,Medium,Supermarket Type1,0.100388706,16.10000038,76.03279877,3.299999952
Low Fat,NCQ53,Health and Hygiene,2012,OUT049,Tier 1,Medium,Supermarket Type1,0.018934719,17.60000038,237.7590027,3.299999952
Regular,FDN25,Breakfast,2012,OUT049,Tier 1,Medium,Supermarket Type1,0.061270647,7.894999981,56.75880051,3.299999952
Regular,FDZ08,Fruits and Vegetables,2012,OUT049,Tier 1,Medium,Supermarket Type1,0.110163383,12.5,83.65920258,3.299999952
Regular,FDG33,Seafood,2012,OUT049,Tier 1,Medium,Supermarket Type1,0.140458316,5.364999771,169.7763977,3.299999952
Regular,FDU46,Snack Foods,2012,OUT049,Tier 1,Medium,Supermarket Type1,0.011143599,10.30000019,88.2539978,3.299999952
Regular,FDC59,Starchy Foods,2012,OUT049,Tier 1,Medium,Supermarket Type1,0,16.70000076,63.6167984,3.299999952
Regular,FDZ07,Fruits and Vegetables,2012,OUT049,Tier 1,Medium,Supermarket Type1,0.094037294,15.10000038,62.31940079,3.299999952
Low Fat,FDU38,Dairy,1998,OUT019,Tier 1,Small,Grocery Store,0.144534215,12.85764534,190.6504059,3.299999952
Low Fat,NCN41,Health and Hygiene,1998,OUT019,Tier 1,Small,Grocery Store,0.091411747,12.85764534,121.3730011,3.299999952
Low Fat,NCX05,Health and Hygiene,1998,OUT019,Tier 1,Small,Grocery Store,0.169943199,12.85764534,116.2491989,3.299999952
Low Fat,DRJ24,Soft Drinks,1998,OUT019,Tier 1,Small,Grocery Store,0.198424846,12.85764534,185.2924042,3.299999952
Regular,FDU33,Snack Foods,1998,OUT019,Tier 1,Small,Grocery Store,0.235859409,12.85764534,46.14020157,3.299999952
Low Fat,FDT48,Baking Goods,2010,OUT046,Tier 1,Small,Supermarket Type1,0.045955032,4.920000076,199.1083984,3.299999952
Low Fat,FDG24,Baking Goods,2010,OUT046,Tier 1,Small,Supermarket Type1,0.014631149,7.974999905,84.52500153,3.299999952
Low Fat,FDY50,Dairy,2010,OUT046,Tier 1,Small,Supermarket Type1,0.130955815,5.800000191,90.31719971,3.299999952
Low Fat,FDP26,Dairy,2010,OUT046,Tier 1,Small,Supermarket Type1,0.139552832,7.784999847,105.6306,3.299999952
Low Fat,FDA14,Dairy,2010,OUT046,Tier 1,Small,Supermarket Type1,0.06518323,16.10000038,148.076004,3.299999952
Low Fat,NCV29,Health and Hygiene,2010,OUT046,Tier 1,Small,Supermarket Type1,0.022843501,11.80000019,177.8686066,3.299999952
Low Fat,FDW34,Snack Foods,2010,OUT046,Tier 1,Small,Supermarket Type1,0.035579134,9.600000381,244.4170074,3.299999952
Low Fat,DRD25,Soft Drinks,2010,OUT046,Tier 1,Small,Supermarket Type1,0,6.135000229,114.2860031,3.299999952
Regular,FDL48,Baking Goods,2010,OUT046,Tier 1,Small,Supermarket Type1,0.08226642,19.35000038,48.80339813,3.299999952
Regular,FDJ38,Canned,2010,OUT046,Tier 1,Small,Supermarket Type1,0.040205535,8.600000381,188.753006,3.299999952
Regular,FDF39,Dairy,2010,OUT046,Tier 1,Small,Supermarket Type1,0.019511288,14.85000038,262.5910034,3.299999952
Regular,FDA27,Dairy,2010,OUT046,Tier 1,Small,Supermarket Type1,0.030927632,20.35000038,256.8671875,3.299999952
Regular,FDE41,Frozen Foods,2010,OUT046,Tier 1,Small,Supermarket Type1,0.064014174,9.194999695,83.3565979,3.299999952
Regular,FDS04,Frozen Foods,2010,OUT046,Tier 1,Small,Supermarket Type1,0.146662936,10.19499969,138.6838074,3.299999952
Regular,FDP44,Fruits and Vegetables,2010,OUT046,Tier 1,Small,Supermarket Type1,0.079713576,16.5,101.3331985,3.299999952
Low Fat,FDR23,Breads,2015,OUT045,Tier 2,Medium,Supermarket Type1,0.081953384,15.85000038,176.2369995,3.299999952
Low Fat,FDD51,Dairy,2015,OUT045,Tier 2,Medium,Supermarket Type1,0,11.14999962,44.7743988,3.299999952
Low Fat,DRN11,Hard Drinks,2015,OUT045,Tier 2,Medium,Supermarket Type1,0.163310811,7.849999905,143.5444031,3.299999952
Low Fat,NCO29,Health and Hygiene,2015,OUT045,Tier 2,Small,Supermarket Type1,0.03232161,11.14999962,165.6526031,3.299999952
Low Fat,NCZ41,Health and Hygiene,2015,OUT045,Tier 2,Small,Supermarket Type1,0.064551882,19.85000038,125.270401,3.299999952
Low Fat,NCW54,Household,2015,OUT045,Tier 2,Small,Supermarket Type1,0.096608788,7.5,56.95880127,3.299999952
Low Fat,DRE15,Dairy,2020,OUT017,Tier 2,Small,Supermarket Type1,0,13.35000038,75.70120239,3.299999952
Low Fat,DRD27,Dairy,2020,OUT017,Tier 2,Small,Supermarket Type1,0.023974769,18.75,99.0042038,3.299999952
Low Fat,FDM40,Frozen Foods,2020,OUT017,Tier 2,Small,Supermarket Type1,0,10.19499969,143.1154022,3.299999952
Low Fat,FDL20,Fruits and Vegetables,2020,OUT017,Tier 2,Small,Supermarket Type1,0.129140913,17.10000038,109.4886017,3.299999952
Low Fat,FDB32,Fruits and Vegetables,2020,OUT017,Tier 2,Small,Supermarket Type1,0.023585599,20.60000038,94.77780151,3.299999952
Low Fat,NCP53,Health and Hygiene,2020,OUT017,Tier 2,Small,Supermarket Type1,0.033076387,14.75,237.2906036,3.299999952
Low Fat,NCX17,Health and Hygiene,2020,OUT017,Tier 2,Small,Supermarket Type1,0.114246018,21.25,231.2299957,3.299999952
Low Fat,NCZ18,Household,2020,OUT017,Tier 2,Small,Supermarket Type1,0,7.824999809,253.4698029,3.299999952
Low Fat,NCD55,Household,2020,OUT017,Tier 2,Small,Supermarket Type1,0.024468806,14,41.145401,3.299999952
Low Fat,FDD34,Snack Foods,2020,OUT017,Tier 2,High,Supermarket Type1,0.015966089,7.945000172,163.5209961,3.299999952
Low Fat,FDS57,Snack Foods,2020,OUT017,Tier 2,High,Supermarket Type1,0,15.5,141.5469971,3.299999952
Low Fat,FDI33,Snack Foods,2020,OUT017,Tier 2,High,Supermarket Type1,0.028579565,16.5,90.31459808,3.299999952
Low Fat,FDY45,Snack Foods,2020,OUT017,Tier 2,High,Supermarket Type1,0.026289985,17.5,253.7355957,3.299999952
Low Fat,FDR21,Snack Foods,2020,OUT017,Tier 2,High,Supermarket Type1,0.067314073,19.70000076,175.1369934,3.299999952
Low Fat,FDH10,Snack Foods,2020,OUT017,Tier 2,High,Supermarket Type1,0.049583901,21,193.8477936,3.299999952
Regular,FDQ47,Breads,2015,OUT045,Tier 2,High,Supermarket Type1,0.168527469,7.15500021,33.68740082,3.299999952
Regular,FDQ55,Fruits and Vegetables,2015,OUT045,Tier 2,High,Supermarket Type1,0.013064516,13.64999962,115.5833969,3.299999952
Regular,FDP08,Fruits and Vegetables,2015,OUT045,Tier 2,High,Supermarket Type1,0.112638019,20.5,195.5478058,3.299999952
Regular,FDD10,Snack Foods,2015,OUT045,Tier 2,High,Supermarket Type1,0.046114016,20.60000038,178.2344055,3.299999952
Regular,FDO52,Frozen Foods,2020,OUT017,Tier 2,High,Supermarket Type1,0.077601068,11.60000038,171.0106049,3.299999952
Regular,FDZ28,Frozen Foods,2020,OUT017,Tier 2,High,Supermarket Type1,0.051783759,20,125.8677979,3.299999952
Low Fat,NCE06,Household,2017,OUT035,Tier 2,Small,Supermarket Type1,0.091467932,5.824999809,159.7893982,3.299999952
Low Fat,NCN26,Household,2017,OUT035,Tier 2,Small,Supermarket Type1,0.02867447,10.85000038,115.1808014,3.299999952
Low Fat,DRG36,Soft Drinks,2017,OUT035,Tier 2,Small,Supermarket Type1,0.09536019,14.14999962,172.3105927,3.299999952
Low Fat,FDX23,Baking Goods,2017,OUT035,Tier 2,Small,Supermarket Type1,0.029686147,6.445000172,96.44360352,3.299999952
Low Fat,FDZ56,Fruits and Vegetables,2017,OUT035,Tier 2,Small,Supermarket Type1,0.025732115,16.25,166.447403,3.299999952
Low Fat,FDL20,Fruits and Vegetables,2017,OUT035,Tier 2,Small,Supermarket Type1,0.128390267,17.10000038,111.9886017,3.299999952
Low Fat,NCU54,Household,2017,OUT035,Tier 2,Small,Supermarket Type1,0.098603725,8.880000114,210.727005,3.299999952
Low Fat,NCO18,Household,2017,OUT035,Tier 2,Small,Supermarket Type1,0.024646608,13.14999962,177.4685974,3.299999952
Low Fat,NCI42,Household,2017,OUT035,Tier 2,Small,Supermarket Type1,0.010363586,18.75,207.1954041,3.299999952
Low Fat,FDD34,Snack Foods,2017,OUT035,Tier 2,Small,Supermarket Type1,0.015873285,7.945000172,161.3209991,3.299999952
Regular,FDL48,Baking Goods,2017,OUT035,Tier 2,Small,Supermarket Type1,0.082250863,19.35000038,48.70339966,3.299999952
Regular,FDR44,Fruits and Vegetables,2017,OUT035,Tier 2,Small,Supermarket Type1,0.102901421,6.110000134,128.4967957,3.299999952
Low Fat,NCE06,Household,2011,OUT010,Tier 3,Medium,Grocery Store,0.153127521,5.824999809,162.4893951,3.299999952
Low Fat,FDD36,Baking Goods,2011,OUT010,Tier 3,Medium,Grocery Store,0.03560758,13.30000019,119.9123993,3.299999952
Low Fat,NCY18,Household,2011,OUT010,Tier 3,Medium,Grocery Store,0.052141447,7.284999847,174.9053955,3.299999952
Low Fat,FDG31,Meat,2011,OUT010,Tier 3,High,Grocery Store,0.063430786,12.14999962,65.48259735,3.299999952
Low Fat,FDT46,Snack Foods,2011,OUT010,Tier 3,High,Grocery Store,0.051564828,11.35000038,49.00080109,3.299999952
Low Fat,DRC25,Soft Drinks,2011,OUT010,Tier 3,High,Grocery Store,0.075943187,5.730000019,85.58820343,3.299999952
Low Fat,DRI25,Soft Drinks,2011,OUT010,Tier 3,High,Grocery Store,0.056744065,19.60000038,55.66139984,3.299999952
Low Fat,FDI44,Fruits and Vegetables,2000,OUT013,Tier 3,High,Supermarket Type1,0.10014946,16.10000038,78.43280029,3.299999952
Low Fat,FDA36,Baking Goods,2000,OUT013,Tier 3,High,Supermarket Type1,0.005661669,5.985000134,186.5924072,3.299999952
Low Fat,FDS47,Breads,2000,OUT013,Tier 3,High,Supermarket Type1,0.128778473,16.75,89.18560028,3.299999952
Low Fat,FDJ41,Frozen Foods,2000,OUT013,Tier 3,High,Supermarket Type1,0.022864237,6.849999905,260.0593872,3.299999952
Low Fat,FDN15,Meat,2000,OUT013,Tier 3,High,Supermarket Type1,0.016720133,17.5,139.9179993,3.299999952
Low Fat,NCL31,Others,2000,OUT013,Tier 3,High,Supermarket Type1,0.120180897,7.389999866,141.4470062,3.299999952
Low Fat,NCN07,Others,2000,OUT013,Tier 3,High,Supermarket Type1,0.033916451,18.5,130.9284058,3.299999952
Low Fat,FDL22,Snack Foods,2000,OUT013,Tier 3,High,Supermarket Type1,0.036359891,16.85000038,90.74880219,3.299999952
Regular,FDX27,Dairy,2000,OUT013,Tier 3,High,Supermarket Type1,0.114022128,20.70000076,92.94360352,3.299999952
Regular,FDE28,Frozen Foods,2000,OUT013,Tier 3,High,Supermarket Type1,0,9.5,231.366806,3.299999952
Regular,FDB56,Fruits and Vegetables,2000,OUT013,Tier 3,High,Supermarket Type1,0.074565098,8.75,186.8556061,3.299999952
Regular,FDM27,Meat,2000,OUT013,Tier 3,High,Supermarket Type1,0.158337474,12.35000038,157.9945984,3.299999952
Low Fat,FDQ21,Snack Foods,2000,OUT013,Tier 3,High,Supermarket Type1,0.019407069,21.25,119.3756027,3.299999952
Regular,FDU21,Snack Foods,2000,OUT013,Tier 3,High,Supermarket Type1,0.07665661,11.80000019,32.35580063,3.299999952
Low Fat,FDP23,Breads,2022,OUT018,Tier 3,Medium,Supermarket Type2,0.035731826,6.710000038,218.3166046,3.299999952
Low Fat,FDJ16,Frozen Foods,2022,OUT018,Tier 3,Medium,Supermarket Type2,0.115353644,9.194999695,58.92459869,3.299999952
Low Fat,NCF31,Household,2022,OUT018,Tier 3,Medium,Supermarket Type2,0.05205863,9.130000114,150.6024017,3.299999952
Low Fat,NCB55,Household,2022,OUT018,Tier 3,Medium,Supermarket Type2,0.161317497,15.69999981,57.55619812,3.299999952
Low Fat,FDB10,Snack Foods,2022,OUT018,Tier 3,Medium,Supermarket Type2,0.067481898,10,234.8589935,3.299999952
Low Fat,FDY10,Snack Foods,2022,OUT018,Tier 3,Medium,Supermarket Type2,0.049267758,17.60000038,113.017601,3.299999952
Regular,FDZ25,Canned,2022,OUT018,Tier 3,Medium,Supermarket Type2,0.027729547,15.69999981,169.3789978,3.299999952
Regular,FDH53,Frozen Foods,2022,OUT018,Tier 3,Medium,Supermarket Type2,0.019277945,20.5,82.85919952,3.299999952
Regular,FDO45,Snack Foods,2022,OUT018,Tier 3,Medium,Supermarket Type2,0.03810738,13.14999962,86.38559723,3.299999952
Regular,FDC34,Snack Foods,2022,OUT018,Tier 3,Medium,Supermarket Type2,0.173462838,16,157.6972046,3.299999952
Regular,FDC59,Starchy Foods,2022,OUT018,Tier 3,Medium,Supermarket Type2,0.054851439,16.70000076,64.41680145,3.299999952
Low Fat,DRI03,Dairy,1998,OUT027,Tier 3,Medium,Supermarket Type3,0,12.85764534,175.3027954,3.299999952
Low Fat,FDZ40,Frozen Foods,1998,OUT027,Tier 3,Medium,Supermarket Type3,0.039988164,12.85764534,55.72980118,3.299999952
Low Fat,NCZ17,Health and Hygiene,1998,OUT027,Tier 3,Medium,Supermarket Type3,0.079046994,12.85764534,39.8506012,3.299999952
Low Fat,NCZ53,Health and Hygiene,1998,OUT027,Tier 3,Medium,Supermarket Type3,0.024358634,12.85764534,190.421402,3.299999952
Regular,FDI50,Canned,1998,OUT027,Tier 3,Medium,Supermarket Type3,0.030693309,12.85764534,228.035202,3.299999952
Regular,FDZ26,Dairy,1998,OUT027,Tier 3,Medium,Supermarket Type3,0.143319994,12.85764534,237.5222015,3.299999952
Regular,FDT27,Meat,1998,OUT027,Tier 3,Medium,Supermarket Type3,0.069250189,12.85764534,232.9615936,3.299999952
Regular,FDW15,Meat,1998,OUT027,Tier 3,Medium,Supermarket Type3,0.054846708,12.85764534,147.3733978,3.299999952
Low Fat,NCI17,Health and Hygiene,2000,OUT013,Tier 3,High,Supermarket Type1,0.14330329,8.645000458,96.34100342,3.200000048
Low Fat,FDA44,Fruits and Vegetables,2020,OUT017,Tier 2,Medium,Supermarket Type1,0.053523764,19.70000076,55.39300156,3.200000048
Low Fat,NCF42,Household,2017,OUT035,Tier 2,Small,Supermarket Type1,0.16735141,17.35000038,176.0711975,3.200000048
Regular,FDX35,Breads,2000,OUT013,Tier 3,High,Supermarket Type1,0.079844043,5.034999847,226.3036041,3.200000048
Low Fat,NCC43,Household,2020,OUT017,Tier 2,Medium,Supermarket Type1,0.093307711,7.389999866,250.906601,3.200000048
Low Fat,FDU25,Canned,2012,OUT049,Tier 1,Medium,Supermarket Type1,0.026722744,12.35000038,59.22460175,3.200000048
Low Fat,NCR18,Household,2012,OUT049,Tier 1,Medium,Supermarket Type1,0.020519478,15.85000038,42.51119995,3.200000048
Low Fat,NCF30,Household,2012,OUT049,Tier 1,Medium,Supermarket Type1,0.126440331,17,125.2361984,3.200000048
Low Fat,DRF60,Soft Drinks,2012,OUT049,Tier 1,Medium,Supermarket Type1,0.052149676,10.80000019,239.9564056,3.200000048
Regular,FDJ38,Canned,2012,OUT049,Tier 1,Medium,Supermarket Type1,0.040268045,8.600000381,191.4530029,3.200000048
Regular,FDB29,Frozen Foods,2012,OUT049,Tier 1,Medium,Supermarket Type1,0.052493162,16.70000076,113.9176025,3.200000048
Regular,FDN34,Snack Foods,2012,OUT049,Tier 1,Medium,Supermarket Type1,0.045835394,15.60000038,168.2131958,3.200000048
Regular,FDR22,Snack Foods,2012,OUT049,Tier 1,Medium,Supermarket Type1,0.018591464,19.35000038,112.9543991,3.200000048
Low Fat,FDV32,Fruits and Vegetables,1998,OUT019,Tier 1,Small,Grocery Store,0.155316934,12.85764534,64.15100098,3.200000048
Regular,FDA02,Dairy,1998,OUT019,Tier 1,Small,Grocery Store,0.05204054,12.85764534,143.1786041,3.200000048
Regular,FDS33,Snack Foods,1998,OUT019,Tier 1,Small,Grocery Store,0.216107532,12.85764534,86.85140228,3.200000048
Low Fat,FDN57,Snack Foods,2010,OUT046,Tier 1,Small,Supermarket Type1,0.054234196,18.25,142.0153961,3.200000048
Regular,FDU15,Meat,2010,OUT046,Tier 1,Small,Supermarket Type1,0.026602089,13.64999962,35.15319824,3.200000048
Low Fat,FDQ13,Canned,2015,OUT045,Tier 2,Medium,Supermarket Type1,0.010663189,11.10000038,82.39080048,3.200000048
Low Fat,NCQ05,Health and Hygiene,2015,OUT045,Tier 2,Small,Supermarket Type1,0.021649905,11.39500046,150.8708038,3.200000048
Low Fat,DRI49,Soft Drinks,2015,OUT045,Tier 2,Small,Supermarket Type1,0.18387945,14.14999962,82.92759705,3.200000048
Low Fat,FDF52,Frozen Foods,2020,OUT017,Tier 2,Small,Supermarket Type1,0,9.300000191,182.9291992,3.200000048
Low Fat,FDS43,Fruits and Vegetables,2020,OUT017,Tier 2,Small,Supermarket Type1,0.040744059,11.64999962,185.923996,3.200000048
Low Fat,NCP14,Household,2020,OUT017,Tier 2,Small,Supermarket Type1,0.110913604,8.274999619,106.3305969,3.200000048
Low Fat,FDG47,Starchy Foods,2020,OUT017,Tier 2,High,Supermarket Type1,0.070012636,12.80000019,262.8251953,3.200000048
Regular,FDC16,Dairy,2015,OUT045,Tier 2,High,Supermarket Type1,0.020611526,11.5,84.95400238,3.200000048
Regular,FDM57,Snack Foods,2015,OUT045,Tier 2,High,Supermarket Type1,0.076002993,11.64999962,83.49079895,3.200000048
Regular,FDA01,Canned,2020,OUT017,Tier 2,High,Supermarket Type1,0.054685839,15,60.29040146,3.200000048
Regular,FDG22,Snack Foods,2020,OUT017,Tier 2,Medium,Supermarket Type1,0.041615225,17.60000038,37.21900177,3.200000048
Low Fat,FDP60,Baking Goods,2017,OUT035,Tier 2,Small,Supermarket Type1,0.055908266,17.35000038,99.8015976,3.200000048
Low Fat,FDX26,Dairy,2017,OUT035,Tier 2,Small,Supermarket Type1,0.08779192,17.70000076,180.6291962,3.200000048
Low Fat,FDT28,Frozen Foods,2017,OUT035,Tier 2,Small,Supermarket Type1,0.063554153,13.30000019,149.4707947,3.200000048
Low Fat,DRM23,Hard Drinks,2017,OUT035,Tier 2,Small,Supermarket Type1,0.135707557,16.60000038,170.6421967,3.200000048
Low Fat,FDK33,Snack Foods,2017,OUT035,Tier 2,Small,Supermarket Type1,0.011233126,17.85000038,211.5559998,3.200000048
Regular,FDP44,Fruits and Vegetables,2017,OUT035,Tier 2,Small,Supermarket Type1,0.079698503,16.5,100.6332016,3.200000048
Low Fat,FDU38,Dairy,2011,OUT010,Tier 3,Medium,Grocery Store,0.138171598,10.80000019,191.4503937,3.200000048
Low Fat,FDU14,Dairy,2011,OUT010,Tier 3,Medium,Grocery Store,0.058168806,17.75,249.5749969,3.200000048
Low Fat,NCB18,Household,2011,OUT010,Tier 3,High,Grocery Store,0.069112949,19.60000038,90.15139771,3.200000048
Low Fat,FDL33,Snack Foods,2011,OUT010,Tier 3,High,Grocery Store,0.167316765,7.235000134,197.5451965,3.200000048
Regular,FDQ31,Fruits and Vegetables,2011,OUT010,Tier 3,High,Grocery Store,0.090129197,5.784999847,89.88559723,3.200000048
Low Fat,NCT17,Health and Hygiene,2000,OUT013,Tier 3,High,Supermarket Type1,0.041831009,10.80000019,186.6213989,3.200000048
Low Fat,DRE27,Dairy,2000,OUT013,Tier 3,High,Supermarket Type1,0.132560179,11.85000038,97.27259827,3.200000048
Low Fat,NCZ29,Health and Hygiene,2000,OUT013,Tier 3,High,Supermarket Type1,0.071312062,15,125.7361984,3.200000048
Regular,FDB36,Baking Goods,2000,OUT013,Tier 3,High,Supermarket Type1,0.048486803,5.465000153,131.2626038,3.200000048
Low Fat,FDU02,Dairy,2000,OUT013,Tier 3,High,Supermarket Type1,0.102426194,13.35000038,230.6351929,3.200000048
Low Fat,NCW17,Health and Hygiene,2022,OUT018,Tier 3,Medium,Supermarket Type2,0.019465204,18,128.6994019,3.200000048
Low Fat,NCQ54,Household,2022,OUT018,Tier 3,Medium,Supermarket Type2,0.012593467,17.70000076,167.6473999,3.200000048
Regular,FDX32,Fruits and Vegetables,2022,OUT018,Tier 3,Medium,Supermarket Type2,0.100265026,15.10000038,142.578598,3.200000048
Low Fat,FDW48,Baking Goods,1998,OUT027,Tier 3,Medium,Supermarket Type3,0.008499464,12.85764534,81.36180115,3.200000048
Low Fat,FDO23,Breads,1998,OUT027,Tier 3,Medium,Supermarket Type3,0.145718277,12.85764534,94.34359741,3.200000048
Low Fat,FDY55,Fruits and Vegetables,1998,OUT027,Tier 3,Medium,Supermarket Type3,0,12.85764534,255.7987976,3.200000048
Regular,FDZ23,Baking Goods,1998,OUT027,Tier 3,Medium,Supermarket Type3,0.067175917,12.85764534,187.1239929,3.200000048
Regular,FDB04,Dairy,1998,OUT027,Tier 3,Medium,Supermarket Type3,0.062920131,12.85764534,88.98560333,3.200000048
Regular,FDJ55,Meat,1998,OUT027,Tier 3,Medium,Supermarket Type3,0.023417003,12.85764534,223.8403931,3.200000048
Regular,FDI10,Snack Foods,1998,OUT027,Tier 3,Medium,Supermarket Type3,0.078024648,12.85764534,171.4421997,3.200000048
Regular,FDQ28,Frozen Foods,2000,OUT013,Tier 3,High,Supermarket Type1,0.060376775,14,154.5655975,3.099999905
Low Fat,DRH03,Dairy,1998,OUT019,Tier 1,Small,Grocery Store,0.061393093,12.85764534,91.81199646,3.099999905
Low Fat,DRK37,Soft Drinks,2010,OUT046,Tier 1,Small,Supermarket Type1,0.044004675,5,188.8529968,3.099999905
Regular,FDS58,Snack Foods,2000,OUT013,Tier 3,High,Supermarket Type1,0.020989131,9.284999847,158.6578064,3.099999905
Regular,FDS28,Frozen Foods,2012,OUT049,Tier 1,Medium,Supermarket Type1,0.082529701,8.180000305,56.95880127,3.099999905
Low Fat,FDD50,Canned,2012,OUT049,Tier 1,Medium,Supermarket Type1,0.141862437,18.85000038,171.0131989,3.099999905
Low Fat,FDT31,Fruits and Vegetables,2012,OUT049,Tier 1,Medium,Supermarket Type1,0.012467648,19.75,188.1871948,3.099999905
Low Fat,NCK29,Health and Hygiene,2012,OUT049,Tier 1,Medium,Supermarket Type1,0.125964552,5.614999771,124.7730026,3.099999905
Low Fat,NCA41,Health and Hygiene,2012,OUT049,Tier 1,Medium,Supermarket Type1,0.032637373,16.75,191.6161957,3.099999905
Low Fat,NCQ30,Household,2012,OUT049,Tier 1,Medium,Supermarket Type1,0.029117482,7.724999905,123.0413971,3.099999905
Low Fat,NCU42,Household,2012,OUT049,Tier 1,Medium,Supermarket Type1,0.019536981,9,170.0473938,3.099999905
Low Fat,NCN43,Others,2012,OUT049,Tier 1,Medium,Supermarket Type1,0.006770252,12.14999962,124.4729996,3.099999905
Regular,FDY49,Canned,2012,OUT049,Tier 1,Medium,Supermarket Type1,0.012030747,17.20000076,166.6183929,3.099999905
Regular,FDJ44,Fruits and Vegetables,2012,OUT049,Tier 1,Medium,Supermarket Type1,0.106492564,12.30000019,176.3395996,3.099999905
Regular,FDZ21,Snack Foods,2012,OUT049,Tier 1,Medium,Supermarket Type1,0.03928284,17.60000038,94.64099884,3.099999905
Low Fat,NCV54,Household,1998,OUT019,Tier 1,Small,Grocery Store,0.057969481,12.85764534,119.3124008,3.099999905
Low Fat,FDZ33,Snack Foods,1998,OUT019,Tier 1,Small,Grocery Store,0.188038379,12.85764534,146.4075928,3.099999905
Low Fat,FDY59,Baking Goods,2010,OUT046,Tier 1,Small,Supermarket Type1,0.031403441,8.194999695,93.84619904,3.099999905
Regular,FDM24,Baking Goods,2010,OUT046,Tier 1,Small,Supermarket Type1,0.079327367,6.135000229,152.8365936,3.099999905
Regular,FDH44,Fruits and Vegetables,2010,OUT046,Tier 1,Small,Supermarket Type1,0.025872152,19.10000038,145.741806,3.099999905
Low Fat,FDX50,Dairy,2015,OUT045,Tier 2,Medium,Supermarket Type1,0.074778549,20.10000038,110.7228012,3.099999905
Low Fat,FDW47,Breads,2015,OUT045,Tier 2,Medium,Supermarket Type1,0.046469279,15,123.8414001,3.099999905
Low Fat,NCA29,Household,2020,OUT017,Tier 2,Small,Supermarket Type1,0.027430696,10.5,171.1105957,3.099999905
Low Fat,FDL43,Meat,2020,OUT017,Tier 2,High,Supermarket Type1,0.027217468,10.10000038,76.06700134,3.099999905
Regular,FDE17,Frozen Foods,2020,OUT017,Tier 2,High,Supermarket Type1,0.054763518,20.10000038,150.9365997,3.099999905
Regular,FDF45,Fruits and Vegetables,2020,OUT017,Tier 2,Medium,Supermarket Type1,0.012273747,18.20000076,60.0904007,3.099999905
Regular,FDG14,Canned,2015,OUT045,Tier 2,Medium,Supermarket Type1,0.050603129,9,150.9024048,3.099999905
Low Fat,FDT40,Frozen Foods,2017,OUT035,Tier 2,Small,Supermarket Type1,0,5.985000134,125.2677994,3.099999905
Low Fat,DRM47,Hard Drinks,2017,OUT035,Tier 2,Small,Supermarket Type1,0.043777414,9.300000191,192.9846039,3.099999905
Low Fat,NCH29,Health and Hygiene,2017,OUT035,Tier 2,Small,Supermarket Type1,0.034467287,5.510000229,96.77259827,3.099999905
Low Fat,NCZ42,Household,2017,OUT035,Tier 2,Small,Supermarket Type1,0.011285795,10.5,235.8247986,3.099999905
Regular,FDC59,Starchy Foods,2017,OUT035,Tier 2,Small,Supermarket Type1,0.054618575,16.70000076,65.51679993,3.099999905
Low Fat,FDC26,Canned,2011,OUT010,Tier 3,Medium,Grocery Store,0.211539388,10.19499969,110.9886017,3.099999905
Regular,FDD38,Canned,2011,OUT010,Tier 3,High,Grocery Store,0.013711274,16.75,100.2674026,3.099999905
Low Fat,NCI43,Household,2000,OUT013,Tier 3,High,Supermarket Type1,0.025947096,19.85000038,46.93759918,3.099999905
Low Fat,NCP53,Health and Hygiene,2022,OUT018,Tier 3,Medium,Supermarket Type2,0.03302433,14.75,236.6905975,3.099999905
Low Fat,NCQ41,Health and Hygiene,2022,OUT018,Tier 3,Medium,Supermarket Type2,0.019559747,14.80000019,193.7794037,3.099999905
Low Fat,NCO54,Household,2022,OUT018,Tier 3,Medium,Supermarket Type2,0.014332439,19.5,57.16139984,3.099999905
Low Fat,FDQ46,Snack Foods,2022,OUT018,Tier 3,Medium,Supermarket Type2,0.104235917,7.510000229,111.7544022,3.099999905
Low Fat,FDK46,Snack Foods,2022,OUT018,Tier 3,Medium,Supermarket Type2,0.051677052,9.600000381,258.0620117,3.099999905
Low Fat,DRL60,Soft Drinks,2022,OUT018,Tier 3,Medium,Supermarket Type2,0.027169589,8.520000458,151.0682068,3.099999905
Regular,FDL25,Breakfast,2022,OUT018,Tier 3,Medium,Supermarket Type2,0.131458253,6.920000076,90.58039856,3.099999905
Regular,FDC29,Frozen Foods,2022,OUT018,Tier 3,Medium,Supermarket Type2,0.024304263,8.390000343,114.017601,3.099999905
Low Fat,FDA50,Dairy,1998,OUT027,Tier 3,Medium,Supermarket Type3,0.086752988,12.85764534,98.14099884,3.099999905
Low Fat,FDL10,Snack Foods,1998,OUT027,Tier 3,Medium,Supermarket Type3,0.039300963,12.85764534,99.5042038,3.099999905
Regular,FDZ25,Canned,1998,OUT027,Tier 3,Medium,Supermarket Type3,0.027483311,12.85764534,169.3789978,3.099999905
Regular,FDS32,Fruits and Vegetables,1998,OUT027,Tier 3,Medium,Supermarket Type3,0.029510314,12.85764534,141.9837952,3.099999905
Regular,FDR15,Meat,1998,OUT027,Tier 3,Medium,Supermarket Type3,0.033276066,12.85764534,153.8314056,3.099999905
Regular,FDW22,Snack Foods,1998,OUT027,Tier 3,Medium,Supermarket Type3,0.030143704,12.85764534,222.0113983,3.099999905
Regular,FDS02,Dairy,1998,OUT019,Tier 1,Small,Grocery Store,0.255394906,12.85764534,196.8793945,3
Regular,FDC29,Frozen Foods,2010,OUT046,Tier 1,Small,Supermarket Type1,0.02420566,8.390000343,114.017601,3
Regular,FDJ38,Canned,2017,OUT035,Tier 2,Small,Supermarket Type1,0.040197931,8.600000381,190.1529999,3
Low Fat,FDK44,Fruits and Vegetables,2020,OUT017,Tier 2,Small,Supermarket Type1,0.122918852,16.60000038,173.0738068,3
Low Fat,DRF27,Dairy,1998,OUT019,Tier 1,Small,Grocery Store,0.049754974,12.85764534,152.1340027,3
Regular,FDZ32,Fruits and Vegetables,2022,OUT018,Tier 3,Medium,Supermarket Type2,0.038288087,7.784999847,103.1964035,3
Low Fat,DRE60,Soft Drinks,2015,OUT045,Tier 2,Small,Supermarket Type1,0.159657598,9.395000458,224.9720001,3
Low Fat,FDB17,Frozen Foods,2015,OUT045,Tier 2,Small,Supermarket Type1,0.03674648,13.14999962,181.2976074,3
Low Fat,FDX14,Dairy,1998,OUT019,Tier 1,Small,Grocery Store,0.131210327,12.85764534,74.03540039,3
Low Fat,FDU52,Frozen Foods,2015,OUT045,Tier 2,Medium,Supermarket Type1,0.063900188,7.559999943,157.2630005,3
Low Fat,FDZ22,Snack Foods,1998,OUT027,Tier 3,Medium,Supermarket Type3,0.045050673,12.85764534,84.92500305,3
Low Fat,NCQ50,Household,2020,OUT017,Tier 2,Medium,Supermarket Type1,0.034501404,18.75,211.7218018,3
Regular,FDG38,Canned,2000,OUT013,Tier 3,High,Supermarket Type1,0.052685261,8.975000381,83.32240295,3
Low Fat,FDK15,Meat,2012,OUT049,Tier 1,Medium,Supermarket Type1,0.09856683,10.80000019,98.30419922,3
Low Fat,NCL19,Others,2000,OUT013,Tier 3,High,Supermarket Type1,0.015663184,15.35000038,143.9470062,3
Regular,FDO10,Snack Foods,2015,OUT045,Tier 2,Medium,Supermarket Type1,0,13.64999962,55.85879898,3
Low Fat,DRK35,Hard Drinks,2017,OUT035,Tier 2,Small,Supermarket Type1,0.07183291,8.364999771,36.15060043,3
Low Fat,FDN21,Snack Foods,1998,OUT027,Tier 3,Medium,Supermarket Type3,0.076483451,12.85764534,163.1235962,3
Low Fat,FDB34,Snack Foods,2022,OUT018,Tier 3,Medium,Supermarket Type2,0.02671821,15.25,85.21980286,3
Low Fat,FDA45,Snack Foods,1998,OUT027,Tier 3,Medium,Supermarket Type3,0.154627249,12.85764534,177.6369934,3
Low Fat,FDT49,Canned,2020,OUT017,Tier 2,Medium,Supermarket Type1,0.152262002,7,105.7279968,3
Low Fat,FDC26,Canned,2022,OUT018,Tier 3,Medium,Supermarket Type2,0.126897931,10.19499969,110.6885986,3
Low Fat,FDI26,Canned,2012,OUT049,Tier 1,Medium,Supermarket Type1,0.03494098,5.940000057,177.3343964,3
Low Fat,FDI15,Dairy,2012,OUT049,Tier 1,Medium,Supermarket Type1,0,13.80000019,263.7883911,3
Low Fat,FDA14,Dairy,2012,OUT049,Tier 1,Medium,Supermarket Type1,0.065284573,16.10000038,145.076004,3
Low Fat,FDG53,Frozen Foods,2012,OUT049,Tier 1,Medium,Supermarket Type1,0.045928229,10,138.1179962,3
Low Fat,FDS40,Frozen Foods,2012,OUT049,Tier 1,Medium,Supermarket Type1,0.01404119,15.35000038,38.41899872,3
Low Fat,FDP32,Fruits and Vegetables,2012,OUT049,Tier 1,Medium,Supermarket Type1,0.087805785,6.650000095,126.7677994,3
Low Fat,FDS55,Fruits and Vegetables,2012,OUT049,Tier 1,Medium,Supermarket Type1,0.081290364,7.019999981,147.3733978,3
Low Fat,NCC42,Health and Hygiene,2012,OUT049,Tier 1,Medium,Supermarket Type1,0.044978224,15,140.8838043,3
Low Fat,NCX41,Health and Hygiene,2012,OUT049,Tier 1,Medium,Supermarket Type1,0.017746827,19,210.8244019,3
Low Fat,FDP39,Meat,2012,OUT049,Tier 1,Medium,Supermarket Type1,0.069532901,12.64999962,51.83240128,3
Low Fat,FDR33,Snack Foods,2012,OUT049,Tier 1,Medium,Supermarket Type1,0.026830586,7.309999943,108.0569992,3
Regular,FDI60,Baking Goods,2012,OUT049,Tier 1,Medium,Supermarket Type1,0.038380802,7.21999979,62.35100174,3
Regular,FDH60,Baking Goods,2012,OUT049,Tier 1,Medium,Supermarket Type1,0,19.70000076,194.4109955,3
Regular,FDY01,Canned,2012,OUT049,Tier 1,Medium,Supermarket Type1,0.170548245,11.80000019,113.8834,3
Regular,FDS02,Dairy,2012,OUT049,Tier 1,Medium,Supermarket Type1,0.146094128,10.19499969,196.1793976,3
Regular,FDS15,Meat,2012,OUT049,Tier 1,Medium,Supermarket Type1,0.078181967,9.194999695,106.7595978,3
Regular,FDT15,Meat,2012,OUT049,Tier 1,Medium,Supermarket Type1,0.042747881,12.14999962,183.6950073,3
Regular,FDY34,Snack Foods,2012,OUT049,Tier 1,Medium,Supermarket Type1,0.010998932,10.5,164.384201,3
Regular,FDU45,Snack Foods,2012,OUT049,Tier 1,Medium,Supermarket Type1,0.035561346,15.60000038,112.1518021,3
Regular,FDS34,Snack Foods,2012,OUT049,Tier 1,Medium,Supermarket Type1,0.076878414,19.35000038,113.9517975,3
Low Fat,FDS12,Baking Goods,1998,OUT019,Tier 1,Small,Grocery Store,0.304859102,12.85764534,125.436203,3
Low Fat,FDN13,Breakfast,1998,OUT019,Tier 1,Small,Grocery Store,0.266234428,12.85764534,98.53579712,3
Low Fat,FDQ13,Canned,1998,OUT019,Tier 1,Small,Grocery Store,0.018632082,12.85764534,82.99079895,3
Low Fat,FDW13,Canned,1998,OUT019,Tier 1,Small,Grocery Store,0.1713835,12.85764534,50.53239822,3
Low Fat,FDC04,Dairy,1998,OUT019,Tier 1,Small,Grocery Store,0.078764059,12.85764534,241.3854065,3
Low Fat,FDE45,Fruits and Vegetables,1998,OUT019,Tier 1,Small,Grocery Store,0.07066045,12.85764534,180.4002075,3
Regular,FDB41,Frozen Foods,1998,OUT019,Tier 1,Small,Grocery Store,0.170382723,12.85764534,45.27180099,3
Regular,FDZ16,Frozen Foods,1998,OUT019,Tier 1,Small,Grocery Store,0.279886961,12.85764534,193.1477966,3
Low Fat,DRH39,Dairy,1998,OUT019,Tier 1,Small,Grocery Store,0,12.85764534,75.96700287,3
Low Fat,DRG15,Dairy,2010,OUT046,Tier 1,Small,Supermarket Type1,0.076735906,6.130000114,62.45360184,3
Low Fat,DRK39,Dairy,2010,OUT046,Tier 1,Small,Supermarket Type1,0.049865399,7.019999981,82.92500305,3
Low Fat,DRH15,Dairy,2010,OUT046,Tier 1,Small,Supermarket Type1,0.10991127,8.774999619,41.94279861,3
Low Fat,FDC56,Fruits and Vegetables,2010,OUT046,Tier 1,Small,Supermarket Type1,0.12152072,7.71999979,118.2440033,3
Low Fat,FDD09,Fruits and Vegetables,2010,OUT046,Tier 1,Small,Supermarket Type1,0.021496402,13.5,180.5975952,3
Low Fat,DRF23,Hard Drinks,2010,OUT046,Tier 1,Small,Supermarket Type1,0,4.610000134,173.8395996,3
Low Fat,DRJ59,Hard Drinks,2010,OUT046,Tier 1,Small,Supermarket Type1,0.019372253,11.64999962,40.61640167,3
Low Fat,NCY06,Household,2010,OUT046,Tier 1,Small,Supermarket Type1,0.061184805,15.25,132.0968018,3
Regular,FDY11,Baking Goods,2010,OUT046,Tier 1,Small,Supermarket Type1,0.02956045,6.710000038,65.81420135,3
Regular,FDZ49,Canned,2010,OUT046,Tier 1,Small,Supermarket Type1,0.133145615,11,218.4797974,3
Regular,FDA51,Dairy,2010,OUT046,Tier 1,Small,Supermarket Type1,0.164679602,8.050000191,112.1518021,3
Regular,FDT14,Dairy,2010,OUT046,Tier 1,Small,Supermarket Type1,0.127727106,10.69499969,121.1439972,3
Regular,FDV16,Frozen Foods,2010,OUT046,Tier 1,Small,Supermarket Type1,0.082930699,7.75,35.25579834,3
Regular,FDR19,Fruits and Vegetables,2010,OUT046,Tier 1,Small,Supermarket Type1,0.159720674,13.5,147.610199,3
Regular,FDQ27,Meat,2010,OUT046,Tier 1,Small,Supermarket Type1,0.044252619,5.190000057,102.598999,3
Regular,FDK58,Snack Foods,2010,OUT046,Tier 1,Small,Supermarket Type1,0,11.35000038,101.5016022,3
Regular,FDG22,Snack Foods,2010,OUT046,Tier 1,Small,Supermarket Type1,0.041381154,17.60000038,35.01900101,3
Low Fat,NCU54,Household,2015,OUT045,Tier 2,Medium,Supermarket Type1,0.098822385,8.880000114,209.6269989,3
Low Fat,NCQ17,Health and Hygiene,2020,OUT017,Tier 2,Medium,Supermarket Type1,0.117593974,10.30000019,154.4629974,3
Low Fat,FDF17,Frozen Foods,2015,OUT045,Tier 2,Medium,Supermarket Type1,0.042707324,5.190000057,197.8110046,3
Low Fat,FDT43,Fruits and Vegetables,2015,OUT045,Tier 2,Medium,Supermarket Type1,0.020589624,16.35000038,53.23239899,3
Low Fat,NCN05,Health and Hygiene,2015,OUT045,Tier 2,Small,Supermarket Type1,0.014488997,8.234999657,183.7949982,3
Low Fat,NCS30,Household,2015,OUT045,Tier 2,Small,Supermarket Type1,0.093214869,5.945000172,129.1652069,3
Low Fat,NCH30,Household,2015,OUT045,Tier 2,Small,Supermarket Type1,0.067290246,17.10000038,114.5859985,3
Low Fat,FDF33,Seafood,2015,OUT045,Tier 2,Small,Supermarket Type1,0.021579161,7.96999979,105.9596024,3
Low Fat,FDQ09,Snack Foods,2015,OUT045,Tier 2,Small,Supermarket Type1,0,7.235000134,115.183403,3
Low Fat,FDW34,Snack Foods,2015,OUT045,Tier 2,Small,Supermarket Type1,0.035651293,9.600000381,244.9170074,3
Low Fat,FDY45,Snack Foods,2015,OUT045,Tier 2,Small,Supermarket Type1,0.026195131,17.5,252.6356049,3
Low Fat,FDI26,Canned,2020,OUT017,Tier 2,Small,Supermarket Type1,0.035084073,5.940000057,176.4344025,3
Low Fat,FDX40,Frozen Foods,2020,OUT017,Tier 2,Small,Supermarket Type1,0.099553086,12.85000038,40.01639938,3
Low Fat,FDR08,Fruits and Vegetables,2020,OUT017,Tier 2,Small,Supermarket Type1,0.037835766,18.70000076,111.1885986,3
Low Fat,NCW53,Health and Hygiene,2020,OUT017,Tier 2,Small,Supermarket Type1,0.030667569,18.35000038,193.4161987,3
Low Fat,NCX30,Household,2020,OUT017,Tier 2,High,Supermarket Type1,0.026771205,16.70000076,246.377594,3
Low Fat,FDU34,Snack Foods,2020,OUT017,Tier 2,High,Supermarket Type1,0.075620264,18.25,123.8046036,3
Low Fat,DRI37,Soft Drinks,2020,OUT017,Tier 2,High,Supermarket Type1,0.108206496,15.85000038,58.39039993,3
Regular,FDZ23,Baking Goods,2015,OUT045,Tier 2,High,Supermarket Type1,0.067639701,17.75,187.6239929,3
Regular,FDV26,Dairy,2015,OUT045,Tier 2,High,Supermarket Type1,0.076314904,20.25,196.7794037,3
Regular,FDR52,Frozen Foods,2015,OUT045,Tier 2,High,Supermarket Type1,0.076198809,12.64999962,191.3845978,3
Regular,FDT07,Fruits and Vegetables,2015,OUT045,Tier 2,High,Supermarket Type1,0.077475883,5.820000172,255.3329926,3
Regular,FDF44,Fruits and Vegetables,2015,OUT045,Tier 2,High,Supermarket Type1,0.059849154,7.170000076,129.4967957,3
Regular,FDR19,Fruits and Vegetables,2015,OUT045,Tier 2,High,Supermarket Type1,0.160044596,13.5,145.410202,3
Regular,FDF57,Fruits and Vegetables,2015,OUT045,Tier 2,High,Supermarket Type1,0.058946688,14.5,168.6448059,3
Regular,FDI21,Snack Foods,2015,OUT045,Tier 2,High,Supermarket Type1,0.056717612,5.590000153,62.91680145,3
Regular,FDS58,Snack Foods,2015,OUT045,Tier 2,High,Supermarket Type1,0.021049215,9.284999847,161.0578003,3
Regular,FDX49,Canned,2020,OUT017,Tier 2,High,Supermarket Type1,0.102407776,4.614999771,234.3300018,3
Regular,FDM02,Canned,2020,OUT017,Tier 2,High,Supermarket Type1,0.074152134,12.5,88.61979675,3
Regular,FDK03,Dairy,2020,OUT017,Tier 2,High,Supermarket Type1,0.074338563,12.60000038,255.5355988,3
Regular,FDG41,Frozen Foods,2020,OUT017,Tier 2,High,Supermarket Type1,0.076995179,8.840000153,112.0227966,3
Regular,FDW43,Fruits and Vegetables,2020,OUT017,Tier 2,Medium,Supermarket Type1,0.022552082,20.10000038,226.6036072,3
Regular,FDC10,Snack Foods,2020,OUT017,Tier 2,Medium,Supermarket Type1,0.073289901,9.800000191,120.8097992,3
Regular,DRB48,Soft Drinks,2020,OUT017,Tier 2,Medium,Supermarket Type1,0.02499407,16.75,37.48220062,3
Low Fat,DRF01,Soft Drinks,2017,OUT035,Tier 2,Small,Supermarket Type1,0.1750471,5.65500021,146.910202,3
Low Fat,FDS48,Baking Goods,2017,OUT035,Tier 2,Small,Supermarket Type1,0.027774002,15.14999962,152.3708038,3
Low Fat,FDS23,Breads,2017,OUT035,Tier 2,Small,Supermarket Type1,0.140862465,4.635000229,126.4993973,3
Low Fat,FDV35,Breads,2017,OUT035,Tier 2,Small,Supermarket Type1,0.128181756,19.5,156.1313934,3
Low Fat,DRF27,Dairy,2017,OUT035,Tier 2,Small,Supermarket Type1,0.028411899,8.930000305,152.3339996,3
Low Fat,FDV14,Dairy,2017,OUT035,Tier 2,Small,Supermarket Type1,0.044489063,19.85000038,89.48560333,3
Low Fat,FDQ20,Fruits and Vegetables,2017,OUT035,Tier 2,Small,Supermarket Type1,0.029779207,8.324999809,39.31380081,3
Low Fat,FDT43,Fruits and Vegetables,2017,OUT035,Tier 2,Small,Supermarket Type1,0.020544065,16.35000038,49.93239975,3
Low Fat,DRN35,Hard Drinks,2017,OUT035,Tier 2,Small,Supermarket Type1,0.070234306,8.010000229,34.95320129,3
Low Fat,NCF07,Household,2017,OUT035,Tier 2,Small,Supermarket Type1,0.032016478,9,99.60160065,3
Low Fat,FDL45,Snack Foods,2017,OUT035,Tier 2,Small,Supermarket Type1,0.037680712,15.60000038,123.770401,3
Low Fat,FDL34,Snack Foods,2017,OUT035,Tier 2,Small,Supermarket Type1,0.040938154,16,141.1495972,3
Low Fat,FDR09,Snack Foods,2017,OUT035,Tier 2,Small,Supermarket Type1,0.077709898,18.25,259.6961975,3
Low Fat,DRN36,Soft Drinks,2017,OUT035,Tier 2,Small,Supermarket Type1,0.050168354,15.19999981,95.37519836,3
Regular,FDM50,Canned,2017,OUT035,Tier 2,Small,Supermarket Type1,0.030083481,13,61.92200089,3
Regular,FDA26,Dairy,2017,OUT035,Tier 2,Small,Supermarket Type1,0.073906459,7.855000019,218.4481964,3
Regular,FDS04,Frozen Foods,2017,OUT035,Tier 2,Small,Supermarket Type1,0.146635205,10.19499969,139.0838013,3
Regular,FDS16,Frozen Foods,2017,OUT035,Tier 2,Small,Supermarket Type1,0.066164434,15.14999962,147.3760071,3
Regular,FDB29,Frozen Foods,2017,OUT035,Tier 2,Small,Supermarket Type1,0.052401766,16.70000076,115.1175995,3
Regular,FDZ43,Fruits and Vegetables,2017,OUT035,Tier 2,Small,Supermarket Type1,0.057047755,11,240.4512024,3
Regular,FDE56,Fruits and Vegetables,2017,OUT035,Tier 2,Small,Supermarket Type1,0.159165323,17.25,63.41939926,3
Regular,FDU20,Fruits and Vegetables,2017,OUT035,Tier 2,Small,Supermarket Type1,0.021453492,19.35000038,120.3097992,3
Regular,FDD23,Starchy Foods,2017,OUT035,Tier 2,Small,Supermarket Type1,0.048676323,9.5,187.7897949,3
Low Fat,FDX24,Baking Goods,2017,OUT035,Tier 2,Small,Supermarket Type1,0.013926425,8.354999542,93.04620361,3
Regular,FDH44,Fruits and Vegetables,2017,OUT035,Tier 2,Small,Supermarket Type1,0.025867261,19.10000038,147.6417999,3
Low Fat,NCL53,Health and Hygiene,2011,OUT010,Tier 3,Medium,Grocery Store,0.060649823,7.5,177.4028015,3
Low Fat,FDU35,Breads,2011,OUT010,Tier 3,Medium,Grocery Store,0.132590279,6.440000057,98.16999817,3
Low Fat,DRI01,Soft Drinks,2011,OUT010,Tier 3,High,Grocery Store,0.057667173,7.96999979,172.1421967,3
Regular,FDE05,Frozen Foods,2011,OUT010,Tier 3,High,Grocery Store,0.054321419,10.89500046,146.2102051,3
Low Fat,FDJ48,Baking Goods,2000,OUT013,Tier 3,High,Supermarket Type1,0.056387853,11.30000019,245.4118042,3
Low Fat,FDT49,Canned,2000,OUT013,Tier 3,High,Supermarket Type1,0.151279584,7,107.0279999,3
Low Fat,FDA38,Dairy,2000,OUT013,Tier 3,High,Supermarket Type1,0.025458716,5.440000057,241.2537994,3
Low Fat,FDM20,Fruits and Vegetables,2000,OUT013,Tier 3,High,Supermarket Type1,0.038653608,10,245.4143982,3
Low Fat,NCF31,Household,2000,OUT013,Tier 3,High,Supermarket Type1,0.051804278,9.130000114,150.2023926,3
Low Fat,NCC06,Household,2000,OUT013,Tier 3,High,Supermarket Type1,0.026963908,19,129.8336029,3
Low Fat,NCB43,Household,2000,OUT013,Tier 3,High,Supermarket Type1,0,20.20000076,187.1898041,3
Low Fat,FDB47,Snack Foods,2000,OUT013,Tier 3,High,Supermarket Type1,0.071369946,8.800000191,209.1611938,3
Low Fat,FDX58,Snack Foods,2000,OUT013,Tier 3,High,Supermarket Type1,0.04372726,13.14999962,182.5950012,3
Regular,FDJ14,Canned,2000,OUT013,Tier 3,High,Supermarket Type1,0.050028808,10.30000019,80.09600067,3
Regular,FDA40,Frozen Foods,2000,OUT013,Tier 3,High,Supermarket Type1,0.099188596,16,88.98560333,3
Regular,FDN46,Snack Foods,2000,OUT013,Tier 3,High,Supermarket Type1,0.144511119,7.210000038,100.5332031,3
Regular,FDG34,Snack Foods,2000,OUT013,Tier 3,High,Supermarket Type1,0.037539165,11.5,106.9253998,3
Regular,FDX57,Snack Foods,2000,OUT013,Tier 3,High,Supermarket Type1,0,17.25,95.20680237,3
Low Fat,FDE29,Frozen Foods,2022,OUT018,Tier 3,Medium,Supermarket Type2,0.143712178,8.904999733,60.28779984,3
Low Fat,NCX05,Health and Hygiene,2022,OUT018,Tier 3,Medium,Supermarket Type2,0.097457483,15.19999981,114.4492035,3
Low Fat,FDF59,Starchy Foods,2022,OUT018,Tier 3,Medium,Supermarket Type2,0.071534224,12.5,124.9020004,3
Low Fat,FDR35,Breads,2022,OUT018,Tier 3,Medium,Supermarket Type2,0.020782037,12.5,198.3742065,3
Low Fat,FDS52,Frozen Foods,2022,OUT018,Tier 3,Medium,Supermarket Type2,0.005496816,8.890000343,102.8015976,3
Low Fat,FDD05,Frozen Foods,2022,OUT018,Tier 3,Medium,Supermarket Type2,0.016679144,19.35000038,119.3097992,3
Low Fat,DRF23,Hard Drinks,2022,OUT018,Tier 3,Medium,Supermarket Type2,0.123151951,4.610000134,175.2395935,3
Low Fat,DRK59,Hard Drinks,2022,OUT018,Tier 3,Medium,Supermarket Type2,0.075757176,8.895000458,233.8616028,3
Low Fat,NCO29,Health and Hygiene,2022,OUT018,Tier 3,Medium,Supermarket Type2,0.032387588,11.14999962,164.3526001,3
Low Fat,NCM29,Health and Hygiene,2022,OUT018,Tier 3,Medium,Supermarket Type2,0.017714096,11.5,132.9626007,3
Low Fat,NCZ41,Health and Hygiene,2022,OUT018,Tier 3,Medium,Supermarket Type2,0,19.85000038,126.1704025,3
Low Fat,NCS06,Household,2022,OUT018,Tier 3,Medium,Supermarket Type2,0.031866021,7.934999943,261.2909851,3
Low Fat,NCF42,Household,2022,OUT018,Tier 3,Medium,Supermarket Type2,0.168064907,17.35000038,176.2711945,3
Low Fat,FDH58,Snack Foods,2022,OUT018,Tier 3,Medium,Supermarket Type2,0,12.30000019,116.4833984,3
Low Fat,FDN57,Snack Foods,2022,OUT018,Tier 3,Medium,Supermarket Type2,0.054455124,18.25,142.0153961,3
Regular,FDQ48,Baking Goods,2022,OUT018,Tier 3,Medium,Supermarket Type2,0.034551416,14.30000019,98.17259979,3
Regular,FDF26,Canned,2022,OUT018,Tier 3,Medium,Supermarket Type2,0.046824727,6.824999809,155.1997986,3
Regular,FDX38,Dairy,2022,OUT018,Tier 3,Medium,Supermarket Type2,0.048403393,10.5,48.23759842,3
Regular,FDP52,Frozen Foods,2022,OUT018,Tier 3,Medium,Supermarket Type2,0.070979699,18.70000076,229.5010071,3
Regular,FDK20,Fruits and Vegetables,2022,OUT018,Tier 3,Medium,Supermarket Type2,0.041726943,12.60000038,122.0072021,3
Regular,FDS44,Fruits and Vegetables,2022,OUT018,Tier 3,Medium,Supermarket Type2,0.156679615,12.64999962,238.8538055,3
Regular,FDD32,Fruits and Vegetables,2022,OUT018,Tier 3,Medium,Supermarket Type2,0.041098733,17.70000076,80.92759705,3
Regular,FDW51,Meat,2022,OUT018,Tier 3,Medium,Supermarket Type2,0.095045477,6.15500021,213.4559937,3
Regular,FDP21,Snack Foods,2022,OUT018,Tier 3,Medium,Supermarket Type2,0.025845701,7.420000076,188.9871979,3
Low Fat,NCI17,Health and Hygiene,2022,OUT018,Tier 3,Medium,Supermarket Type2,0.144006893,8.645000458,94.74099731,3
Low Fat,DRM59,Hard Drinks,1998,OUT027,Tier 3,Medium,Supermarket Type3,0.003574698,12.85764534,154.6997986,3
Low Fat,FDY59,Baking Goods,1998,OUT027,Tier 3,Medium,Supermarket Type3,0.031251367,12.85764534,93.34619904,3
Low Fat,FDR35,Breads,1998,OUT027,Tier 3,Medium,Supermarket Type3,0.020597493,12.85764534,200.0742035,3
Low Fat,FDD50,Canned,1998,OUT027,Tier 3,Medium,Supermarket Type3,0.140956312,12.85764534,167.7131958,3
Low Fat,FDZ38,Dairy,1998,OUT027,Tier 3,Medium,Supermarket Type3,0.007962273,12.85764534,174.0422058,3
Low Fat,FDB44,Fruits and Vegetables,1998,OUT027,Tier 3,Medium,Supermarket Type3,0.016876709,12.85764534,210.0585938,3
Low Fat,FDV55,Fruits and Vegetables,1998,OUT027,Tier 3,Medium,Supermarket Type3,0.054806735,12.85764534,145.1443939,3
Low Fat,DRN59,Hard Drinks,1998,OUT027,Tier 3,Medium,Supermarket Type3,0.063831016,12.85764534,46.20600128,3
Low Fat,NCD30,Household,1998,OUT027,Tier 3,Medium,Supermarket Type3,0,12.85764534,98.17259979,3
Low Fat,NCG30,Household,1998,OUT027,Tier 3,Medium,Supermarket Type3,0.111777298,12.85764534,124.604599,3
Low Fat,NCP02,Household,1998,OUT027,Tier 3,Medium,Supermarket Type3,0.044591773,12.85764534,59.65620041,3
Low Fat,FDP27,Meat,1998,OUT027,Tier 3,Medium,Supermarket Type3,0.118872195,12.85764534,188.3529968,3
Low Fat,FDK34,Snack Foods,1998,OUT027,Tier 3,Medium,Supermarket Type3,0.038340118,12.85764534,240.1564026,3
Low Fat,FDO58,Snack Foods,1998,OUT027,Tier 3,Medium,Supermarket Type3,0.039385516,12.85764534,164.8526001,3
Low Fat,FDX45,Snack Foods,1998,OUT027,Tier 3,Medium,Supermarket Type3,0.104348026,12.85764534,156.2630005,3
Low Fat,DRN36,Soft Drinks,1998,OUT027,Tier 3,Medium,Supermarket Type3,0.049934853,12.85764534,95.07520294,3
Regular,FDP59,Breads,1998,OUT027,Tier 3,Medium,Supermarket Type3,0.056192275,12.85764534,103.1648026,3
Regular,FDQ26,Dairy,1998,OUT027,Tier 3,Medium,Supermarket Type3,0.06754373,12.85764534,57.25619888,3
Regular,FDP31,Fruits and Vegetables,1998,OUT027,Tier 3,Medium,Supermarket Type3,0.160722867,12.85764534,65.71679688,3
Regular,FDU19,Fruits and Vegetables,1998,OUT027,Tier 3,Medium,Supermarket Type3,0.046544984,12.85764534,172.0422058,3
Regular,FDB58,Snack Foods,1998,OUT027,Tier 3,Medium,Supermarket Type3,0.013431109,12.85764534,143.7153931,3
Regular,FDK10,Snack Foods,1998,OUT027,Tier 3,Medium,Supermarket Type3,0.04016342,12.85764534,181.1660004,3
Low Fat,DRL11,Hard Drinks,1998,OUT027,Tier 3,Medium,Supermarket Type3,0.047785629,12.85764534,156.5946045,3
Low Fat,FDV38,Dairy,2011,OUT010,Tier 3,Small,Grocery Store,0.170348555,19.25,55.79560089,2.900000095
Low Fat,DRJ24,Soft Drinks,2000,OUT013,Tier 3,High,Supermarket Type1,0.113234915,11.80000019,186.392395,2.900000095
Regular,FDQ31,Fruits and Vegetables,2012,OUT049,Tier 1,Medium,Supermarket Type1,0.053930935,5.784999847,87.38559723,2.900000095
Regular,FDC34,Snack Foods,2012,OUT049,Tier 1,Medium,Supermarket Type1,0.173027694,16,155.2971954,2.900000095
Low Fat,FDS13,Canned,1998,OUT019,Tier 1,Small,Grocery Store,0.217994139,12.85764534,266.5884094,2.900000095
Low Fat,DRF37,Soft Drinks,1998,OUT019,Tier 1,Small,Grocery Store,0,12.85764534,261.2909851,2.900000095
Low Fat,FDD04,Dairy,2010,OUT046,Tier 1,Small,Supermarket Type1,0.089971289,16,143.2153931,2.900000095
Low Fat,DRF13,Soft Drinks,2010,OUT046,Tier 1,Small,Supermarket Type1,0.029781364,12.10000038,146.944397,2.900000095
Low Fat,DRM48,Soft Drinks,2010,OUT046,Tier 1,Small,Supermarket Type1,0.112896666,15.19999981,36.08480072,2.900000095
Low Fat,DRM35,Hard Drinks,2015,OUT045,Tier 2,Medium,Supermarket Type1,0.070587419,9.694999695,176.9344025,2.900000095
Low Fat,NCS38,Household,2015,OUT045,Tier 2,Small,Supermarket Type1,0.090374343,8.600000381,114.3175964,2.900000095
Low Fat,DRG37,Soft Drinks,2015,OUT045,Tier 2,Small,Supermarket Type1,0.019417731,16.20000076,153.7971954,2.900000095
Regular,FDN56,Fruits and Vegetables,2020,OUT017,Tier 2,High,Supermarket Type1,0.107662745,5.460000038,143.8786011,2.900000095
Regular,FDY57,Snack Foods,2020,OUT017,Tier 2,Medium,Supermarket Type1,0.121940099,20.20000076,95.37519836,2.900000095
Low Fat,FDB27,Dairy,2017,OUT035,Tier 2,Small,Supermarket Type1,0.055379648,7.574999809,198.1768036,2.900000095
Regular,FDT32,Fruits and Vegetables,2017,OUT035,Tier 2,Small,Supermarket Type1,0.065621525,19,186.5213928,2.900000095
Low Fat,FDR21,Snack Foods,2000,OUT013,Tier 3,High,Supermarket Type1,0.066879757,19.70000076,174.4369965,2.900000095
Low Fat,FDD04,Dairy,2000,OUT013,Tier 3,High,Supermarket Type1,0.089896418,16,143.4154053,2.900000095
Low Fat,DRL23,Hard Drinks,2000,OUT013,Tier 3,High,Supermarket Type1,0.015291576,18.35000038,106.1938019,2.900000095
Regular,FDE05,Frozen Foods,2000,OUT013,Tier 3,High,Supermarket Type1,0.032427039,10.89500046,147.7102051,2.900000095
Low Fat,NCF19,Household,2022,OUT018,Tier 3,Medium,Supermarket Type2,0.035251752,13,48.0033989,2.900000095
Regular,FDO39,Meat,2022,OUT018,Tier 3,Medium,Supermarket Type2,0.137926459,6.985000134,184.7608032,2.900000095
Low Fat,FDC50,Canned,1998,OUT027,Tier 3,Medium,Supermarket Type3,0.135836914,12.85764534,93.80940247,2.900000095
Low Fat,FDI46,Snack Foods,1998,OUT027,Tier 3,Medium,Supermarket Type3,0.073985249,12.85764534,252.572403,2.900000095
Low Fat,NCR18,Household,2020,OUT017,Tier 2,Small,Supermarket Type1,0.020603511,15.85000038,42.71120071,2.799999952
Low Fat,DRD13,Soft Drinks,2020,OUT017,Tier 2,Small,Supermarket Type1,0.049357075,15,62.6167984,2.799999952
Low Fat,FDI35,Starchy Foods,2010,OUT046,Tier 1,Small,Supermarket Type1,0.04129117,14,180.7633972,2.799999952
Low Fat,DRD37,Soft Drinks,2022,OUT018,Tier 3,Medium,Supermarket Type2,0.013898123,9.800000191,46.50600052,2.799999952
Regular,FDV37,Canned,1998,OUT027,Tier 3,Medium,Supermarket Type3,0.083109453,12.85764534,195.8426056,2.799999952
Low Fat,FDQ09,Snack Foods,2022,OUT018,Tier 3,Medium,Supermarket Type2,0.058369014,7.235000134,115.2834015,2.799999952
Regular,FDX46,Snack Foods,2000,OUT013,Tier 3,High,Supermarket Type1,0,12.30000019,57.35620117,2.799999952
Regular,FDO19,Fruits and Vegetables,2015,OUT045,Tier 2,Medium,Supermarket Type1,0.016630303,17.70000076,48.10340118,2.799999952
Low Fat,FDL56,Fruits and Vegetables,1998,OUT019,Tier 1,Small,Grocery Store,0.220225602,12.85764534,85.61979675,2.799999952
Low Fat,FDP38,Canned,2012,OUT049,Tier 1,Medium,Supermarket Type1,0.032152005,10.10000038,50.60079956,2.799999952
Low Fat,FDT21,Snack Foods,2012,OUT049,Tier 1,Medium,Supermarket Type1,0.020423548,7.420000076,249.009201,2.799999952
Regular,FDR11,Breads,2012,OUT049,Tier 1,Medium,Supermarket Type1,0.14275983,10.5,159.3578033,2.799999952
Regular,FDE33,Fruits and Vegetables,2012,OUT049,Tier 1,Medium,Supermarket Type1,0.049712773,19.35000038,78.26439667,2.799999952
Low Fat,NCB18,Household,1998,OUT019,Tier 1,Small,Grocery Store,0.072295509,12.85764534,89.75140381,2.799999952
Low Fat,NCT17,Health and Hygiene,2010,OUT046,Tier 1,Small,Supermarket Type1,0.041865848,10.80000019,189.721405,2.799999952
Low Fat,FDA58,Snack Foods,2010,OUT046,Tier 1,Small,Supermarket Type1,0.103751235,9.395000458,235.8932037,2.799999952
Low Fat,DRA12,Soft Drinks,2015,OUT045,Tier 2,Small,Supermarket Type1,0,11.60000038,141.6154022,2.799999952
Low Fat,FDL16,Frozen Foods,2020,OUT017,Tier 2,Small,Supermarket Type1,0.169405699,12.85000038,46.10599899,2.799999952
Low Fat,FDV43,Fruits and Vegetables,2020,OUT017,Tier 2,Small,Supermarket Type1,0.077290356,16,44.50859833,2.799999952
Regular,FDX12,Baking Goods,2015,OUT045,Tier 2,High,Supermarket Type1,0.026117345,18.20000076,239.2196045,2.799999952
Regular,FDK20,Fruits and Vegetables,2020,OUT017,Tier 2,Medium,Supermarket Type1,0.041792721,12.60000038,122.0072021,2.799999952
Low Fat,FDR48,Baking Goods,2017,OUT035,Tier 2,Small,Supermarket Type1,0,11.64999962,152.6024017,2.799999952
Low Fat,FDT46,Snack Foods,2017,OUT035,Tier 2,Small,Supermarket Type1,0,11.35000038,52.4007988,2.799999952
Regular,FDN38,Canned,2017,OUT035,Tier 2,Small,Supermarket Type1,0.091954462,6.614999771,250.6407928,2.799999952
Regular,FDB40,Dairy,2017,OUT035,Tier 2,Small,Supermarket Type1,0.007538459,17.5,144.2102051,2.799999952
Regular,FDO56,Fruits and Vegetables,2017,OUT035,Tier 2,Small,Supermarket Type1,0.044974051,10.19499969,115.5808029,2.799999952
Regular,FDY47,Breads,2011,OUT010,Tier 3,High,Grocery Store,0.091195814,8.600000381,130.2310028,2.799999952
Regular,FDG46,Snack Foods,2011,OUT010,Tier 3,High,Grocery Store,0.05508402,8.630000114,114.7518005,2.799999952
Low Fat,NCM41,Health and Hygiene,2000,OUT013,Tier 3,High,Supermarket Type1,0.035626318,16.5,93.11199951,2.799999952
Low Fat,NCD07,Household,2000,OUT013,Tier 3,High,Supermarket Type1,0.055382617,9.100000381,115.0518036,2.799999952
Low Fat,DRG25,Soft Drinks,2000,OUT013,Tier 3,High,Supermarket Type1,0.019033838,10.5,185.6239929,2.799999952
Regular,FDB03,Dairy,2000,OUT013,Tier 3,High,Supermarket Type1,0.156701311,17.75,240.7537994,2.799999952
Regular,FDH40,Frozen Foods,2000,OUT013,Tier 3,High,Supermarket Type1,0.078863889,11.60000038,83.2276001,2.799999952
Regular,FDX56,Fruits and Vegetables,2000,OUT013,Tier 3,High,Supermarket Type1,0.07399784,17.10000038,207.063797,2.799999952
Low Fat,FDV23,Breads,2022,OUT018,Tier 3,Medium,Supermarket Type2,0.106267899,11,123.2045975,2.799999952
Low Fat,FDD20,Fruits and Vegetables,2022,OUT018,Tier 3,Medium,Supermarket Type2,0.020798905,14.14999962,123.604599,2.799999952
Low Fat,DRF37,Soft Drinks,2022,OUT018,Tier 3,Medium,Supermarket Type2,0.084676176,17.25,263.1910095,2.799999952
Regular,FDZ59,Baking Goods,2022,OUT018,Tier 3,Medium,Supermarket Type2,0.104445323,6.630000114,167.25,2.799999952
Regular,FDF39,Dairy,2022,OUT018,Tier 3,Medium,Supermarket Type2,0.019590769,14.85000038,261.5910034,2.799999952
Regular,FDL52,Frozen Foods,2022,OUT018,Tier 3,Medium,Supermarket Type2,0.046277955,6.635000229,36.75059891,2.799999952
Regular,FDY47,Breads,2022,OUT018,Tier 3,Medium,Supermarket Type2,0.05470641,8.600000381,128.9309998,2.799999952
Low Fat,FDH08,Fruits and Vegetables,1998,OUT027,Tier 3,Medium,Supermarket Type3,0.01734468,12.85764534,230.8009949,2.799999952
Low Fat,DRK23,Hard Drinks,1998,OUT027,Tier 3,Medium,Supermarket Type3,0.071628094,12.85764534,251.904007,2.799999952
Low Fat,NCO53,Health and Hygiene,1998,OUT027,Tier 3,Medium,Supermarket Type3,0.17433615,12.85764534,184.0608063,2.799999952
Low Fat,NCZ54,Household,1998,OUT027,Tier 3,Medium,Supermarket Type3,0.082955718,12.85764534,164.0552063,2.799999952
Regular,FDQ11,Breads,1998,OUT027,Tier 3,Medium,Supermarket Type3,0.067373082,12.85764534,258.8988037,2.799999952
Regular,FDN50,Canned,1998,OUT027,Tier 3,Medium,Supermarket Type3,0.026391404,12.85764534,92.81199646,2.799999952
Regular,FDE33,Fruits and Vegetables,1998,OUT027,Tier 3,Medium,Supermarket Type3,0.049395241,12.85764534,80.36440277,2.799999952
Regular,FDN33,Snack Foods,1998,OUT027,Tier 3,Medium,Supermarket Type3,0.122519568,12.85764534,93.04360199,2.799999952
Low Fat,NCO17,Health and Hygiene,2012,OUT049,Tier 1,Medium,Supermarket Type1,0.073493831,10,118.3440018,2.700000048
Low Fat,DRB01,Soft Drinks,2012,OUT049,Tier 1,Medium,Supermarket Type1,0.082367241,7.389999866,187.753006,2.700000048
Low Fat,FDX40,Frozen Foods,1998,OUT019,Tier 1,Small,Grocery Store,0.173324212,12.85764534,39.91640091,2.700000048
Regular,FDS24,Baking Goods,2010,OUT046,Tier 1,Small,Supermarket Type1,0.062224478,20.85000038,88.15139771,2.700000048
Low Fat,NCG07,Household,2015,OUT045,Tier 2,Small,Supermarket Type1,0.052608524,12.30000019,191.253006,2.700000048
Low Fat,DRK39,Dairy,2020,OUT017,Tier 2,Small,Supermarket Type1,0,7.019999981,83.82499695,2.700000048
Low Fat,NCH42,Household,2020,OUT017,Tier 2,Small,Supermarket Type1,0.036743991,6.860000134,231.201004,2.700000048
Low Fat,FDH24,Baking Goods,2017,OUT035,Tier 2,Small,Supermarket Type1,0.021427082,20.70000076,156.5287933,2.700000048
Low Fat,DRI47,Hard Drinks,2017,OUT035,Tier 2,Small,Supermarket Type1,0.020916224,14.69999981,141.8128052,2.700000048
Regular,FDR55,Fruits and Vegetables,2017,OUT035,Tier 2,Small,Supermarket Type1,0.132058561,12.14999962,187.587204,2.700000048
Low Fat,FDX13,Canned,2000,OUT013,Tier 3,High,Supermarket Type1,0.047743194,7.724999905,248.3092041,2.700000048
Low Fat,FDK52,Frozen Foods,2000,OUT013,Tier 3,High,Supermarket Type1,0.079152919,18.25,223.8061981,2.700000048
Low Fat,NCR17,Health and Hygiene,2000,OUT013,Tier 3,High,Supermarket Type1,0.024363026,9.800000191,114.049202,2.700000048
Low Fat,NCX05,Health and Hygiene,2000,OUT013,Tier 3,High,Supermarket Type1,0.096981317,15.19999981,116.3491974,2.700000048
Low Fat,NCC31,Household,2000,OUT013,Tier 3,High,Supermarket Type1,0,8.020000458,157.7971954,2.700000048
Low Fat,DRF01,Soft Drinks,2000,OUT013,Tier 3,High,Supermarket Type1,0.174934506,5.65500021,145.0101929,2.700000048
Low Fat,FDR07,Fruits and Vegetables,2022,OUT018,Tier 3,Medium,Supermarket Type2,0.078060605,21.35000038,96.00939941,2.700000048
Low Fat,NCM30,Household,2022,OUT018,Tier 3,Medium,Supermarket Type2,0.067569539,19.10000038,43.07960129,2.700000048
Regular,FDT15,Meat,2022,OUT018,Tier 3,Medium,Supermarket Type2,0.042855389,12.14999962,181.6950073,2.700000048
Regular,FDW22,Snack Foods,2022,OUT018,Tier 3,Medium,Supermarket Type2,0.030413777,9.694999695,221.3114014,2.700000048
Low Fat,FDK41,Frozen Foods,1998,OUT027,Tier 3,Medium,Supermarket Type3,0.126924098,12.85764534,87.22239685,2.700000048
Low Fat,FDC02,Canned,2022,OUT018,Tier 3,Medium,Supermarket Type2,0.069102831,21.35000038,259.9277954,2.599999905
Regular,FDA01,Canned,2010,OUT046,Tier 1,Small,Supermarket Type1,0.054378252,15,59.19039917,2.599999905
Low Fat,DRN47,Hard Drinks,2012,OUT049,Tier 1,Medium,Supermarket Type1,0.01685291,12.10000038,180.6660004,2.599999905
Regular,FDK08,Fruits and Vegetables,2012,OUT049,Tier 1,Medium,Supermarket Type1,0.122494876,9.194999695,100.1016006,2.599999905
Regular,FDF34,Snack Foods,2012,OUT049,Tier 1,Medium,Supermarket Type1,0.01404119,9.300000191,199.1083984,2.599999905
Low Fat,FDR60,Baking Goods,2010,OUT046,Tier 1,Small,Supermarket Type1,0.130415112,14.30000019,75.93280029,2.599999905
Regular,FDL52,Frozen Foods,2010,OUT046,Tier 1,Small,Supermarket Type1,0.046090204,6.635000229,37.15060043,2.599999905
Low Fat,FDA31,Fruits and Vegetables,2020,OUT017,Tier 2,Small,Supermarket Type1,0.110633954,7.099999905,173.8079987,2.599999905
Low Fat,FDR46,Snack Foods,2020,OUT017,Tier 2,High,Supermarket Type1,0,16.85000038,146.076004,2.599999905
Regular,FDU24,Baking Goods,2020,OUT017,Tier 2,High,Supermarket Type1,0.14095585,6.78000021,92.21199799,2.599999905
Regular,DRY23,Soft Drinks,2017,OUT035,Tier 2,Small,Supermarket Type1,0.10907574,9.395000458,42.91120148,2.599999905
Low Fat,FDB28,Dairy,2000,OUT013,Tier 3,High,Supermarket Type1,0.093307666,6.614999771,195.9425964,2.599999905
Low Fat,DRJ51,Dairy,2000,OUT013,Tier 3,High,Supermarket Type1,0.087920673,14.10000038,228.566803,2.599999905
Low Fat,NCX06,Household,2022,OUT018,Tier 3,Medium,Supermarket Type2,0.015750946,17.60000038,182.5975952,2.599999905
Regular,FDY38,Dairy,2015,OUT045,Tier 2,Small,Supermarket Type1,0.119418122,13.60000038,231.0299988,2.5
Low Fat,FDB21,Fruits and Vegetables,2015,OUT045,Tier 2,Small,Supermarket Type1,0.148821801,7.474999905,241.2854004,2.5
Regular,FDQ07,Fruits and Vegetables,2015,OUT045,Tier 2,Small,Supermarket Type1,0.087584123,15.10000038,221.7456055,2.5
Regular,FDS32,Fruits and Vegetables,2015,OUT045,Tier 2,Medium,Supermarket Type1,0,17.75,139.9837952,2.5
Low Fat,FDT21,Snack Foods,2022,OUT018,Tier 3,Medium,Supermarket Type2,0.020474913,7.420000076,248.4091949,2.5
Regular,FDW46,Snack Foods,2020,OUT017,Tier 2,Medium,Supermarket Type1,0.070699312,13,65.74839783,2.5
Low Fat,FDA50,Dairy,2012,OUT049,Tier 1,Medium,Supermarket Type1,0.087310672,16.25,95.54100037,2.5
Low Fat,FDF52,Frozen Foods,2012,OUT049,Tier 1,Medium,Supermarket Type1,0.066887125,9.300000191,183.9291992,2.5
Low Fat,FDA56,Fruits and Vegetables,2012,OUT049,Tier 1,Medium,Supermarket Type1,0.008778413,9.210000038,122.4413986,2.5
Low Fat,FDY45,Snack Foods,2012,OUT049,Tier 1,Medium,Supermarket Type1,0.026182758,17.5,253.6356049,2.5
Regular,FDL24,Baking Goods,2012,OUT049,Tier 1,Medium,Supermarket Type1,0.024935298,10.30000019,172.0422058,2.5
Regular,FDN16,Frozen Foods,2012,OUT049,Tier 1,Medium,Supermarket Type1,0.06279777,12.60000038,103.9990005,2.5
Regular,FDH05,Frozen Foods,2012,OUT049,Tier 1,Medium,Supermarket Type1,0.091054991,14.35000038,231.898407,2.5
Low Fat,FDQ58,Snack Foods,1998,OUT019,Tier 1,Small,Grocery Store,0,12.85764534,154.5339966,2.5
Regular,FDI07,Meat,1998,OUT019,Tier 1,Small,Grocery Store,0.059110913,12.85764534,199.3426056,2.5
Low Fat,FDN31,Fruits and Vegetables,2010,OUT046,Tier 1,Small,Supermarket Type1,0.072881535,11.5,191.3529968,2.5
Low Fat,NCS53,Health and Hygiene,2010,OUT046,Tier 1,Small,Supermarket Type1,0.089778185,14.5,158.4604034,2.5
Low Fat,NCZ18,Household,2010,OUT046,Tier 1,Small,Supermarket Type1,0.186067864,7.824999809,255.4698029,2.5
Low Fat,NCJ19,Others,2010,OUT046,Tier 1,Small,Supermarket Type1,0.118180014,18.60000038,56.25880051,2.5
Low Fat,FDH34,Snack Foods,2010,OUT046,Tier 1,Small,Supermarket Type1,0.031095246,8.630000114,185.758194,2.5
Low Fat,FDI46,Snack Foods,2010,OUT046,Tier 1,Small,Supermarket Type1,0.074345268,9.5,251.9723969,2.5
Low Fat,FDN60,Baking Goods,2015,OUT045,Tier 2,Medium,Supermarket Type1,0.095351063,15.10000038,158.6604004,2.5
Low Fat,DRB24,Soft Drinks,2015,OUT045,Tier 2,Small,Supermarket Type1,0.020618957,8.784999847,153.0655975,2.5
Low Fat,FDT28,Frozen Foods,2020,OUT017,Tier 2,Small,Supermarket Type1,0.063925728,13.30000019,151.8708038,2.5
Low Fat,DRQ35,Hard Drinks,2020,OUT017,Tier 2,Small,Supermarket Type1,0.042530667,9.300000191,125.5388031,2.5
Low Fat,NCD54,Household,2020,OUT017,Tier 2,High,Supermarket Type1,0.029173031,21.10000038,145.778595,2.5
Regular,FDV52,Frozen Foods,2015,OUT045,Tier 2,High,Supermarket Type1,0.121767171,20.70000076,118.9466019,2.5
Regular,FDH45,Fruits and Vegetables,2015,OUT045,Tier 2,High,Supermarket Type1,0.105881132,15.10000038,42.07960129,2.5
Regular,FDC09,Fruits and Vegetables,2015,OUT045,Tier 2,High,Supermarket Type1,0.026355345,15.5,100.8331985,2.5
Regular,FDO27,Meat,2015,OUT045,Tier 2,High,Supermarket Type1,0,6.175000191,94.97519684,2.5
Regular,FDC22,Snack Foods,2015,OUT045,Tier 2,High,Supermarket Type1,0.136705071,6.889999866,194.8820038,2.5
Regular,FDK26,Canned,2020,OUT017,Tier 2,High,Supermarket Type1,0.032359414,5.460000038,187.423996,2.5
Regular,FDG38,Canned,2020,OUT017,Tier 2,High,Supermarket Type1,0.053027399,8.975000381,86.0223999,2.5
Low Fat,DRQ35,Hard Drinks,2015,OUT045,Tier 2,Medium,Supermarket Type1,0.042377219,9.300000191,123.7388,2.5
Low Fat,FDX21,Snack Foods,2017,OUT035,Tier 2,Small,Supermarket Type1,0.084949955,7.050000191,109.7911987,2.5
Low Fat,FDW28,Frozen Foods,2017,OUT035,Tier 2,Small,Supermarket Type1,0.088807456,18.25,197.3451996,2.5
Low Fat,DRN47,Hard Drinks,2017,OUT035,Tier 2,Small,Supermarket Type1,0.016823566,12.10000038,178.5659943,2.5
Regular,FDH26,Canned,2017,OUT035,Tier 2,Small,Supermarket Type1,0.034693174,19.25,140.1495972,2.5
Regular,FDA07,Fruits and Vegetables,2017,OUT035,Tier 2,Small,Supermarket Type1,0.030938774,7.550000191,121.0072021,2.5
Low Fat,FDI20,Fruits and Vegetables,2011,OUT010,Tier 3,Medium,Grocery Store,0.064547829,19.10000038,212.8585968,2.5
Low Fat,NCB42,Health and Hygiene,2000,OUT013,Tier 3,High,Supermarket Type1,0.008554052,11.80000019,116.9492035,2.5
Low Fat,FDO44,Fruits and Vegetables,2000,OUT013,Tier 3,High,Supermarket Type1,0.087380432,12.60000038,109.7228012,2.5
Low Fat,FDJ09,Snack Foods,2000,OUT013,Tier 3,High,Supermarket Type1,0.058346234,15,44.07440186,2.5
Low Fat,FDO58,Snack Foods,2000,OUT013,Tier 3,High,Supermarket Type1,0.039544236,19.60000038,163.6526031,2.5
Regular,FDF39,Dairy,2000,OUT013,Tier 3,High,Supermarket Type1,0.019495051,14.85000038,261.2909851,2.5
Low Fat,FDW13,Canned,1998,OUT027,Tier 3,Medium,Supermarket Type3,0.097410709,12.85764534,52.73239899,2.5
Low Fat,FDH16,Frozen Foods,1998,OUT027,Tier 3,Medium,Supermarket Type3,0.052300844,12.85764534,88.28299713,2.5
Low Fat,FDY10,Snack Foods,1998,OUT027,Tier 3,Medium,Supermarket Type3,0.048830263,12.85764534,113.1175995,2.5
Low Fat,NCY18,Household,2000,OUT013,Tier 3,High,Supermarket Type1,0.031125709,7.284999847,174.3054047,2.400000095
Low Fat,FDA50,Dairy,1998,OUT019,Tier 1,Small,Grocery Store,0.152632415,12.85764534,98.44100189,2.400000095
Regular,FDY15,Dairy,1998,OUT019,Tier 1,Small,Grocery Store,0.299097866,12.85764534,157.8630066,2.400000095
Low Fat,DRI01,Soft Drinks,2015,OUT045,Tier 2,Small,Supermarket Type1,0,7.96999979,173.7422028,2.400000095
Low Fat,FDH09,Seafood,2017,OUT035,Tier 2,Small,Supermarket Type1,0.056066971,12.60000038,50.7981987,2.400000095
Regular,FDX38,Dairy,2011,OUT010,Tier 3,High,Grocery Store,0.080688663,10.5,46.73759842,2.400000095
Low Fat,FDI45,Fruits and Vegetables,2000,OUT013,Tier 3,High,Supermarket Type1,0.037549969,13.10000038,176.1053925,2.400000095
Low Fat,FDP11,Breads,2000,OUT013,Tier 3,High,Supermarket Type1,0.06904304,15.85000038,218.7165985,2.400000095
Low Fat,FDP33,Snack Foods,2000,OUT013,Tier 3,High,Supermarket Type1,0.089197963,18.70000076,257.3671875,2.400000095
Low Fat,FDZ34,Starchy Foods,2000,OUT013,Tier 3,High,Supermarket Type1,0,6.695000172,191.8820038,2.400000095
Low Fat,NCP30,Household,1998,OUT027,Tier 3,Medium,Supermarket Type3,0.032610007,12.85764534,37.48220062,2.400000095
Regular,DRC01,Soft Drinks,2022,OUT018,Tier 3,Medium,Supermarket Type2,0.019278215,5.920000076,48.26919937,2.299999952
Low Fat,FDW28,Frozen Foods,2000,OUT013,Tier 3,High,Supermarket Type1,0.088750333,18.25,196.5451965,2.299999952
Low Fat,FDM56,Fruits and Vegetables,1998,OUT019,Tier 1,Small,Grocery Store,0.122896411,12.85764534,111.1912003,2.299999952
Low Fat,FDK15,Meat,1998,OUT019,Tier 1,Small,Grocery Store,0.172309905,12.85764534,98.20420074,2.299999952
Low Fat,FDO36,Baking Goods,2017,OUT035,Tier 2,Small,Supermarket Type1,0.077899106,19.70000076,177.7660065,2.299999952
Low Fat,NCL41,Health and Hygiene,2012,OUT049,Tier 1,Medium,Supermarket Type1,0.041802518,12.35000038,34.82160187,2.299999952
Low Fat,FDF35,Starchy Foods,2012,OUT049,Tier 1,Medium,Supermarket Type1,0.154228732,15,107.3937988,2.299999952
Low Fat,FDF04,Frozen Foods,1998,OUT019,Tier 1,Small,Grocery Store,0.023876708,12.85764534,258.6304016,2.299999952
Low Fat,FDE02,Canned,2010,OUT046,Tier 1,Small,Supermarket Type1,0.121250376,8.710000038,92.77780151,2.299999952
Regular,FDB36,Baking Goods,2010,OUT046,Tier 1,Small,Supermarket Type1,0,5.465000153,129.1625977,2.299999952
Regular,FDG28,Frozen Foods,2010,OUT046,Tier 1,Small,Supermarket Type1,0.049280293,9.284999847,245.6143951,2.299999952
Low Fat,FDO37,Breakfast,2020,OUT017,Tier 2,Small,Supermarket Type1,0.021497594,8.06000042,230.3325958,2.299999952
Regular,FDJ12,Baking Goods,2020,OUT017,Tier 2,High,Supermarket Type1,0.039261948,8.895000458,207.4295959,2.299999952
Low Fat,NCP41,Health and Hygiene,2011,OUT010,Tier 3,Medium,Grocery Store,0.027133398,16.60000038,106.2595978,2.299999952
Low Fat,FDB22,Snack Foods,2011,OUT010,Tier 3,High,Grocery Store,0.186528817,8.020000458,151.9998016,2.299999952
Low Fat,DRD27,Dairy,2000,OUT013,Tier 3,High,Supermarket Type1,0.023820082,18.75,97.60420227,2.299999952
Low Fat,NCA54,Household,2000,OUT013,Tier 3,High,Supermarket Type1,0.036611103,16.5,180.9317932,2.299999952
Low Fat,DRG13,Soft Drinks,2000,OUT013,Tier 3,High,Supermarket Type1,0.037155207,17.25,166.4526062,2.299999952
Regular,FDK58,Snack Foods,2000,OUT013,Tier 3,High,Supermarket Type1,0.044945125,11.35000038,101.0016022,2.299999952
Low Fat,FDL27,Meat,2022,OUT018,Tier 3,Medium,Supermarket Type2,0.010674255,6.170000076,63.48260117,2.299999952
Regular,FDV60,Baking Goods,2022,OUT018,Tier 3,Medium,Supermarket Type2,0.117839329,20.20000076,195.2109985,2.299999952
Low Fat,DRJ23,Hard Drinks,1998,OUT027,Tier 3,Medium,Supermarket Type3,0,12.85764534,188.1871948,2.299999952
Low Fat,NCN53,Health and Hygiene,1998,OUT027,Tier 3,Medium,Supermarket Type3,0.030208465,12.85764534,35.48740005,2.299999952
Low Fat,NCV05,Health and Hygiene,1998,OUT027,Tier 3,Medium,Supermarket Type3,0.030062225,12.85764534,154.3656006,2.299999952
Regular,FDJ44,Fruits and Vegetables,1998,OUT027,Tier 3,Medium,Supermarket Type3,0.105812356,12.85764534,175.0395966,2.299999952
Regular,FDO10,Snack Foods,1998,OUT027,Tier 3,Medium,Supermarket Type3,0.01268995,12.85764534,56.45880127,2.299999952
Regular,FDA03,Dairy,2010,OUT046,Tier 1,Small,Supermarket Type1,0.045463774,18.5,144.110199,2.200000048
Low Fat,FDL40,Frozen Foods,2015,OUT045,Tier 2,Medium,Supermarket Type1,0.011636708,17.70000076,94.54100037,2.200000048
Low Fat,FDX19,Fruits and Vegetables,2010,OUT046,Tier 1,Small,Supermarket Type1,0.096733816,19.10000038,233.1958008,2.200000048
Low Fat,FDN44,Fruits and Vegetables,2012,OUT049,Tier 1,Medium,Supermarket Type1,0.022831053,13.14999962,160.2920074,2.200000048
Low Fat,FDC45,Fruits and Vegetables,2012,OUT049,Tier 1,Medium,Supermarket Type1,0.135944247,17,171.5106049,2.200000048
Regular,FDX04,Frozen Foods,2012,OUT049,Tier 1,Medium,Supermarket Type1,0.041636191,19.60000038,47.33760071,2.200000048
Low Fat,FDF47,Starchy Foods,2010,OUT046,Tier 1,Small,Supermarket Type1,0.097618237,20.85000038,223.9745941,2.200000048
Low Fat,FDQ34,Snack Foods,2017,OUT035,Tier 2,Small,Supermarket Type1,0.16221194,10.85000038,107.0622025,2.200000048
Low Fat,FDS43,Fruits and Vegetables,1998,OUT027,Tier 3,Medium,Supermarket Type3,0.040318694,12.85764534,186.223999,2.200000048
Low Fat,NCG55,Household,2012,OUT049,Tier 1,Medium,Supermarket Type1,0.039207026,16.25,116.1175995,2.099999905
Low Fat,DRF49,Soft Drinks,2012,OUT049,Tier 1,Medium,Supermarket Type1,0.071188442,7.269999981,111.9517975,2.099999905
Low Fat,DRG11,Hard Drinks,2015,OUT045,Tier 2,Medium,Supermarket Type1,0.084008314,6.385000229,108.2595978,2.099999905
Regular,FDH28,Frozen Foods,1998,OUT027,Tier 3,Medium,Supermarket Type3,0,12.85764534,37.05059814,2.099999905
Regular,FDL58,Snack Foods,2012,OUT049,Tier 1,Medium,Supermarket Type1,0.074264355,5.78000021,264.7568054,2
Regular,FDD44,Fruits and Vegetables,2017,OUT035,Tier 2,Small,Supermarket Type1,0.078385644,8.050000191,256.4645996,2
Low Fat,NCC06,Household,2020,OUT017,Tier 2,Small,Supermarket Type1,0.027139014,19,127.3336029,2
Regular,FDN39,Meat,2010,OUT046,Tier 1,Small,Supermarket Type1,0.065520391,19.35000038,168.3816071,2
Low Fat,NCM41,Health and Hygiene,2022,OUT018,Tier 3,Medium,Supermarket Type2,0.035801239,16.5,92.61199951,2
Low Fat,FDE32,Fruits and Vegetables,2017,OUT035,Tier 2,Small,Supermarket Type1,0.048749689,20.70000076,37.55059814,2
Regular,FDV12,Baking Goods,2017,OUT035,Tier 2,Small,Supermarket Type1,0.060863167,16.70000076,97.63839722,2
Low Fat,FDM46,Snack Foods,2015,OUT045,Tier 2,Medium,Supermarket Type1,0.160292268,7.364999771,94.71199799,2
Low Fat,NCB31,Household,2020,OUT017,Tier 2,Medium,Supermarket Type1,0.119345628,6.235000134,261.9909973,2
Low Fat,FDX16,Frozen Foods,2010,OUT046,Tier 1,Small,Supermarket Type1,0.065810047,17.85000038,149.1049957,2
Regular,FDO49,Breakfast,1998,OUT019,Tier 1,Small,Grocery Store,0.057870079,12.85764534,49.70080185,2
Low Fat,FDO36,Baking Goods,2012,OUT049,Tier 1,Medium,Supermarket Type1,0.078034975,19.70000076,178.0659943,2
Low Fat,FDD04,Dairy,2012,OUT049,Tier 1,Medium,Supermarket Type1,0.090111174,16,141.3153992,2
Low Fat,NCL18,Household,2012,OUT049,Tier 1,Medium,Supermarket Type1,0.167844445,18.85000038,193.9136047,2
Low Fat,DRF25,Soft Drinks,2012,OUT049,Tier 1,Medium,Supermarket Type1,0.03898577,9,34.61899948,2
Regular,FDZ03,Dairy,2012,OUT049,Tier 1,Medium,Supermarket Type1,0.078909166,13.64999962,186.723999,2
Low Fat,FDV25,Canned,1998,OUT019,Tier 1,Small,Grocery Store,0.079931185,12.85764534,219.7456055,2
Regular,FDX36,Baking Goods,1998,OUT019,Tier 1,Small,Grocery Store,0.224607393,12.85764534,223.1403961,2
Regular,FDN03,Meat,1998,OUT019,Tier 1,Small,Grocery Store,0.02642058,12.85764534,250.9407959,2
Regular,FDG10,Snack Foods,1998,OUT019,Tier 1,Small,Grocery Store,0.019153299,12.85764534,57.65879822,2
Low Fat,NCL05,Health and Hygiene,2010,OUT046,Tier 1,Small,Supermarket Type1,0.047897663,19.60000038,44.67699814,2
Low Fat,NCL19,Others,2010,OUT046,Tier 1,Small,Supermarket Type1,0.01567623,15.35000038,144.0469971,2
Low Fat,DRG48,Soft Drinks,2010,OUT046,Tier 1,Small,Supermarket Type1,0.014555066,5.78000021,145.2102051,2
Regular,FDN49,Breakfast,2010,OUT046,Tier 1,Small,Supermarket Type1,0.125224471,17.25,41.2480011,2
Regular,FDG20,Fruits and Vegetables,2010,OUT046,Tier 1,Small,Supermarket Type1,0.125687912,15.5,178.2028046,2
Regular,FDQ15,Meat,2010,OUT046,Tier 1,Small,Supermarket Type1,0,20.35000038,81.62760162,2
Low Fat,DRF03,Dairy,2015,OUT045,Tier 2,Medium,Supermarket Type1,0.045400016,19.10000038,38.81380081,2
Low Fat,FDA32,Fruits and Vegetables,2015,OUT045,Tier 2,Medium,Supermarket Type1,0.030155225,14,214.7191925,2
Low Fat,DRI23,Hard Drinks,2015,OUT045,Tier 2,Small,Supermarket Type1,0.137475193,18.85000038,158.6578064,2
Low Fat,FDF41,Frozen Foods,2020,OUT017,Tier 2,Small,Supermarket Type1,0.131921813,12.14999962,246.345993,2
Low Fat,FDM52,Frozen Foods,2020,OUT017,Tier 2,Small,Supermarket Type1,0.026140451,15.10000038,149.0075989,2
Low Fat,NCT30,Household,2020,OUT017,Tier 2,Small,Supermarket Type1,0.08074706,9.100000381,46.97180176,2
Low Fat,DRL37,Soft Drinks,2020,OUT017,Tier 2,High,Supermarket Type1,0,15.5,41.3769989,2
Regular,FDT23,Breads,2015,OUT045,Tier 2,High,Supermarket Type1,0.074883036,7.71999979,79.89859772,2
Regular,FDS16,Frozen Foods,2015,OUT045,Tier 2,High,Supermarket Type1,0.066311151,15.14999962,145.776001,2
Regular,FDS19,Fruits and Vegetables,2015,OUT045,Tier 2,High,Supermarket Type1,0,13.80000019,74.30120087,2
Regular,FDG33,Seafood,2015,OUT045,Tier 2,High,Supermarket Type1,0.140524685,5.364999771,172.7763977,2
Regular,FDJ60,Baking Goods,2020,OUT017,Tier 2,High,Supermarket Type1,0.06288211,19.35000038,164.1183929,2
Regular,FDX35,Breads,2020,OUT017,Tier 2,High,Supermarket Type1,0.080362551,5.034999847,229.0036011,2
Low Fat,FDF52,Frozen Foods,2017,OUT035,Tier 2,Small,Supermarket Type1,0.066770665,9.300000191,180.5292053,2
Low Fat,NCQ05,Health and Hygiene,2017,OUT035,Tier 2,Small,Supermarket Type1,0.021602001,11.39500046,149.1708069,2
Low Fat,FDS57,Snack Foods,2017,OUT035,Tier 2,Small,Supermarket Type1,0.103422709,15.5,144.8470001,2
Low Fat,FDP09,Snack Foods,2017,OUT035,Tier 2,Small,Supermarket Type1,0.033883449,19.75,213.2902069,2
Low Fat,FDU38,Dairy,2017,OUT035,Tier 2,Small,Supermarket Type1,0.082534283,10.80000019,191.1504059,2
Low Fat,NCR53,Health and Hygiene,2017,OUT035,Tier 2,Small,Supermarket Type1,0.145013437,12.14999962,225.0404053,2
Regular,FDQ51,Meat,2017,OUT035,Tier 2,Small,Supermarket Type1,0.017547958,16,48.37179947,2
Regular,DRB48,Soft Drinks,2017,OUT035,Tier 2,Small,Supermarket Type1,0.024848787,16.75,39.98220062,2
Low Fat,NCH42,Household,2011,OUT010,Tier 3,Medium,Grocery Store,0.061155982,6.860000134,228.401001,2
Low Fat,NCH18,Household,2011,OUT010,Tier 3,Medium,Grocery Store,0.074753746,9.300000191,246.4801941,2
Low Fat,NCJ19,Others,2011,OUT010,Tier 3,High,Grocery Store,0.197809115,18.60000038,55.65879822,2
Low Fat,DRL49,Soft Drinks,2011,OUT010,Tier 3,High,Grocery Store,0.094450615,13.14999962,141.4812012,2
Regular,FDR36,Baking Goods,2011,OUT010,Tier 3,High,Grocery Store,0.203510672,6.715000153,41.04539871,2
Regular,FDV48,Baking Goods,2011,OUT010,Tier 3,High,Grocery Store,0.086396039,9.194999695,79.06439972,2
Regular,FDD26,Canned,2011,OUT010,Tier 3,High,Grocery Store,0.12077345,8.710000038,186.5924072,2
Regular,FDJ55,Meat,2011,OUT010,Tier 3,High,Grocery Store,0.039385993,12.80000019,224.8403931,2
Low Fat,FDU34,Snack Foods,2000,OUT013,Tier 3,High,Supermarket Type1,0.075132355,18.25,125.9046021,2
Low Fat,FDA57,Snack Foods,2000,OUT013,Tier 3,High,Supermarket Type1,0.039610609,18.85000038,41.64799881,2
Low Fat,FDL46,Snack Foods,2000,OUT013,Tier 3,High,Supermarket Type1,0.054011945,20.35000038,116.5466003,2
Regular,FDL39,Dairy,2000,OUT013,Tier 3,High,Supermarket Type1,0.063278653,16.10000038,182.1318054,2
Regular,FDG09,Fruits and Vegetables,2000,OUT013,Tier 3,High,Supermarket Type1,0.047896393,20.60000038,185.8556061,2
Low Fat,FDS35,Breads,2022,OUT018,Tier 3,Medium,Supermarket Type2,0.111673586,9.300000191,65.7826004,2
Low Fat,FDX01,Canned,2022,OUT018,Tier 3,Medium,Supermarket Type2,0.024262773,10.10000038,117.6149979,2
Low Fat,FDU11,Breads,2022,OUT018,Tier 3,Medium,Supermarket Type2,0.092970841,4.784999847,122.0098038,2
Low Fat,FDY13,Canned,2022,OUT018,Tier 3,Medium,Supermarket Type2,0.030250132,12.10000038,75.26699829,2
Low Fat,NCK18,Household,2022,OUT018,Tier 3,Medium,Supermarket Type2,0.006725388,9.600000381,165.918396,2
Low Fat,DRC25,Soft Drinks,2022,OUT018,Tier 3,Medium,Supermarket Type2,0.045556679,5.730000019,85.38819885,2
Low Fat,DRG48,Soft Drinks,2022,OUT018,Tier 3,Medium,Supermarket Type2,0.014614357,5.78000021,147.3101959,2
Regular,FDA26,Dairy,2022,OUT018,Tier 3,Medium,Supermarket Type2,0,7.855000019,220.1481934,2
Regular,FDI16,Frozen Foods,2022,OUT018,Tier 3,Medium,Supermarket Type2,0.136328787,14,54.86399841,2
Low Fat,FDD05,Frozen Foods,1998,OUT027,Tier 3,Medium,Supermarket Type3,0.016531033,12.85764534,122.4097977,2
Low Fat,FDR04,Frozen Foods,1998,OUT027,Tier 3,Medium,Supermarket Type3,0.022457695,12.85764534,98.60679626,2
Low Fat,FDO32,Fruits and Vegetables,1998,OUT027,Tier 3,Medium,Supermarket Type3,0.119959876,12.85764534,45.50600052,2
Low Fat,FDK15,Meat,1998,OUT027,Tier 3,Medium,Supermarket Type3,0.097937249,12.85764534,98.90419769,2
Low Fat,FDW34,Snack Foods,1998,OUT027,Tier 3,Medium,Supermarket Type3,0.035406843,12.85764534,244.3170013,2
Low Fat,FDE44,Fruits and Vegetables,2015,OUT045,Tier 2,Medium,Supermarket Type1,0,14.64999962,49.76919937,1.899999976
Regular,DRD01,Soft Drinks,2017,OUT035,Tier 2,Small,Supermarket Type1,0.061163966,12.10000038,56.56140137,1.899999976
Low Fat,FDX40,Frozen Foods,2011,OUT010,Tier 3,Small,Grocery Store,0.165694222,12.85000038,39.71640015,1.799999952
Low Fat,FDD14,Canned,2012,OUT049,Tier 1,Medium,Supermarket Type1,0.170072466,20.70000076,183.8265991,1.799999952
Low Fat,NCW53,Health and Hygiene,2015,OUT045,Tier 2,Small,Supermarket Type1,0.030556923,18.35000038,190.6161957,1.799999952
Low Fat,FDS55,Fruits and Vegetables,2017,OUT035,Tier 2,Small,Supermarket Type1,0.081148833,7.019999981,146.8733978,1.799999952
Low Fat,NCV06,Household,2017,OUT035,Tier 2,Small,Supermarket Type1,0.066668727,11.30000019,192.4477997,1.799999952
Regular,FDD26,Canned,1998,OUT019,Tier 1,Small,Grocery Store,0.126334906,12.85764534,184.0924072,1.700000048
Low Fat,FDW50,Dairy,2015,OUT045,Tier 2,Medium,Supermarket Type1,0.075731322,13.10000038,167.5157928,1.700000048
Low Fat,FDF05,Frozen Foods,2015,OUT045,Tier 2,Medium,Supermarket Type1,0.026925385,17.5,264.3909912,1.700000048
Low Fat,NCE54,Household,2015,OUT045,Tier 2,Small,Supermarket Type1,0.026954411,20.70000076,73.23539734,1.700000048
Low Fat,DRC24,Soft Drinks,2020,OUT017,Tier 2,High,Supermarket Type1,0.024961676,17.85000038,153.1997986,1.700000048
Regular,FDU21,Snack Foods,2015,OUT045,Tier 2,High,Supermarket Type1,0.076876044,11.80000019,33.15579987,1.700000048
Low Fat,FDU25,Canned,2022,OUT018,Tier 3,Medium,Supermarket Type2,0.02678995,12.35000038,58.92459869,1.700000048
Low Fat,DRK01,Soft Drinks,2022,OUT018,Tier 3,Medium,Supermarket Type2,0.061313055,7.630000114,93.34359741,1.700000048
Regular,FDC14,Canned,1998,OUT019,Tier 1,Small,Grocery Store,0.072221801,12.85764534,43.645401,1.5
Low Fat,NCR17,Health and Hygiene,2017,OUT035,Tier 2,Small,Supermarket Type1,0.024378706,9.800000191,114.549202,1.5
Regular,FDG09,Fruits and Vegetables,2010,OUT046,Tier 1,Small,Supermarket Type1,0.047936283,20.60000038,185.7556,1.5
Low Fat,DRJ51,Dairy,2015,OUT045,Tier 2,Medium,Supermarket Type1,0.088172354,14.10000038,232.2667999,1.5
Low Fat,FDJ52,Frozen Foods,2020,OUT017,Tier 2,Small,Supermarket Type1,0.017887473,7.144999981,160.6578064,1.5
Low Fat,NCP06,Household,2011,OUT010,Tier 3,High,Grocery Store,0.06568943,20.70000076,149.7366028,1.5
Regular,FDJ58,Snack Foods,2000,OUT013,Tier 3,High,Supermarket Type1,0.105208449,15.60000038,170.5764008,1.5
Low Fat,FDI26,Canned,2022,OUT018,Tier 3,Medium,Supermarket Type2,0.035028853,5.940000057,179.8343964,1.5
Low Fat,NCC54,Health and Hygiene,2022,OUT018,Tier 3,Medium,Supermarket Type2,0.098108955,17.75,240.9196014,1.5
Low Fat,NCN30,Household,1998,OUT027,Tier 3,Medium,Supermarket Type3,0.016910914,12.85764534,96.64099884,1.5
Regular,FDL52,Frozen Foods,1998,OUT027,Tier 3,Medium,Supermarket Type3,0.045867011,12.85764534,37.95059967,1.5
Low Fat,DRF23,Hard Drinks,1998,OUT027,Tier 3,Medium,Supermarket Type3,0.122058362,12.85764534,172.8395996,1.399999976
Low Fat,NCC31,Household,2011,OUT010,Tier 3,Medium,Grocery Store,0.033259083,8.020000458,154.2971954,1.299999952
Regular,FDM58,Snack Foods,2022,OUT018,Tier 3,Medium,Supermarket Type2,0.080015026,16.85000038,111.8544006,1.299999952
Regular,FDJ55,Meat,2017,OUT035,Tier 2,Small,Supermarket Type1,0.023526505,12.80000019,223.5404053,1.200000048
Low Fat,FDY45,Snack Foods,1998,OUT027,Tier 3,Medium,Supermarket Type3,0.026015518,12.85764534,255.8356018,1
Regular,FDE33,Fruits and Vegetables,2020,OUT017,Tier 2,Small,Supermarket Type1,0.049916364,19.35000038,80.26439667,1
Low Fat,FDU36,Baking Goods,2010,OUT046,Tier 1,Small,Supermarket Type1,0.046270952,6.150000095,99.33840179,1
Low Fat,DRI13,Soft Drinks,2000,OUT013,Tier 3,High,Supermarket Type1,0.020310046,15.35000038,218.0507965,1
Regular,FDH53,Frozen Foods,2010,OUT046,Tier 1,Small,Supermarket Type1,0.019199733,20.5,84.35919952,1
Regular,FDV37,Canned,2017,OUT035,Tier 2,Small,Supermarket Type1,0.083498083,13,199.4425964,1
Regular,FDX39,Meat,2000,OUT013,Tier 3,High,Supermarket Type1,0.049634818,14.30000019,212.5585938,1
Low Fat,NCE31,Household,2015,OUT045,Tier 2,Medium,Supermarket Type1,0.185218453,7.670000076,36.32160187,1
Low Fat,FDC46,Snack Foods,2000,OUT013,Tier 3,High,Supermarket Type1,0.116445497,17.70000076,182.8265991,1
Low Fat,FDS35,Breads,1998,OUT027,Tier 3,Medium,Supermarket Type3,0.110681929,12.85764534,63.2826004,1
Low Fat,DRK11,Hard Drinks,2000,OUT013,Tier 3,High,Supermarket Type1,0.010755465,8.210000038,150.8392029,1
Low Fat,FDF02,Canned,2012,OUT049,Tier 1,Medium,Supermarket Type1,0.103634037,16.20000076,101.3990021,1
Low Fat,FDL04,Frozen Foods,2012,OUT049,Tier 1,Medium,Supermarket Type1,0.112097435,19,105.5622025,1
Low Fat,DRL23,Hard Drinks,2012,OUT049,Tier 1,Medium,Supermarket Type1,0.015328106,18.35000038,107.5938034,1
Low Fat,FDB47,Snack Foods,2012,OUT049,Tier 1,Medium,Supermarket Type1,0.071540445,8.800000191,210.6611938,1
Low Fat,FDZ10,Snack Foods,2012,OUT049,Tier 1,Medium,Supermarket Type1,0.044532619,17.85000038,127.2020035,1
Low Fat,FDE58,Snack Foods,2012,OUT049,Tier 1,Medium,Supermarket Type1,0.052149676,18.5,118.3124008,1
Low Fat,FDF47,Starchy Foods,2012,OUT049,Tier 1,Medium,Supermarket Type1,0.097770005,20.85000038,222.8746033,1
Regular,FDZ23,Baking Goods,2012,OUT049,Tier 1,Medium,Supermarket Type1,0.067607746,17.75,188.0240021,1
Regular,FDH28,Frozen Foods,2012,OUT049,Tier 1,Medium,Supermarket Type1,0.110202067,15.85000038,39.75059891,1
Regular,FDR34,Snack Foods,2012,OUT049,Tier 1,Medium,Supermarket Type1,0.015990131,17,228.8352051,1
Regular,FDY57,Snack Foods,2012,OUT049,Tier 1,Medium,Supermarket Type1,0.121442758,20.20000076,94.97519684,1
Low Fat,FDZ44,Fruits and Vegetables,1998,OUT019,Tier 1,Small,Grocery Store,0.067809582,12.85764534,118.1808014,1
Regular,FDH60,Baking Goods,1998,OUT019,Tier 1,Small,Grocery Store,0.141360119,12.85764534,197.3110046,1
Regular,FDQ49,Breakfast,1998,OUT019,Tier 1,Small,Grocery Store,0.068717718,12.85764534,155.5630035,1
Low Fat,FDV35,Breads,2010,OUT046,Tier 1,Small,Supermarket Type1,0.128206,19.5,155.9313965,1
Low Fat,FDE26,Canned,2010,OUT046,Tier 1,Small,Supermarket Type1,0.089005768,9.300000191,143.9786072,1
Low Fat,FDG44,Fruits and Vegetables,2010,OUT046,Tier 1,Small,Supermarket Type1,0,6.130000114,54.12979889,1
Low Fat,FDQ56,Fruits and Vegetables,2010,OUT046,Tier 1,Small,Supermarket Type1,0.105597317,6.590000153,83.49079895,1
Low Fat,FDN44,Fruits and Vegetables,2010,OUT046,Tier 1,Small,Supermarket Type1,0.02279561,13.14999962,160.1920013,1
Low Fat,NCQ43,Others,2010,OUT046,Tier 1,Small,Supermarket Type1,0.111301623,17.75,107.5912018,1
Low Fat,NCN07,Others,2010,OUT046,Tier 1,Small,Supermarket Type1,0.033944696,18.5,129.9284058,1
Low Fat,FDL10,Snack Foods,2010,OUT046,Tier 1,Small,Supermarket Type1,0.039492209,8.395000458,97.30419922,1
Low Fat,DRL49,Soft Drinks,2010,OUT046,Tier 1,Small,Supermarket Type1,0.056429025,13.14999962,144.2812042,1
Low Fat,DRG01,Soft Drinks,2010,OUT046,Tier 1,Small,Supermarket Type1,0.044878282,14.80000019,75.46700287,1
Low Fat,FDZ34,Starchy Foods,2010,OUT046,Tier 1,Small,Supermarket Type1,0.075878516,6.695000172,194.0820007,1
Regular,FDO11,Breads,2010,OUT046,Tier 1,Small,Supermarket Type1,0.030264897,8,250.3092041,1
Regular,FDT16,Frozen Foods,2010,OUT046,Tier 1,Small,Supermarket Type1,0.048662357,9.895000458,261.7278137,1
Regular,FDW39,Meat,2010,OUT046,Tier 1,Small,Supermarket Type1,0.0369104,6.690000057,175.0370026,1
Regular,FDZ21,Snack Foods,2010,OUT046,Tier 1,Small,Supermarket Type1,0.03922186,17.60000038,97.24099731,1
Regular,FDF53,Frozen Foods,2010,OUT046,Tier 1,Small,Supermarket Type1,0.083606564,20.75,178.8318024,1
Low Fat,NCJ19,Others,2015,OUT045,Tier 2,Medium,Supermarket Type1,0.118419684,18.60000038,58.35879898,1
Low Fat,FDV08,Fruits and Vegetables,2015,OUT045,Tier 2,Medium,Supermarket Type1,0.028652919,7.349999905,40.54539871,1
Low Fat,FDB20,Fruits and Vegetables,2015,OUT045,Tier 2,Medium,Supermarket Type1,0.052086085,7.71999979,76.89859772,1
Low Fat,FDD09,Fruits and Vegetables,2015,OUT045,Tier 2,Medium,Supermarket Type1,0.021539999,13.5,182.4976044,1
Low Fat,FDA11,Baking Goods,2020,OUT017,Tier 2,Small,Supermarket Type1,0.043483399,7.75,94.34359741,1
Low Fat,FDQ23,Breads,2020,OUT017,Tier 2,Small,Supermarket Type1,0.024664557,6.550000191,103.3331985,1
Low Fat,FDW35,Breads,2020,OUT017,Tier 2,Small,Supermarket Type1,0.01115195,10.60000038,40.645401,1
Low Fat,NCL17,Health and Hygiene,2020,OUT017,Tier 2,Small,Supermarket Type1,0.068163104,7.389999866,140.4812012,1
Low Fat,NCM42,Household,2020,OUT017,Tier 2,Small,Supermarket Type1,0.02848169,6.130000114,110.4912033,1
Low Fat,NCO42,Household,2020,OUT017,Tier 2,High,Supermarket Type1,0.024795057,21.25,147.410202,1
Regular,FDB49,Baking Goods,2015,OUT045,Tier 2,High,Supermarket Type1,0.030212499,8.300000191,98.03839874,1
Regular,FDT50,Dairy,2015,OUT045,Tier 2,High,Supermarket Type1,0.108458497,6.75,96.97519684,1
Regular,FDJ57,Seafood,2015,OUT045,Tier 2,High,Supermarket Type1,0.021617398,7.420000076,185.058197,1
Regular,FDG10,Snack Foods,2015,OUT045,Tier 2,High,Supermarket Type1,0.010961483,6.630000114,58.25880051,1
Regular,FDQ36,Baking Goods,2020,OUT017,Tier 2,High,Supermarket Type1,0.162461221,7.855000019,39.28480148,1
Regular,FDL39,Dairy,2020,OUT017,Tier 2,High,Supermarket Type1,0.063689582,16.10000038,181.9317932,1
Regular,FDD41,Frozen Foods,2020,OUT017,Tier 2,High,Supermarket Type1,0.087753683,6.764999866,105.3305969,1
Regular,FDG34,Snack Foods,2020,OUT017,Tier 2,Medium,Supermarket Type1,0.037782945,11.5,106.6253967,1
Low Fat,FDH58,Snack Foods,2020,OUT017,Tier 2,Medium,Supermarket Type1,0.037148617,12.30000019,116.8834,1
Low Fat,FDS12,Baking Goods,2017,OUT035,Tier 2,Small,Supermarket Type1,0.174085632,9.100000381,124.6362,1
Low Fat,FDO23,Breads,2017,OUT035,Tier 2,Small,Supermarket Type1,0.146399662,17.85000038,93.84359741,1
Low Fat,FDK22,Snack Foods,2017,OUT035,Tier 2,Small,Supermarket Type1,0.026081568,9.800000191,217.5850067,1
Low Fat,FDV21,Snack Foods,2017,OUT035,Tier 2,Small,Supermarket Type1,0.171050593,11.5,126.3703995,1
Low Fat,FDO57,Snack Foods,2017,OUT035,Tier 2,Small,Supermarket Type1,0.108689606,20.75,159.3578033,1
Low Fat,DRJ49,Soft Drinks,2017,OUT035,Tier 2,Small,Supermarket Type1,0.013990601,6.864999771,127.6651993,1
Low Fat,DRE37,Soft Drinks,2017,OUT035,Tier 2,Small,Supermarket Type1,0,13.5,189.1871948,1
Regular,FDY47,Breads,2017,OUT035,Tier 2,Small,Supermarket Type1,0.054474156,8.600000381,131.0310059,1
Regular,FDN25,Breakfast,2017,OUT035,Tier 2,Small,Supermarket Type1,0.061163966,7.894999981,59.25880051,1
Regular,FDK25,Breakfast,2017,OUT035,Tier 2,Small,Supermarket Type1,0.156802177,11.60000038,168.0473938,1
Regular,FDZ01,Canned,2017,OUT035,Tier 2,Small,Supermarket Type1,0.009057132,8.975000381,104.098999,1
Regular,FDY04,Frozen Foods,2017,OUT035,Tier 2,Small,Supermarket Type1,0.042468414,17.70000076,162.4210052,1
Regular,FDX33,Snack Foods,2017,OUT035,Tier 2,Small,Supermarket Type1,0.11746262,9.194999695,158.9577942,1
Regular,DRL01,Soft Drinks,2017,OUT035,Tier 2,Small,Supermarket Type1,0.077157728,19.5,232.4958038,1
Low Fat,DRL35,Hard Drinks,2017,OUT035,Tier 2,Small,Supermarket Type1,0.030697824,15.69999981,42.8769989,1
Low Fat,FDJ09,Snack Foods,2017,OUT035,Tier 2,Small,Supermarket Type1,0,15,47.2743988,1
Low Fat,FDE59,Starchy Foods,2011,OUT010,Tier 3,Medium,Grocery Store,0.10425704,12.14999962,34.05319977,1
Low Fat,FDD53,Frozen Foods,2011,OUT010,Tier 3,Medium,Grocery Store,0.074019395,16.20000076,41.74539948,1
Low Fat,NCX29,Health and Hygiene,2011,OUT010,Tier 3,Medium,Grocery Store,0.149223059,10,145.8101959,1
Low Fat,NCX41,Health and Hygiene,2011,OUT010,Tier 3,Medium,Grocery Store,0,19,211.0243988,1
Low Fat,NCS54,Household,2011,OUT010,Tier 3,Medium,Grocery Store,0.016726507,13.60000038,176.0370026,1
Low Fat,NCM43,Others,2011,OUT010,Tier 3,High,Grocery Store,0.032597777,14.5,163.6210022,1
Regular,FDR37,Breakfast,2011,OUT010,Tier 3,High,Grocery Store,0.110888168,16.5,181.6291962,1
Regular,FDA28,Frozen Foods,2011,OUT010,Tier 3,High,Grocery Store,0.080010556,16.10000038,124.2361984,1
Regular,FDJ44,Fruits and Vegetables,2011,OUT010,Tier 3,High,Grocery Store,0.177970022,12.30000019,173.1396027,1
Regular,FDO19,Fruits and Vegetables,2011,OUT010,Tier 3,High,Grocery Store,0.027779382,17.70000076,50.10340118,1
Low Fat,FDY48,Baking Goods,2000,OUT013,Tier 3,High,Supermarket Type1,0.02371512,14,103.8331985,1
Low Fat,FDE44,Fruits and Vegetables,2000,OUT013,Tier 3,High,Supermarket Type1,0.171245426,14.64999962,50.36920166,1
Low Fat,FDR43,Fruits and Vegetables,2000,OUT013,Tier 3,High,Supermarket Type1,0.161355123,18.20000076,38.31900024,1
Low Fat,NCA42,Household,2000,OUT013,Tier 3,High,Supermarket Type1,0,6.965000153,159.4604034,1
Low Fat,NCU18,Household,2000,OUT013,Tier 3,High,Supermarket Type1,0.055793587,15.10000038,139.7496033,1
Regular,FDS59,Breads,2000,OUT013,Tier 3,High,Supermarket Type1,0.043856919,14.80000019,109.0569992,1
Regular,FDQ31,Fruits and Vegetables,2000,OUT013,Tier 3,High,Supermarket Type1,0.053802405,5.784999847,85.98560333,1
Regular,FDG08,Fruits and Vegetables,2000,OUT013,Tier 3,High,Supermarket Type1,0.165221721,13.14999962,172.0764008,1
Regular,FDU15,Meat,2000,OUT013,Tier 3,High,Supermarket Type1,0.026579952,13.64999962,34.75320053,1
Low Fat,FDD45,Fruits and Vegetables,2000,OUT013,Tier 3,High,Supermarket Type1,0.116152227,8.614999771,94.14360046,1
Low Fat,FDZ40,Frozen Foods,2022,OUT018,Tier 3,Medium,Supermarket Type2,0.040346436,8.93500042,53.72980118,1
Low Fat,FDI20,Fruits and Vegetables,2022,OUT018,Tier 3,Medium,Supermarket Type2,0.038720854,19.10000038,210.8585968,1
Low Fat,NCK19,Others,2022,OUT018,Tier 3,Medium,Supermarket Type2,0.090834156,9.800000191,192.2478027,1
Regular,FDV12,Baking Goods,2022,OUT018,Tier 3,Medium,Supermarket Type2,0.061122656,16.70000076,100.0383987,1
Regular,FDI08,Fruits and Vegetables,2022,OUT018,Tier 3,Medium,Supermarket Type2,0.066567123,18.20000076,250.209198,1
Low Fat,DRH03,Dairy,2022,OUT018,Tier 3,Medium,Supermarket Type2,0.035207156,17.25,93.51200104,1
Low Fat,NCV41,Health and Hygiene,1998,OUT027,Tier 3,Medium,Supermarket Type3,0.016956266,12.85764534,109.3227997,1
Low Fat,FDT48,Baking Goods,1998,OUT027,Tier 3,Medium,Supermarket Type3,0,12.85764534,196.5084076,1
Low Fat,FDU32,Fruits and Vegetables,1998,OUT027,Tier 3,Medium,Supermarket Type3,0.025841875,12.85764534,120.7414017,1
Low Fat,DRM23,Hard Drinks,1998,OUT027,Tier 3,Medium,Supermarket Type3,0,12.85764534,171.7422028,1
Low Fat,NCY05,Health and Hygiene,1998,OUT027,Tier 3,Medium,Supermarket Type3,0.054723717,12.85764534,36.68740082,1
Low Fat,NCQ42,Household,1998,OUT027,Tier 3,Medium,Supermarket Type3,0.039078046,12.85764534,128.3677979,1
Low Fat,FDH10,Snack Foods,1998,OUT027,Tier 3,Medium,Supermarket Type3,0.049066249,12.85764534,192.4477997,1
Low Fat,FDR21,Snack Foods,1998,OUT027,Tier 3,Medium,Supermarket Type3,0.06661132,12.85764534,178.2369995,1
Regular,FDR59,Breads,1998,OUT027,Tier 3,Medium,Supermarket Type3,0.063554287,12.85764534,263.6593933,1
Regular,FDX04,Frozen Foods,1998,OUT027,Tier 3,Medium,Supermarket Type3,0.041370247,12.85764534,46.23759842,1
Regular,FDK20,Fruits and Vegetables,1998,OUT027,Tier 3,Medium,Supermarket Type3,0,12.85764534,120.5072021,1
Regular,FDJ10,Snack Foods,1998,OUT027,Tier 3,Medium,Supermarket Type3,0.128876537,12.85764534,139.1838074,1
Low Fat,FDK21,Snack Foods,2022,OUT018,Tier 3,Medium,Supermarket Type2,0.010053105,7.90500021,249.040802,4
Low Fat,FDI26,Canned,1998,OUT019,Tier 1,Small,Grocery Store,0.061082177,12.85764534,180.0343933,4
Low Fat,FDC46,Snack Foods,2011,OUT010,Tier 3,Small,Grocery Store,0.195068225,17.70000076,185.4266052,4
Low Fat,DRH37,Soft Drinks,2015,OUT045,Tier 2,Small,Supermarket Type1,0.041700754,17.60000038,164.8526001,4
Low Fat,NCI17,Health and Hygiene,2010,OUT046,Tier 1,Small,Supermarket Type1,0.143422648,8.645000458,95.84100342,4
Low Fat,NCZ18,Household,2012,OUT049,Tier 1,Medium,Supermarket Type1,0.186357155,7.824999809,254.3697968,4
Low Fat,FDL04,Frozen Foods,2020,OUT017,Tier 2,Small,Supermarket Type1,0.11255651,19,104.9621964,4
Regular,FDN04,Frozen Foods,2010,OUT046,Tier 1,Small,Supermarket Type1,0.014087057,11.80000019,180.3343964,4
Low Fat,NCL18,Household,1998,OUT019,Tier 1,Small,Grocery Store,0.293417752,12.85764534,194.6136017,4
Regular,FDR12,Baking Goods,1998,OUT027,Tier 3,Medium,Supermarket Type3,0.031382043,12.85764534,171.3764038,4
Regular,FDG20,Fruits and Vegetables,2020,OUT017,Tier 2,Small,Supermarket Type1,0.126398861,15.5,177.0028076,4
Low Fat,FDZ55,Fruits and Vegetables,2017,OUT035,Tier 2,Small,Supermarket Type1,0.025403898,6.054999828,160.9920044,4
Low Fat,FDN27,Meat,2012,OUT049,Tier 1,Medium,Supermarket Type1,0.039624006,20.85000038,117.2807999,4
Low Fat,FDW20,Fruits and Vegetables,2011,OUT010,Tier 3,Small,Grocery Store,0.040421192,20.75,122.1729965,4
Low Fat,FDF41,Frozen Foods,2012,OUT049,Tier 1,Medium,Supermarket Type1,0.131383762,12.14999962,246.0460052,4
Low Fat,FDT28,Frozen Foods,2015,OUT045,Tier 2,Small,Supermarket Type1,0.063695081,13.30000019,151.0708008,4
Regular,FDD10,Snack Foods,1998,OUT027,Tier 3,Medium,Supermarket Type3,0.045797829,12.85764534,178.5343933,4
Regular,FDA47,Baking Goods,2000,OUT013,Tier 3,High,Supermarket Type1,0.116576701,10.5,163.1210022,4
Low Fat,FDX34,Snack Foods,1998,OUT027,Tier 3,Medium,Supermarket Type3,0.071636938,12.85764534,121.7098007,4
Low Fat,FDD17,Frozen Foods,2012,OUT049,Tier 1,Medium,Supermarket Type1,0.032677677,7.5,239.0906067,4
Low Fat,FDZ46,Snack Foods,2017,OUT035,Tier 2,Small,Supermarket Type1,0.069110647,7.485000134,109.0227966,4
Low Fat,DRA12,Soft Drinks,2020,OUT017,Tier 2,Small,Supermarket Type1,0.041177504,11.60000038,140.3153992,4
Regular,FDB14,Canned,2011,OUT010,Tier 3,Small,Grocery Store,0.171938777,20.25,92.51200104,4
Low Fat,FDV38,Dairy,2020,OUT017,Tier 2,Small,Supermarket Type1,0.10234952,19.25,52.79560089,4
Low Fat,DRG23,Hard Drinks,2000,OUT013,Tier 3,High,Supermarket Type1,0.086708985,8.880000114,151.7682037,4
Low Fat,NCP30,Household,2015,OUT045,Tier 2,Small,Supermarket Type1,0.032835148,20.5,40.28219986,4
Low Fat,NCH54,Household,2010,OUT046,Tier 1,Small,Supermarket Type1,0.072669119,13.5,160.2920074,4
Low Fat,NCR53,Health and Hygiene,1998,OUT027,Tier 3,Medium,Supermarket Type3,0.144338489,12.85764534,224.4403992,4
Low Fat,FDH35,Starchy Foods,1998,OUT027,Tier 3,Medium,Supermarket Type3,0.059956875,12.85764534,165.4526062,4
Low Fat,FDB51,Dairy,2015,OUT045,Tier 2,Small,Supermarket Type1,0.038532063,6.920000076,60.58520126,4
Low Fat,FDP16,Frozen Foods,2012,OUT049,Tier 1,Medium,Supermarket Type1,0.039355949,18.60000038,246.3802032,4
Low Fat,FDB11,Starchy Foods,2017,OUT035,Tier 2,Small,Supermarket Type1,0.060836524,16,226.8403931,4
Low Fat,DRJ25,Soft Drinks,2020,OUT017,Tier 2,Small,Supermarket Type1,0.151419178,14.60000038,50.36920166,4
Low Fat,DRK12,Soft Drinks,1998,OUT027,Tier 3,Medium,Supermarket Type3,0.04168348,12.85764534,31.29000092,4
Low Fat,NCI18,Household,2022,OUT018,Tier 3,Medium,Supermarket Type2,0.014081156,18.35000038,223.5746002,4
Low Fat,FDN13,Breakfast,2020,OUT017,Tier 2,Small,Supermarket Type1,0.152918383,18.60000038,99.83580017,4
Low Fat,DRD24,Soft Drinks,2020,OUT017,Tier 2,Small,Supermarket Type1,0.030969273,13.85000038,140.9154053,4
Regular,FDW51,Meat,2010,OUT046,Tier 1,Small,Supermarket Type1,0.094659872,6.15500021,214.5559998,4
Regular,FDL50,Canned,2022,OUT018,Tier 3,Medium,Supermarket Type2,0.042485446,12.14999962,125.0046005,4
Low Fat,FDI32,Fruits and Vegetables,2011,OUT010,Tier 3,Small,Grocery Store,0.291865408,17.70000076,115.183403,4
Regular,DRY23,Soft Drinks,1998,OUT019,Tier 1,Small,Grocery Store,0.191013664,12.85764534,42.11119843,4
Regular,FDQ28,Frozen Foods,1998,OUT027,Tier 3,Medium,Supermarket Type3,0.060134441,12.85764534,153.0655975,4
Regular,FDU50,Dairy,2000,OUT013,Tier 3,High,Supermarket Type1,0.075107656,5.75,112.8175964,4
Regular,FDT12,Baking Goods,1998,OUT027,Tier 3,Medium,Supermarket Type3,0.049381405,12.85764534,226.8061981,4
Regular,FDE04,Frozen Foods,2015,OUT045,Tier 2,Small,Supermarket Type1,0.018059621,19.75,179.7660065,4
Low Fat,NCB19,Household,2012,OUT049,Tier 1,Medium,Supermarket Type1,0.090436094,6.525000095,85.08820343,4
Low Fat,FDV15,Meat,2012,OUT049,Tier 1,Medium,Supermarket Type1,0.146399707,10.30000019,103.964798,4
Low Fat,NCX06,Household,1998,OUT027,Tier 3,Medium,Supermarket Type3,0.01561108,12.85764534,182.5975952,4
Low Fat,FDT20,Fruits and Vegetables,2010,OUT046,Tier 1,Small,Supermarket Type1,0.041395444,10.5,37.61640167,4
Regular,FDB41,Frozen Foods,2010,OUT046,Tier 1,Small,Supermarket Type1,0.097313128,19,48.07180023,4
Regular,FDE36,Baking Goods,2017,OUT035,Tier 2,Small,Supermarket Type1,0.041764487,5.260000229,161.886795,4
Low Fat,FDN57,Snack Foods,2015,OUT045,Tier 2,Small,Supermarket Type1,0.054344185,18.25,140.2153931,4
Low Fat,FDI19,Meat,2010,OUT046,Tier 1,Small,Supermarket Type1,0.05233907,15.10000038,242.7512054,4
Low Fat,DRK12,Soft Drinks,2017,OUT035,Tier 2,Small,Supermarket Type1,0.041878399,9.5,32.99000168,4
Low Fat,NCZ54,Household,2011,OUT010,Tier 3,Small,Grocery Store,0,14.64999962,161.5552063,4
Regular,FDY24,Baking Goods,2012,OUT049,Tier 1,Medium,Supermarket Type1,0.133700758,4.880000114,52.92979813,4
Regular,FDH28,Frozen Foods,2010,OUT046,Tier 1,Small,Supermarket Type1,0.110030994,15.85000038,37.25059891,4
Low Fat,NCO07,Others,1998,OUT019,Tier 1,Small,Grocery Store,0.017116982,12.85764534,211.9559937,4
Low Fat,FDS49,Canned,2017,OUT035,Tier 2,Small,Supermarket Type1,0,9,79.76439667,4
Low Fat,NCX42,Household,1998,OUT027,Tier 3,Medium,Supermarket Type3,0.005949644,12.85764534,165.6526031,4
Low Fat,FDL56,Fruits and Vegetables,2015,OUT045,Tier 2,Small,Supermarket Type1,0.12603569,14.10000038,86.4197998,4
Low Fat,NCU05,Health and Hygiene,1998,OUT027,Tier 3,Medium,Supermarket Type3,0.058451805,12.85764534,79.96179962,4
Low Fat,NCR38,Household,2015,OUT045,Tier 2,Small,Supermarket Type1,0.113748685,17.25,251.372406,4
Regular,FDY56,Fruits and Vegetables,2020,OUT017,Tier 2,Small,Supermarket Type1,0.062764429,16.35000038,227.6062012,4
Low Fat,FDK21,Snack Foods,2017,OUT035,Tier 2,Small,Supermarket Type1,0.010010425,7.90500021,249.040802,4
Low Fat,FDL43,Meat,2012,OUT049,Tier 1,Medium,Supermarket Type1,0.027106458,10.10000038,75.36699677,4
Low Fat,DRF15,Dairy,1998,OUT019,Tier 1,Small,Grocery Store,0.05815341,12.85764534,152.0339966,4
Low Fat,FDV32,Fruits and Vegetables,2012,OUT049,Tier 1,Medium,Supermarket Type1,0.088846304,7.784999847,61.45100021,4
Regular,FDG08,Fruits and Vegetables,2015,OUT045,Tier 2,Small,Supermarket Type1,0.165694684,13.14999962,171.8764038,4
Low Fat,FDW13,Canned,2020,OUT017,Tier 2,Small,Supermarket Type1,0.098438397,8.5,51.13240051,4
Regular,FDJ55,Meat,2000,OUT013,Tier 3,High,Supermarket Type1,0.023511371,12.80000019,225.9403992,4
Low Fat,FDG59,Starchy Foods,2020,OUT017,Tier 2,Small,Supermarket Type1,0.043479126,15.85000038,36.71640015,4
Low Fat,FDM28,Frozen Foods,2000,OUT013,Tier 3,High,Supermarket Type1,0.045166235,15.69999981,178.6660004,4
Low Fat,FDS26,Dairy,2000,OUT013,Tier 3,High,Supermarket Type1,0.089394763,20.35000038,260.1593933,4
Low Fat,FDK51,Dairy,2017,OUT035,Tier 2,Small,Supermarket Type1,0.005234153,19.85000038,264.0884094,4
Low Fat,FDY55,Fruits and Vegetables,2000,OUT013,Tier 3,High,Supermarket Type1,0.081252538,16.75,256.4988098,4
Low Fat,FDK21,Snack Foods,2011,OUT010,Tier 3,Small,Grocery Store,0.016758569,7.90500021,250.4407959,4
Low Fat,NCZ18,Household,2017,OUT035,Tier 2,Small,Supermarket Type1,0.186032683,7.824999809,253.0697937,4
Low Fat,NCF07,Household,1998,OUT027,Tier 3,Medium,Supermarket Type3,0.031867463,12.85764534,101.0016022,4
Low Fat,FDJ08,Fruits and Vegetables,1998,OUT019,Tier 1,Small,Grocery Store,0.193772569,12.85764534,190.3845978,4
Low Fat,DRF49,Soft Drinks,2015,OUT045,Tier 2,Small,Supermarket Type1,0.071222089,7.269999981,113.5518036,4
Regular,FDM25,Breakfast,1998,OUT027,Tier 3,Medium,Supermarket Type3,0.060371961,12.85764534,174.0711975,4
Low Fat,FDH27,Dairy,2022,OUT018,Tier 3,Medium,Supermarket Type2,0.058584619,7.074999809,142.7127991,4
Low Fat,NCM31,Others,2010,OUT046,Tier 1,Small,Supermarket Type1,0.081196621,6.09499979,141.4154053,4
Low Fat,FDR04,Frozen Foods,2022,OUT018,Tier 3,Medium,Supermarket Type2,0,7.074999809,98.00679779,4
Regular,FDD40,Dairy,2017,OUT035,Tier 2,Small,Supermarket Type1,0.014790559,20.25,193.6161957,4
Regular,FDM50,Canned,1998,OUT027,Tier 3,Medium,Supermarket Type3,0.029943462,12.85764534,60.22200012,4
Regular,FDB29,Frozen Foods,2000,OUT013,Tier 3,High,Supermarket Type1,0.05236806,16.70000076,112.717598,4
Low Fat,FDF46,Snack Foods,2015,OUT045,Tier 2,Small,Supermarket Type1,0.09386114,7.070000172,115.5833969,4
Regular,FDC08,Fruits and Vegetables,2011,OUT010,Tier 3,Small,Grocery Store,0.173154086,19,228.2720032,4
Regular,FDX36,Baking Goods,2012,OUT049,Tier 1,Medium,Supermarket Type1,0.128482684,9.694999695,223.9403992,4
Regular,FDC52,Dairy,2020,OUT017,Tier 2,Small,Supermarket Type1,0.008326735,11.14999962,149.9707947,4
Low Fat,FDB45,Fruits and Vegetables,2012,OUT049,Tier 1,Medium,Supermarket Type1,0.021362955,20.85000038,103.2305984,4
Low Fat,FDV51,Meat,2000,OUT013,Tier 3,High,Supermarket Type1,0.032511819,16.35000038,165.084198,4
Regular,FDZ35,Breads,2015,OUT045,Tier 2,Small,Supermarket Type1,0.022323659,9.600000381,101.2990036,4
Low Fat,NCW17,Health and Hygiene,1998,OUT027,Tier 3,Medium,Supermarket Type3,0.019292355,12.85764534,129.9994049,4
Low Fat,DRH39,Dairy,2000,OUT013,Tier 3,High,Supermarket Type1,0.092613071,20.70000076,76.36699677,4
Low Fat,FDN60,Baking Goods,1998,OUT027,Tier 3,Medium,Supermarket Type3,0.094697274,12.85764534,158.4604034,4
Regular,FDN58,Snack Foods,1998,OUT027,Tier 3,Medium,Supermarket Type3,0.056596983,12.85764534,230.9983978,4
Low Fat,NCO43,Others,2010,OUT046,Tier 1,Small,Supermarket Type1,0.047098208,5.5,101.3015976,4
Regular,FDF28,Frozen Foods,2020,OUT017,Tier 2,Small,Supermarket Type1,0.0380789,15.69999981,122.9046021,4
Low Fat,NCY30,Household,2015,OUT045,Tier 2,Small,Supermarket Type1,0.02600589,20.25,180.9976044,4
Low Fat,NCO30,Household,2012,OUT049,Tier 1,Medium,Supermarket Type1,0.015749341,19.5,182.2608032,4
Regular,FDP59,Breads,2022,OUT018,Tier 3,Medium,Supermarket Type2,0.056695729,20.85000038,104.0647964,4
Regular,FDT27,Meat,2000,OUT013,Tier 3,High,Supermarket Type1,0.069529265,11.39500046,233.1616058,4
Low Fat,NCO17,Health and Hygiene,2010,OUT046,Tier 1,Small,Supermarket Type1,0.073379748,10,118.2440033,4
Low Fat,FDX26,Dairy,1998,OUT019,Tier 1,Small,Grocery Store,0.15374139,12.85764534,182.6291962,4
Low Fat,FDG45,Fruits and Vegetables,2000,OUT013,Tier 3,High,Supermarket Type1,0.127929524,8.100000381,211.4902039,4
Regular,FDL32,Fruits and Vegetables,2020,OUT017,Tier 2,Small,Supermarket Type1,0.123159654,15.69999981,110.1544037,4
Low Fat,FDX09,Snack Foods,2017,OUT035,Tier 2,Small,Supermarket Type1,0.065236934,9,176.4369965,4
Low Fat,FDV02,Dairy,2000,OUT013,Tier 3,High,Supermarket Type1,0.060495242,16.75,169.8105927,4
Regular,FDY28,Frozen Foods,2017,OUT035,Tier 2,Small,Supermarket Type1,0,7.46999979,214.3217926,4
Regular,FDX31,Fruits and Vegetables,1998,OUT027,Tier 3,Medium,Supermarket Type3,0.014753811,12.85764534,231.7958069,4
Low Fat,FDR43,Fruits and Vegetables,1998,OUT027,Tier 3,Medium,Supermarket Type3,0.160707489,12.85764534,38.01900101,4
Regular,FDP51,Meat,2022,OUT018,Tier 3,Medium,Supermarket Type2,0.085622363,13.85000038,119.4123993,4
Low Fat,FDC50,Canned,2017,OUT035,Tier 2,Small,Supermarket Type1,0,15.85000038,96.40940094,4
Regular,FDP22,Snack Foods,1998,OUT027,Tier 3,Medium,Supermarket Type3,0,12.85764534,52.66659927,4
Low Fat,DRE49,Soft Drinks,2010,OUT046,Tier 1,Small,Supermarket Type1,0.021250002,20.75,150.5023956,4
Low Fat,FDM40,Frozen Foods,2010,OUT046,Tier 1,Small,Supermarket Type1,0.15993695,10.19499969,143.2153931,4
Low Fat,FDY32,Fruits and Vegetables,2015,OUT045,Tier 2,Small,Supermarket Type1,0.129503146,7.605000019,164.0209961,4
Low Fat,FDU02,Dairy,1998,OUT019,Tier 1,Small,Grocery Store,0.179484412,12.85764534,228.9351959,4
Low Fat,FDF22,Snack Foods,2012,OUT049,Tier 1,Medium,Supermarket Type1,0.056919038,6.864999771,212.8217926,4
Low Fat,DRP35,Hard Drinks,1998,OUT027,Tier 3,Medium,Supermarket Type3,0.090427265,12.85764534,126.2335968,4
Low Fat,NCB55,Household,2010,OUT046,Tier 1,Small,Supermarket Type1,0.160663024,15.69999981,59.45619965,4
Low Fat,FDW35,Breads,1998,OUT019,Tier 1,Small,Grocery Store,0.0194158,12.85764534,41.645401,4
Low Fat,FDB44,Fruits and Vegetables,2015,OUT045,Tier 2,Small,Supermarket Type1,0.016993225,6.65500021,211.0585938,4
Regular,FDA27,Dairy,2022,OUT018,Tier 3,Medium,Supermarket Type2,0,20.35000038,256.7672119,4
Low Fat,NCU41,Health and Hygiene,2012,OUT049,Tier 1,Medium,Supermarket Type1,0.052135751,18.85000038,190.1846008,4
Low Fat,FDN32,Fruits and Vegetables,2022,OUT018,Tier 3,Medium,Supermarket Type2,0.015623754,17.5,182.6266022,4
Regular,FDW27,Meat,1998,OUT019,Tier 1,Small,Grocery Store,0.264124662,12.85764534,155.7313995,4
Low Fat,NCJ18,Household,2012,OUT049,Tier 1,Medium,Supermarket Type1,0.164196819,12.35000038,120.5123978,4
Regular,FDS09,Snack Foods,1998,OUT019,Tier 1,Small,Grocery Store,0.141975462,12.85764534,49.60079956,4
Low Fat,FDW28,Frozen Foods,2015,OUT045,Tier 2,Small,Supermarket Type1,0.08900439,18.25,196.7451935,4
Regular,FDU46,Snack Foods,2000,OUT013,Tier 3,High,Supermarket Type1,0.011117041,10.30000019,85.85399628,4
Low Fat,NCE43,Household,2017,OUT035,Tier 2,Small,Supermarket Type1,0.103422709,12.5,169.9447937,4
Regular,FDB14,Canned,2010,OUT046,Tier 1,Small,Supermarket Type1,0.102723919,20.25,93.21199799,4
Regular,DRB48,Soft Drinks,1998,OUT027,Tier 3,Medium,Supermarket Type3,0.024733134,12.85764534,40.28219986,4
Low Fat,FDA13,Canned,2020,OUT017,Tier 2,Small,Supermarket Type1,0.078999288,15.85000038,38.65060043,4
Low Fat,NCV42,Household,2020,OUT017,Tier 2,Small,Supermarket Type1,0.031599715,6.260000229,111.3227997,4
Low Fat,FDG24,Baking Goods,2015,OUT045,Tier 2,Small,Supermarket Type1,0.014660821,7.974999905,85.125,4
Low Fat,NCH06,Household,2015,OUT045,Tier 2,Small,Supermarket Type1,0.076709636,12.30000019,247.845993,4
Low Fat,FDU56,Fruits and Vegetables,1998,OUT027,Tier 3,Medium,Supermarket Type3,0,12.85764534,184.726593,4
Low Fat,DRK59,Hard Drinks,2017,OUT035,Tier 2,Small,Supermarket Type1,0.075435556,8.895000458,235.8616028,4
Regular,FDH28,Frozen Foods,1998,OUT019,Tier 1,Small,Grocery Store,0.192650065,12.85764534,37.45059967,4
Regular,FDV57,Snack Foods,2012,OUT049,Tier 1,Medium,Supermarket Type1,0.065999009,15.25,177.9660034,4
Regular,FDR56,Fruits and Vegetables,1998,OUT027,Tier 3,Medium,Supermarket Type3,0.100277878,12.85764534,196.8768005,4
Low Fat,NCG42,Household,2015,OUT045,Tier 2,Medium,Supermarket Type1,0,19.20000076,127.8310013,4
Low Fat,NCX29,Health and Hygiene,2020,OUT017,Tier 2,Medium,Supermarket Type1,0.089656815,10,144.0101929,4
Low Fat,DRN36,Soft Drinks,1998,OUT019,Tier 1,Small,Grocery Store,0.087854922,12.85764534,95.97519684,4
Low Fat,FDK28,Frozen Foods,2022,OUT018,Tier 3,Medium,Supermarket Type2,0.06585709,5.695000172,258.5646057,4
Low Fat,FDR43,Fruits and Vegetables,2015,OUT045,Tier 2,Medium,Supermarket Type1,0.161817014,18.20000076,37.81900024,4
Low Fat,NCN18,Household,2015,OUT045,Tier 2,Medium,Supermarket Type1,0.124967597,8.895000458,112.7544022,4
Low Fat,FDR49,Canned,2011,OUT010,Tier 3,Medium,Grocery Store,0.233039811,8.710000038,49.53760147,4
Low Fat,FDC15,Dairy,2012,OUT049,Tier 1,Medium,Supermarket Type1,0.178245753,18.10000038,158.1287994,4
Regular,FDI27,Dairy,2012,OUT049,Tier 1,Medium,Supermarket Type1,0.046057809,8.710000038,43.87440109,4
Low Fat,FDD29,Frozen Foods,2011,OUT010,Tier 3,Medium,Grocery Store,0.030815426,12.14999962,252.0697937,4
Low Fat,FDI14,Canned,2010,OUT046,Tier 1,Small,Supermarket Type1,0.089677773,14.10000038,139.8495941,4
Low Fat,FDW50,Dairy,1998,OUT019,Tier 1,Small,Grocery Store,0.132327408,12.85764534,168.415802,4
Low Fat,FDT31,Fruits and Vegetables,2020,OUT017,Tier 2,Medium,Supermarket Type1,0.012518707,19.75,190.6871948,4
Regular,FDJ14,Canned,2020,OUT017,Tier 2,Medium,Supermarket Type1,0.050353695,10.30000019,78.69599915,4
Low Fat,NCQ43,Others,1998,OUT027,Tier 3,Medium,Supermarket Type3,0.110762641,12.85764534,108.5912018,4
Low Fat,FDU38,Dairy,2020,OUT017,Tier 2,Medium,Supermarket Type1,0.083016835,10.80000019,193.4503937,4
Low Fat,DRF03,Dairy,2011,OUT010,Tier 3,Medium,Grocery Store,0.075836524,19.10000038,40.21379852,4
Regular,FDX22,Snack Foods,2017,OUT035,Tier 2,Small,Supermarket Type1,0.022970468,6.784999847,211.092804,4
Regular,FDL58,Snack Foods,2015,OUT045,Tier 2,Medium,Supermarket Type1,0.074299447,5.78000021,264.9567871,4
Regular,FDD40,Dairy,2012,OUT049,Tier 1,Medium,Supermarket Type1,0.014816356,20.25,194.1161957,4
Low Fat,FDT08,Fruits and Vegetables,2015,OUT045,Tier 2,Medium,Supermarket Type1,0.049318314,13.64999962,149.0050049,4
Low Fat,FDC53,Frozen Foods,2022,OUT018,Tier 3,Medium,Supermarket Type2,0.008871687,8.680000305,99.73840332,4
Low Fat,DRK35,Hard Drinks,1998,OUT019,Tier 1,Small,Grocery Store,0.125793934,12.85764534,36.25059891,4
Low Fat,NCV42,Household,2012,OUT049,Tier 1,Medium,Supermarket Type1,0.031470831,6.260000229,110.2228012,4
Regular,FDL25,Breakfast,2020,OUT017,Tier 2,Medium,Supermarket Type1,0.131665483,6.920000076,91.88040161,4
Low Fat,FDE34,Snack Foods,2010,OUT046,Tier 1,Small,Supermarket Type1,0.107891396,9.194999695,182.7633972,4
Low Fat,NCK19,Others,2000,OUT013,Tier 3,High,Supermarket Type1,0.090390354,9.800000191,192.1477966,4
Low Fat,FDO44,Fruits and Vegetables,1998,OUT027,Tier 3,Medium,Supermarket Type3,0.08702971,12.85764534,109.2228012,4
Low Fat,NCF31,Household,2015,OUT045,Tier 2,Medium,Supermarket Type1,0.051952574,9.130000114,152.3023987,4
Low Fat,FDV58,Snack Foods,2010,OUT046,Tier 1,Small,Supermarket Type1,0.121250376,20.85000038,193.9452057,4
Low Fat,FDN27,Meat,2022,OUT018,Tier 3,Medium,Supermarket Type2,0,20.85000038,115.1808014,4
Low Fat,FDZ52,Frozen Foods,2012,OUT049,Tier 1,Medium,Supermarket Type1,0.100230113,19.20000076,112.9886017,4
Low Fat,FDR58,Snack Foods,2017,OUT035,Tier 2,Small,Supermarket Type1,0.041913535,6.675000191,90.74620056,4
Low Fat,FDC11,Starchy Foods,1998,OUT027,Tier 3,Medium,Supermarket Type3,0.141106203,12.85764534,87.91719818,4
Low Fat,FDL22,Snack Foods,2015,OUT045,Tier 2,Medium,Supermarket Type1,0.036463976,16.85000038,90.74880219,4
Low Fat,FDC35,Starchy Foods,2015,OUT045,Tier 2,Medium,Supermarket Type1,0.12308681,7.434999943,206.9638062,4
Regular,FDX33,Snack Foods,2020,OUT017,Tier 2,Medium,Supermarket Type1,0.118149377,9.194999695,160.5578003,4
Regular,FDC40,Dairy,2000,OUT013,Tier 3,High,Supermarket Type1,0.065009743,16,79.59860229,4
Low Fat,FDP24,Baking Goods,2012,OUT049,Tier 1,Medium,Supermarket Type1,0.083133131,20.60000038,120.1755981,4
Low Fat,NCQ42,Household,2022,OUT018,Tier 3,Medium,Supermarket Type2,0.039428167,20.35000038,127.9677963,4
Low Fat,FDY59,Baking Goods,2022,OUT018,Tier 3,Medium,Supermarket Type2,0,8.194999695,93.14620209,4
Low Fat,FDU14,Dairy,2015,OUT045,Tier 2,Medium,Supermarket Type1,0.034823127,17.75,248.6750031,4
Regular,FDT32,Fruits and Vegetables,2022,OUT018,Tier 3,Medium,Supermarket Type2,0.065901302,19,188.721405,4
Low Fat,FDX09,Snack Foods,1998,OUT027,Tier 3,Medium,Supermarket Type3,0.0649333,12.85764534,174.8370056,4
Low Fat,DRI37,Soft Drinks,1998,OUT027,Tier 3,Medium,Supermarket Type3,0.107076831,12.85764534,58.79040146,4
Low Fat,FDL20,Fruits and Vegetables,2015,OUT045,Tier 2,Medium,Supermarket Type1,0.128674984,17.10000038,112.3886032,4
Regular,FDE05,Frozen Foods,1998,OUT019,Tier 1,Small,Grocery Store,0,12.85764534,145.2102051,4
Low Fat,FDE58,Snack Foods,2000,OUT013,Tier 3,High,Supermarket Type1,0.052025393,18.5,118.4123993,4
Regular,FDZ26,Dairy,2010,OUT046,Tier 1,Small,Supermarket Type1,0.144017398,11.60000038,238.3222046,4
Low Fat,FDL34,Snack Foods,2020,OUT017,Tier 2,Medium,Supermarket Type1,0.041177504,16,142.3495941,4
Low Fat,DRG39,Dairy,2022,OUT018,Tier 3,Medium,Supermarket Type2,0.042352822,14.14999962,51.69820023,4
Low Fat,DRF01,Soft Drinks,2012,OUT049,Tier 1,Medium,Supermarket Type1,0.175352409,5.65500021,147.410202,4
Regular,FDR20,Fruits and Vegetables,2020,OUT017,Tier 2,Medium,Supermarket Type1,0.028282832,20,46.2743988,4
Low Fat,FDY07,Fruits and Vegetables,2011,OUT010,Tier 3,Medium,Grocery Store,0,11.80000019,46.54019928,4
Regular,FDD38,Canned,2015,OUT045,Tier 2,Medium,Supermarket Type1,0.008208342,16.75,102.8674011,4
Low Fat,FDD03,Dairy,2022,OUT018,Tier 3,Medium,Supermarket Type2,0.080131359,13.30000019,234.0299988,4
Low Fat,NCL18,Household,2000,OUT013,Tier 3,High,Supermarket Type1,0.167444438,18.85000038,194.6136017,4
Low Fat,FDD29,Frozen Foods,2022,OUT018,Tier 3,Medium,Supermarket Type2,0.018485511,12.14999962,253.1697998,4
Low Fat,FDU11,Breads,2000,OUT013,Tier 3,High,Supermarket Type1,0.092516601,4.784999847,120.1098022,4
Regular,FDL02,Canned,2012,OUT049,Tier 1,Medium,Supermarket Type1,0.104245201,20,105.3621979,4
Regular,FDO51,Meat,1998,OUT027,Tier 3,Medium,Supermarket Type3,0.041779183,12.85764534,43.41120148,4
Regular,FDT01,Canned,2020,OUT017,Tier 2,Medium,Supermarket Type1,0.185209438,13.64999962,212.9902039,4
Low Fat,FDJ08,Fruits and Vegetables,2012,OUT049,Tier 1,Medium,Supermarket Type1,0.110844173,11.10000038,189.2846069,4
Low Fat,FDU32,Fruits and Vegetables,2011,OUT010,Tier 3,Medium,Grocery Store,0,8.784999847,123.0413971,4
Regular,FDG09,Fruits and Vegetables,2017,OUT035,Tier 2,Small,Supermarket Type1,0.047927219,20.60000038,185.9555969,4
Low Fat,FDE39,Dairy,2015,OUT045,Tier 2,Medium,Supermarket Type1,0.036207788,7.889999866,121.0782013,4
Low Fat,FDU56,Fruits and Vegetables,2000,OUT013,Tier 3,High,Supermarket Type1,0.044377096,16.85000038,185.8265991,4
Low Fat,NCH55,Household,2015,OUT045,Tier 2,Medium,Supermarket Type1,0.034742631,16.35000038,127.4020004,4
Regular,FDC33,Fruits and Vegetables,1998,OUT027,Tier 3,Medium,Supermarket Type3,0.068604507,12.85764534,197.3768005,4
Low Fat,NCV54,Household,1998,OUT027,Tier 3,Medium,Supermarket Type3,0.032948609,12.85764534,116.8124008,4
Low Fat,DRH25,Soft Drinks,1998,OUT027,Tier 3,Medium,Supermarket Type3,0.014522363,12.85764534,50.23239899,4
Low Fat,NCT18,Household,2017,OUT035,Tier 2,Small,Supermarket Type1,0.05939392,14.60000038,181.7976074,4
Low Fat,NCV06,Household,2010,OUT046,Tier 1,Small,Supermarket Type1,0.066681333,11.30000019,194.4477997,4
Low Fat,FDH21,Seafood,2012,OUT049,Tier 1,Medium,Supermarket Type1,0.031273559,10.39500046,160.0603943,4
Low Fat,FDR26,Dairy,2010,OUT046,Tier 1,Small,Supermarket Type1,0.042836778,20.70000076,175.8027954,4
Low Fat,FDA14,Dairy,1998,OUT019,Tier 1,Small,Grocery Store,0.11412742,12.85764534,147.1759949,4
Low Fat,FDN20,Fruits and Vegetables,2010,OUT046,Tier 1,Small,Supermarket Type1,0.026181893,19.35000038,167.0473938,4
Low Fat,NCN29,Health and Hygiene,2020,OUT017,Tier 2,Medium,Supermarket Type1,0.012184999,15.19999981,50.30339813,4
Low Fat,FDI28,Frozen Foods,2022,OUT018,Tier 3,Medium,Supermarket Type2,0.026428925,14.30000019,78.23020172,4
Regular,FDA03,Dairy,1998,OUT027,Tier 3,Medium,Supermarket Type3,0.045243613,12.85764534,146.8101959,4
Regular,FDU10,Snack Foods,2020,OUT017,Tier 2,Medium,Supermarket Type1,0.045950476,10.10000038,38.28480148,4
Regular,FDP13,Canned,1998,OUT027,Tier 3,Medium,Supermarket Type3,0.133673087,12.85764534,41.54800034,4
Low Fat,NCK06,Household,2017,OUT035,Tier 2,Small,Supermarket Type1,0.008644894,5.03000021,122.6755981,4
Low Fat,NCY18,Household,2017,OUT035,Tier 2,Small,Supermarket Type1,0.031145742,7.284999847,173.6053925,4
Low Fat,FDE38,Canned,1998,OUT027,Tier 3,Medium,Supermarket Type3,0.044391148,12.85764534,164.384201,4
Low Fat,FDB59,Snack Foods,2010,OUT046,Tier 1,Small,Supermarket Type1,0.015278899,18.25,199.0084076,4
Regular,FDO15,Meat,2012,OUT049,Tier 1,Medium,Supermarket Type1,0.008579863,16.75,72.30380249,4
Low Fat,DRN47,Hard Drinks,2011,OUT010,Tier 3,Medium,Grocery Store,0.028164526,12.10000038,178.1660004,4
Regular,FDB38,Canned,2010,OUT046,Tier 1,Small,Supermarket Type1,0.0273467,19.5,158.9920044,4
Low Fat,FDT59,Breads,2020,OUT017,Tier 2,Medium,Supermarket Type1,0.016001433,13.64999962,230.6667938,4
Regular,FDG08,Fruits and Vegetables,2017,OUT035,Tier 2,Small,Supermarket Type1,0.165328056,13.14999962,170.6764069,4
Regular,FDY26,Dairy,2010,OUT046,Tier 1,Small,Supermarket Type1,0.030510526,20.60000038,211.4243927,4
Low Fat,DRE13,Soft Drinks,2017,OUT035,Tier 2,Small,Supermarket Type1,0.027699864,6.28000021,87.9197998,4
Regular,FDE51,Dairy,2010,OUT046,Tier 1,Small,Supermarket Type1,0.096467331,5.925000191,42.80860138,4
Regular,FDV56,Fruits and Vegetables,2000,OUT013,Tier 3,High,Supermarket Type1,0.013584408,16.10000038,107.7595978,4
Regular,FDU44,Fruits and Vegetables,2012,OUT049,Tier 1,Medium,Supermarket Type1,0.058516562,12.14999962,164.1551971,4
Regular,FDU16,Frozen Foods,2012,OUT049,Tier 1,Medium,Supermarket Type1,0.058365706,19.25,82.19080353,4
Low Fat,FDV07,Fruits and Vegetables,2015,OUT045,Tier 2,Medium,Supermarket Type1,0.031346388,9.5,110.7228012,4
Low Fat,FDW01,Canned,1998,OUT027,Tier 3,Medium,Supermarket Type3,0.063750304,12.85764534,153.4682007,4
Low Fat,FDG24,Baking Goods,1998,OUT027,Tier 3,Medium,Supermarket Type3,0.014560297,12.85764534,81.42500305,4
Low Fat,FDO04,Frozen Foods,1998,OUT027,Tier 3,Medium,Supermarket Type3,0.026408698,12.85764534,53.26139832,4
Low Fat,DRB25,Soft Drinks,2017,OUT035,Tier 2,Small,Supermarket Type1,0.069446586,12.30000019,106.3937988,4
Regular,FDF08,Fruits and Vegetables,2010,OUT046,Tier 1,Small,Supermarket Type1,0.065207556,14.30000019,89.88559723,4
Low Fat,DRF03,Dairy,2017,OUT035,Tier 2,Small,Supermarket Type1,0.045299564,19.10000038,38.81380081,4
Low Fat,FDE02,Canned,2000,OUT013,Tier 3,High,Supermarket Type1,0.121149473,8.710000038,93.77780151,4
Low Fat,FDW49,Canned,2012,OUT049,Tier 1,Medium,Supermarket Type1,0,19.5,179.3002014,4
Low Fat,FDR23,Breads,2020,OUT017,Tier 2,Medium,Supermarket Type1,0,15.85000038,174.7369995,4
Low Fat,NCJ29,Health and Hygiene,1998,OUT027,Tier 3,Medium,Supermarket Type3,0.035022505,12.85764534,85.12239838,4
Regular,FDZ01,Canned,1998,OUT027,Tier 3,Medium,Supermarket Type3,0.009014978,12.85764534,102.6989975,4
Low Fat,FDG44,Fruits and Vegetables,2022,OUT018,Tier 3,Medium,Supermarket Type2,0.102607235,6.130000114,54.02980042,4
Regular,FDA47,Baking Goods,2015,OUT045,Tier 2,Medium,Supermarket Type1,0,10.5,162.4210052,4
Low Fat,NCD19,Household,2015,OUT045,Tier 2,Medium,Supermarket Type1,0,8.930000305,55.46139908,4
Low Fat,FDN12,Baking Goods,1998,OUT027,Tier 3,Medium,Supermarket Type3,0.080711178,12.85764534,113.1544037,4
Low Fat,DRP35,Hard Drinks,2012,OUT049,Tier 1,Medium,Supermarket Type1,0.091008574,18.85000038,129.633606,4
Regular,FDN23,Breads,2017,OUT035,Tier 2,Small,Supermarket Type1,0.075493477,6.574999809,143.5444031,4
Regular,FDH40,Frozen Foods,1998,OUT027,Tier 3,Medium,Supermarket Type3,0.078547351,12.85764534,79.32759857,4
Low Fat,FDA21,Snack Foods,2022,OUT018,Tier 3,Medium,Supermarket Type2,0.036107197,13.64999962,184.4924011,4
Low Fat,FDA46,Snack Foods,2000,OUT013,Tier 3,High,Supermarket Type1,0.117537566,13.60000038,195.4136047,4
Low Fat,NCM19,Others,1998,OUT027,Tier 3,Medium,Supermarket Type3,0.047008496,12.85764534,112.0202026,4
Regular,FDQ31,Fruits and Vegetables,2017,OUT035,Tier 2,Small,Supermarket Type1,0,5.784999847,87.18560028,4
Low Fat,FDK55,Meat,1998,OUT019,Tier 1,Small,Grocery Store,0.045105405,12.85764534,89.41719818,4
Low Fat,DRG15,Dairy,2012,OUT049,Tier 1,Medium,Supermarket Type1,0.076855205,6.130000114,59.35359955,4
Regular,FDT32,Fruits and Vegetables,1998,OUT019,Tier 1,Small,Grocery Store,0.114916548,12.85764534,188.421402,4
Low Fat,FDN02,Canned,2000,OUT013,Tier 3,High,Supermarket Type1,0.073766313,16.5,208.563797,4
Regular,FDJ40,Frozen Foods,1998,OUT027,Tier 3,Medium,Supermarket Type3,0.049349122,12.85764534,108.6912003,4
Low Fat,FDU13,Canned,1998,OUT019,Tier 1,Small,Grocery Store,0.328390956,12.85764534,146.0417938,4
Regular,FDS27,Meat,2017,OUT035,Tier 2,Small,Supermarket Type1,0.012455787,10.19499969,197.5110016,4
Low Fat,DRM59,Hard Drinks,1998,OUT019,Tier 1,Small,Grocery Store,0.006289291,12.85764534,153.2998047,4
Low Fat,NCV30,Household,2011,OUT010,Tier 3,Medium,Grocery Store,0.1103568,20.20000076,62.05099869,4
Regular,FDA51,Dairy,2000,OUT013,Tier 3,High,Supermarket Type1,0.164542556,8.050000191,112.2518005,4
Low Fat,NCY41,Health and Hygiene,2012,OUT049,Tier 1,Medium,Supermarket Type1,0.07585337,16.75,36.85319901,4
Low Fat,FDM52,Frozen Foods,2010,OUT046,Tier 1,Small,Supermarket Type1,0.025993424,15.10000038,147.4075928,4
Low Fat,FDS47,Breads,2012,OUT049,Tier 1,Medium,Supermarket Type1,0.129086107,16.75,89.48560333,4
Regular,FDW27,Meat,2022,OUT018,Tier 3,Medium,Supermarket Type2,0.151467815,5.860000134,154.1313934,4
Low Fat,FDD51,Dairy,2012,OUT049,Tier 1,Medium,Supermarket Type1,0.120139204,11.14999962,45.07440186,4
Low Fat,NCN06,Household,2010,OUT046,Tier 1,Small,Supermarket Type1,0.120497264,8.390000343,162.2868042,4
Regular,FDR57,Snack Foods,2017,OUT035,Tier 2,Small,Supermarket Type1,0.023492524,5.675000191,155.5287933,4
Low Fat,NCO17,Health and Hygiene,1998,OUT027,Tier 3,Medium,Supermarket Type3,0.0730244,12.85764534,121.8440018,4
Regular,FDJ33,Snack Foods,2020,OUT017,Tier 2,Medium,Supermarket Type1,0.088821761,8.895000458,125.1729965,4
Low Fat,FDB15,Dairy,2010,OUT046,Tier 1,Small,Supermarket Type1,0.136810735,10.89500046,263.0567932,4
Low Fat,FDZ12,Baking Goods,1998,OUT019,Tier 1,Small,Grocery Store,0,12.85764534,144.8470001,4
Low Fat,NCI31,Others,2022,OUT018,Tier 3,Medium,Supermarket Type2,0.081658453,20,35.01900101,4
Low Fat,NCV05,Health and Hygiene,2020,OUT017,Tier 2,Medium,Supermarket Type1,0.030379383,10.10000038,153.4656067,4
Low Fat,DRG51,Dairy,2011,OUT010,Tier 3,Medium,Grocery Store,0.019314962,12.10000038,164.6526031,4
Low Fat,FDP24,Baking Goods,2000,OUT013,Tier 3,High,Supermarket Type1,0.082935005,20.60000038,119.5755997,4
Regular,FDN56,Fruits and Vegetables,2000,OUT013,Tier 3,High,Supermarket Type1,0.106968097,5.460000038,142.6786041,4
Low Fat,DRE60,Soft Drinks,2012,OUT049,Tier 1,Medium,Supermarket Type1,0.159582183,9.395000458,224.7720032,4
Low Fat,FDW49,Canned,1998,OUT019,Tier 1,Small,Grocery Store,0.144538268,12.85764534,180.6002045,4
Low Fat,FDM20,Fruits and Vegetables,2010,OUT046,Tier 1,Small,Supermarket Type1,0.038685802,10,243.8144073,4
Low Fat,FDK48,Baking Goods,2012,OUT049,Tier 1,Medium,Supermarket Type1,0.037690733,7.445000172,73.33540344,4
Low Fat,FDX50,Dairy,2017,OUT035,Tier 2,Small,Supermarket Type1,0.074613087,20.10000038,108.7228012,4
Low Fat,NCN14,Others,1998,OUT019,Tier 1,Small,Grocery Store,0.160936177,12.85764534,184.2608032,4
Regular,FDV57,Snack Foods,1998,OUT027,Tier 3,Medium,Supermarket Type3,0.065577447,12.85764534,181.7660065,4
Regular,FDZ39,Meat,2020,OUT017,Tier 2,Medium,Supermarket Type1,0.018126724,19.70000076,101.7990036,4
Regular,FDX27,Dairy,2010,OUT046,Tier 1,Small,Supermarket Type1,0.114117093,20.70000076,92.74359894,4
Regular,FDO01,Breakfast,2015,OUT045,Tier 2,Medium,Supermarket Type1,0.020760672,21.10000038,128.7993927,4
Low Fat,FDU25,Canned,2017,OUT035,Tier 2,Small,Supermarket Type1,0.026676215,12.35000038,57.02460098,4
Regular,FDD59,Starchy Foods,2015,OUT045,Tier 2,Medium,Supermarket Type1,0.066315025,10.5,78.29599762,4
Low Fat,FDH22,Snack Foods,2017,OUT035,Tier 2,Small,Supermarket Type1,0.136275172,6.40500021,128.1678009,4
Low Fat,FDQ22,Snack Foods,2015,OUT045,Tier 2,Medium,Supermarket Type1,0.029799964,16.75,39.18220139,4
Low Fat,FDG57,Fruits and Vegetables,2012,OUT049,Tier 1,Medium,Supermarket Type1,0.072410762,14.69999981,48.20339966,4
Regular,FDR20,Fruits and Vegetables,2017,OUT035,Tier 2,Small,Supermarket Type1,0.028118435,20,46.7743988,4
Low Fat,FDU22,Snack Foods,1998,OUT019,Tier 1,Small,Grocery Store,0.163350224,12.85764534,120.2124023,4
Regular,FDF34,Snack Foods,2022,OUT018,Tier 3,Medium,Supermarket Type2,0.014076503,9.300000191,200.0084076,4
Regular,FDJ33,Snack Foods,2017,OUT035,Tier 2,Small,Supermarket Type1,0.088305481,8.895000458,123.4729996,4
Regular,FDS44,Fruits and Vegetables,1998,OUT027,Tier 3,Medium,Supermarket Type3,0.155288309,12.85764534,241.7537994,4
Regular,FDZ39,Meat,2017,OUT035,Tier 2,Small,Supermarket Type1,0.018021362,19.70000076,101.1989975,4
Low Fat,NCM31,Others,2020,OUT017,Tier 2,Medium,Supermarket Type1,0.081655897,6.09499979,143.3153992,4
Low Fat,FDR48,Baking Goods,2012,OUT049,Tier 1,Medium,Supermarket Type1,0.131708682,11.64999962,152.3023987,4
Low Fat,FDY13,Canned,2012,OUT049,Tier 1,Medium,Supermarket Type1,0.030174246,12.10000038,76.66699982,4
Low Fat,FDA49,Canned,2012,OUT049,Tier 1,Medium,Supermarket Type1,0.0650227,19.70000076,87.01979828,4
Low Fat,FDY14,Dairy,2012,OUT049,Tier 1,Medium,Supermarket Type1,0.070149086,10.30000019,264.5226135,4
Low Fat,FDK52,Frozen Foods,2012,OUT049,Tier 1,Medium,Supermarket Type1,0.079342008,18.25,226.0061951,4
Low Fat,FDV31,Fruits and Vegetables,2012,OUT049,Tier 1,Medium,Supermarket Type1,0,9.800000191,175.2369995,4
Low Fat,FDX15,Meat,2012,OUT049,Tier 1,Medium,Supermarket Type1,0.156541854,17.20000076,162.4577942,4
Low Fat,NCM26,Others,2012,OUT049,Tier 1,Medium,Supermarket Type1,0.023179181,20.5,154.0339966,4
Low Fat,FDH33,Snack Foods,2012,OUT049,Tier 1,Medium,Supermarket Type1,0.121914662,12.85000038,43.5428009,4
Low Fat,FDT48,Baking Goods,2012,OUT049,Tier 1,Medium,Supermarket Type1,0.046026479,4.920000076,196.5084076,4
Low Fat,FDW23,Baking Goods,2012,OUT049,Tier 1,Medium,Supermarket Type1,0.082139798,5.764999866,37.21640015,4
Low Fat,FDW24,Baking Goods,2012,OUT049,Tier 1,Medium,Supermarket Type1,0.037555348,6.800000191,49.60340118,4
Low Fat,FDB60,Baking Goods,2012,OUT049,Tier 1,Medium,Supermarket Type1,0.028566433,9.300000191,193.0135956,4
Low Fat,FDY36,Baking Goods,2012,OUT049,Tier 1,Medium,Supermarket Type1,0.009425158,12.30000019,74.83799744,4
Low Fat,FDH48,Baking Goods,2012,OUT049,Tier 1,Medium,Supermarket Type1,0,13.5,84.65399933,4
Low Fat,FDP60,Baking Goods,2012,OUT049,Tier 1,Medium,Supermarket Type1,0.05600578,17.35000038,99.20159912,4
Low Fat,FDW48,Baking Goods,2012,OUT049,Tier 1,Medium,Supermarket Type1,0.008554102,18,79.36180115,4
Low Fat,FDR35,Breads,2012,OUT049,Tier 1,Medium,Supermarket Type1,0.020729901,12.5,197.2742004,4
Low Fat,FDV47,Breads,2012,OUT049,Tier 1,Medium,Supermarket Type1,0,17.10000038,85.55660248,4
Low Fat,FDR47,Breads,2012,OUT049,Tier 1,Medium,Supermarket Type1,0.087604649,17.85000038,196.9794006,4
Low Fat,FDV35,Breads,2012,OUT049,Tier 1,Medium,Supermarket Type1,0.128405333,19.5,156.4313965,4
Low Fat,FDO37,Breakfast,2012,OUT049,Tier 1,Medium,Supermarket Type1,0.021409914,8.06000042,229.732605,4
Low Fat,FDV25,Canned,2012,OUT049,Tier 1,Medium,Supermarket Type1,0.045723218,5.90500021,222.1455994,4
Low Fat,FDO25,Canned,2012,OUT049,Tier 1,Medium,Supermarket Type1,0.127647176,6.300000191,207.927002,4
Low Fat,FDT49,Canned,2012,OUT049,Tier 1,Medium,Supermarket Type1,0,7,105.6279984,4
Low Fat,FDS37,Canned,2012,OUT049,Tier 1,Medium,Supermarket Type1,0.031994533,7.65500021,114.3491974,4
Low Fat,FDW13,Canned,2012,OUT049,Tier 1,Medium,Supermarket Type1,0.0980369,8.5,51.53239822,4
Low Fat,FDJ50,Canned,2012,OUT049,Tier 1,Medium,Supermarket Type1,0.021619564,8.645000458,50.69820023,4
Low Fat,FDQ13,Canned,2012,OUT049,Tier 1,Medium,Supermarket Type1,0.010658153,11.10000038,83.09079742,4
Low Fat,FDS01,Canned,2012,OUT049,Tier 1,Medium,Supermarket Type1,0,11.60000038,178.2686005,4
Low Fat,FDP25,Canned,2012,OUT049,Tier 1,Medium,Supermarket Type1,0.021240491,15.19999981,216.9824066,4
Low Fat,FDA13,Canned,2012,OUT049,Tier 1,Medium,Supermarket Type1,0.078677081,15.85000038,37.8506012,4
Low Fat,FDX37,Canned,2012,OUT049,Tier 1,Medium,Supermarket Type1,0.063127331,16.20000076,100.4700012,4
Low Fat,FDO38,Canned,2012,OUT049,Tier 1,Medium,Supermarket Type1,0.0729523,17.25,76.09860229,4
Low Fat,FDL26,Canned,2012,OUT049,Tier 1,Medium,Supermarket Type1,0.073306613,18,155.0971985,4
Low Fat,FDG26,Canned,2012,OUT049,Tier 1,Medium,Supermarket Type1,0.04271616,18.85000038,257.8330078,4
Low Fat,FDA38,Dairy,2012,OUT049,Tier 1,Medium,Supermarket Type1,0.025519533,5.440000057,238.7537994,4
Low Fat,FDB27,Dairy,2012,OUT049,Tier 1,Medium,Supermarket Type1,0.055476237,7.574999809,196.8768005,4
Low Fat,FDZ27,Dairy,2012,OUT049,Tier 1,Medium,Supermarket Type1,0.017182935,7.934999943,51.23500061,4
Low Fat,FDQ14,Dairy,2012,OUT049,Tier 1,Medium,Supermarket Type1,0.061883353,9.270000458,147.9049988,4
Low Fat,DRG51,Dairy,2012,OUT049,Tier 1,Medium,Supermarket Type1,0.011557563,12.10000038,165.3526001,4
Low Fat,FDW50,Dairy,2012,OUT049,Tier 1,Medium,Supermarket Type1,0.075695552,13.10000038,168.415802,4
Low Fat,FDZ15,Dairy,2012,OUT049,Tier 1,Medium,Supermarket Type1,0.020903192,13.10000038,119.2781982,4
Low Fat,DRJ51,Dairy,2012,OUT049,Tier 1,Medium,Supermarket Type1,0,14.10000038,231.9667969,4
Low Fat,DRG39,Dairy,2012,OUT049,Tier 1,Medium,Supermarket Type1,0.042246576,14.14999962,54.2981987,4
Low Fat,FDC04,Dairy,2012,OUT049,Tier 1,Medium,Supermarket Type1,0.045055587,15.60000038,242.3854065,4
Low Fat,FDV02,Dairy,2012,OUT049,Tier 1,Medium,Supermarket Type1,0.060639761,16.75,173.0106049,4
Low Fat,FDB52,Dairy,2012,OUT049,Tier 1,Medium,Supermarket Type1,0.03048292,17.75,257.2672119,4
Low Fat,FDV38,Dairy,2012,OUT049,Tier 1,Medium,Supermarket Type1,0.101932079,19.25,54.59560013,4
Low Fat,FDK51,Dairy,2012,OUT049,Tier 1,Medium,Supermarket Type1,0.005243282,19.85000038,266.188385,4
Low Fat,FDO28,Frozen Foods,2012,OUT049,Tier 1,Medium,Supermarket Type1,0.072410762,5.764999866,122.5098038,4
Low Fat,FDY52,Frozen Foods,2012,OUT049,Tier 1,Medium,Supermarket Type1,0.007359711,6.364999771,60.15359879,4
Low Fat,FDQ04,Frozen Foods,2012,OUT049,Tier 1,Medium,Supermarket Type1,0.084885374,6.400000095,39.27959824,4
Low Fat,FDR04,Frozen Foods,2012,OUT049,Tier 1,Medium,Supermarket Type1,0.022602061,7.074999809,98.10679626,4
Low Fat,FDZ40,Frozen Foods,2012,OUT049,Tier 1,Medium,Supermarket Type1,0.040245224,8.93500042,54.92979813,4
Low Fat,FDJ16,Frozen Foods,2012,OUT049,Tier 1,Medium,Supermarket Type1,0.115064263,9.194999695,58.62459946,4
Low Fat,FDT28,Frozen Foods,2012,OUT049,Tier 1,Medium,Supermarket Type1,0.063664995,13.30000019,151.6708069,4
Low Fat,FDB53,Frozen Foods,2012,OUT049,Tier 1,Medium,Supermarket Type1,0.139669225,13.35000038,147.6392059,4
Low Fat,FDD53,Frozen Foods,2012,OUT049,Tier 1,Medium,Supermarket Type1,0.04429125,16.20000076,43.34540176,4
Low Fat,FDQ52,Frozen Foods,2012,OUT049,Tier 1,Medium,Supermarket Type1,0.119570598,17,249.7433929,4
Low Fat,FDJ04,Frozen Foods,2012,OUT049,Tier 1,Medium,Supermarket Type1,0.124645539,18,117.2124023,4
Low Fat,FDG44,Fruits and Vegetables,2012,OUT049,Tier 1,Medium,Supermarket Type1,0.102349833,6.130000114,55.02980042,4
Low Fat,FDO32,Fruits and Vegetables,2012,OUT049,Tier 1,Medium,Supermarket Type1,0.120731026,6.360000134,46.50600052,4
Low Fat,FDA20,Fruits and Vegetables,2012,OUT049,Tier 1,Medium,Supermarket Type1,0.066724665,6.78000021,187.723999,4
Low Fat,FDA19,Fruits and Vegetables,2012,OUT049,Tier 1,Medium,Supermarket Type1,0.055213209,7.519999981,129.5993958,4
Low Fat,FDW56,Fruits and Vegetables,2012,OUT049,Tier 1,Medium,Supermarket Type1,0.071010515,7.679999828,190.9161987,4
Low Fat,FDZ44,Fruits and Vegetables,2012,OUT049,Tier 1,Medium,Supermarket Type1,0.038789272,8.18500042,115.6808014,4
Low Fat,FDS20,Fruits and Vegetables,2012,OUT049,Tier 1,Medium,Supermarket Type1,0.05395066,8.850000381,182.7292023,4
Low Fat,FDU07,Fruits and Vegetables,2012,OUT049,Tier 1,Medium,Supermarket Type1,0.059940021,11.10000038,149.1365967,4
Low Fat,FDX08,Fruits and Vegetables,2012,OUT049,Tier 1,Medium,Supermarket Type1,0.022639195,12.85000038,179.7317963,4
Low Fat,FDZ56,Fruits and Vegetables,2012,OUT049,Tier 1,Medium,Supermarket Type1,0.025776993,16.25,169.947403,4
Low Fat,FDY55,Fruits and Vegetables,2012,OUT049,Tier 1,Medium,Supermarket Type1,0.08144664,16.75,257.0987854,4
Low Fat,FDL20,Fruits and Vegetables,2012,OUT049,Tier 1,Medium,Supermarket Type1,0.128614202,17.10000038,111.6885986,4
Low Fat,FDB33,Fruits and Vegetables,2012,OUT049,Tier 1,Medium,Supermarket Type1,0.014602837,17.75,158.6262054,4
Low Fat,FDV55,Fruits and Vegetables,2012,OUT049,Tier 1,Medium,Supermarket Type1,0.055159055,17.75,145.6443939,4
Low Fat,FDA44,Fruits and Vegetables,2012,OUT049,Tier 1,Medium,Supermarket Type1,0.053305462,19.70000076,58.19300079,4
Low Fat,DRH11,Hard Drinks,2012,OUT049,Tier 1,Medium,Supermarket Type1,0.075675435,5.980000019,53.3614006,4
Low Fat,DRN11,Hard Drinks,2012,OUT049,Tier 1,Medium,Supermarket Type1,0.163233668,7.849999905,144.6443939,4
Low Fat,DRK47,Hard Drinks,2012,OUT049,Tier 1,Medium,Supermarket Type1,0.064163983,7.90500021,229.9694061,4
Low Fat,DRJ11,Hard Drinks,2012,OUT049,Tier 1,Medium,Supermarket Type1,0.085223444,9.5,189.2872009,4
Low Fat,DRO47,Hard Drinks,2012,OUT049,Tier 1,Medium,Supermarket Type1,0.112399146,10.19499969,111.685997,4
Low Fat,DRJ59,Hard Drinks,2012,OUT049,Tier 1,Medium,Supermarket Type1,0.019402372,11.64999962,38.71640015,4
Low Fat,DRO59,Hard Drinks,2012,OUT049,Tier 1,Medium,Supermarket Type1,0.05423845,11.80000019,75.40119934,4
Low Fat,DRO35,Hard Drinks,2012,OUT049,Tier 1,Medium,Supermarket Type1,0.034624103,13.85000038,115.049202,4
Low Fat,DRI47,Hard Drinks,2012,OUT049,Tier 1,Medium,Supermarket Type1,0.020952705,14.69999981,143.5128021,4
Low Fat,DRI23,Hard Drinks,2012,OUT049,Tier 1,Medium,Supermarket Type1,0.137410253,18.85000038,161.7577972,4
Low Fat,NCM05,Health and Hygiene,2012,OUT049,Tier 1,Medium,Supermarket Type1,0.059940021,6.824999809,262.4226074,4
Low Fat,NCO05,Health and Hygiene,2012,OUT049,Tier 1,Medium,Supermarket Type1,0.046631835,7.269999981,98.43840027,4
Low Fat,NCI29,Health and Hygiene,2012,OUT049,Tier 1,Medium,Supermarket Type1,0.032672264,8.600000381,141.2153931,4
Low Fat,NCB54,Health and Hygiene,2012,OUT049,Tier 1,Medium,Supermarket Type1,0.050130527,8.760000229,128.3336029,4
Low Fat,NCO29,Health and Hygiene,2012,OUT049,Tier 1,Medium,Supermarket Type1,0.03230634,11.14999962,166.3526001,4
Low Fat,NCQ05,Health and Hygiene,2012,OUT049,Tier 1,Medium,Supermarket Type1,0.021639679,11.39500046,150.1708069,4
Low Fat,NCV29,Health and Hygiene,2012,OUT049,Tier 1,Medium,Supermarket Type1,0.022879018,11.80000019,176.0686035,4
Low Fat,NCR53,Health and Hygiene,2012,OUT049,Tier 1,Medium,Supermarket Type1,0.145266354,12.14999962,224.0404053,4
Low Fat,NCN29,Health and Hygiene,2012,OUT049,Tier 1,Medium,Supermarket Type1,0,15.19999981,47.80339813,4
Low Fat,NCO53,Health and Hygiene,2012,OUT049,Tier 1,Medium,Supermarket Type1,0,16.20000076,182.1607971,4
Low Fat,NCM41,Health and Hygiene,2012,OUT049,Tier 1,Medium,Supermarket Type1,0.035711426,16.5,93.61199951,4
Low Fat,NCC54,Health and Hygiene,2012,OUT049,Tier 1,Medium,Supermarket Type1,0.09786284,17.75,239.3195953,4
Low Fat,NCW41,Health and Hygiene,2012,OUT049,Tier 1,Medium,Supermarket Type1,0,18,158.0603943,4
Low Fat,NCY17,Health and Hygiene,2012,OUT049,Tier 1,Medium,Supermarket Type1,0.163349703,18.20000076,45.10860062,4
Low Fat,NCW53,Health and Hygiene,2012,OUT049,Tier 1,Medium,Supermarket Type1,0.030542489,18.35000038,193.1161957,4
Low Fat,NCJ05,Health and Hygiene,2012,OUT049,Tier 1,Medium,Supermarket Type1,0.046159927,18.70000076,152.3681946,4
Low Fat,NCW05,Health and Hygiene,2012,OUT049,Tier 1,Medium,Supermarket Type1,0.148302808,20.25,108.3937988,4
Low Fat,NCA05,Health and Hygiene,2012,OUT049,Tier 1,Medium,Supermarket Type1,0.025169702,20.75,150.4734039,4
Low Fat,NCT42,Household,2012,OUT049,Tier 1,Medium,Supermarket Type1,0.024926012,5.880000114,149.9391937,4
Low Fat,NCS30,Household,2012,OUT049,Tier 1,Medium,Supermarket Type1,0.093170837,5.945000172,127.3651962,4
Low Fat,NCF06,Household,2012,OUT049,Tier 1,Medium,Supermarket Type1,0.020229757,6.235000134,260.8962097,4
Low Fat,NCO26,Household,2012,OUT049,Tier 1,Medium,Supermarket Type1,0.076975115,7.235000134,116.6492004,4
Low Fat,NCM06,Household,2012,OUT049,Tier 1,Medium,Supermarket Type1,0.075845636,7.474999905,156.0655975,4
Low Fat,NCW54,Household,2012,OUT049,Tier 1,Medium,Supermarket Type1,0,7.5,59.25880051,4
Low Fat,NCS42,Household,2012,OUT049,Tier 1,Medium,Supermarket Type1,0.069524392,8.600000381,91.81459808,4
Low Fat,NCU54,Household,2012,OUT049,Tier 1,Medium,Supermarket Type1,0.098775707,8.880000114,208.927002,4
Low Fat,NCT30,Household,2012,OUT049,Tier 1,Medium,Supermarket Type1,0.080417722,9.100000381,48.87179947,4
Low Fat,NCK18,Household,2012,OUT049,Tier 1,Medium,Supermarket Type1,0.006708517,9.600000381,164.6183929,4
Low Fat,NCK54,Household,2012,OUT049,Tier 1,Medium,Supermarket Type1,0.029569276,12.14999962,115.0149994,4
Low Fat,NCR06,Household,2012,OUT049,Tier 1,Medium,Supermarket Type1,0.006775667,12.5,42.91120148,4
Low Fat,NCS18,Household,2012,OUT049,Tier 1,Medium,Supermarket Type1,0.042276748,12.64999962,108.4937973,4
Low Fat,NCD06,Household,2012,OUT049,Tier 1,Medium,Supermarket Type1,0.099479705,13,44.90599823,4
Low Fat,NCQ06,Household,2012,OUT049,Tier 1,Medium,Supermarket Type1,0.041889548,13,255.9013977,4
Low Fat,NCH07,Household,2012,OUT049,Tier 1,Medium,Supermarket Type1,0.092811108,13.14999962,159.7604065,4
Low Fat,NCD55,Household,2012,OUT049,Tier 1,Medium,Supermarket Type1,0.024369007,14,40.24539948,4
Low Fat,NCZ54,Household,2012,OUT049,Tier 1,Medium,Supermarket Type1,0.083488993,14.64999962,161.3551941,4
Low Fat,NCI54,Household,2012,OUT049,Tier 1,Medium,Supermarket Type1,0.033651277,15.19999981,108.9912033,4
Low Fat,NCE30,Household,2012,OUT049,Tier 1,Medium,Supermarket Type1,0.099290162,16,214.0901947,4
Low Fat,NCH55,Household,2012,OUT049,Tier 1,Medium,Supermarket Type1,0.034726221,16.35000038,125.6019974,4
Low Fat,NCH30,Household,2012,OUT049,Tier 1,Medium,Supermarket Type1,0.067258462,17.10000038,115.185997,4
Low Fat,NCL30,Household,2012,OUT049,Tier 1,Medium,Supermarket Type1,0.049016517,18.10000038,128.7335968,4
Low Fat,NCI55,Household,2012,OUT049,Tier 1,Medium,Supermarket Type1,0.012673238,18.60000038,121.5413971,4
Low Fat,NCI42,Household,2012,OUT049,Tier 1,Medium,Supermarket Type1,0.010381661,18.75,207.895401,4
Low Fat,NCQ50,Household,2012,OUT049,Tier 1,Medium,Supermarket Type1,0.034360688,18.75,215.7218018,4
Low Fat,NCC06,Household,2012,OUT049,Tier 1,Medium,Supermarket Type1,0.027028322,19,127.0335999,4
Low Fat,NCZ06,Household,2012,OUT049,Tier 1,Medium,Supermarket Type1,0.094308056,19.60000038,251.8697968,4
Low Fat,NCR50,Household,2012,OUT049,Tier 1,Medium,Supermarket Type1,0.011838464,20.20000076,155.1340027,4
Low Fat,NCP30,Household,2012,OUT049,Tier 1,Medium,Supermarket Type1,0.032819636,20.5,38.98220062,4
Low Fat,NCR30,Household,2012,OUT049,Tier 1,Medium,Supermarket Type1,0.071103349,20.60000038,75.46959686,4
Low Fat,FDA39,Meat,2012,OUT049,Tier 1,Medium,Supermarket Type1,0.012737719,6.320000172,38.5821991,4
Low Fat,FDK27,Meat,2012,OUT049,Tier 1,Medium,Supermarket Type1,0.008960445,11,119.1755981,4
Low Fat,FDG31,Meat,2012,OUT049,Tier 1,Medium,Supermarket Type1,0.03795531,12.14999962,62.88259888,4
Low Fat,FDY51,Meat,2012,OUT049,Tier 1,Medium,Supermarket Type1,0.081260972,12.5,221.7798004,4
Low Fat,FDQ39,Meat,2012,OUT049,Tier 1,Medium,Supermarket Type1,0.081168137,14.80000019,190.5845947,4
Low Fat,NCM07,Others,2012,OUT049,Tier 1,Medium,Supermarket Type1,0.040023968,9.395000458,85.59079742,4
Low Fat,NCQ43,Others,2012,OUT049,Tier 1,Medium,Supermarket Type1,0.11147467,17.75,108.0912018,4
Low Fat,NCJ31,Others,2012,OUT049,Tier 1,Medium,Supermarket Type1,0.182937756,19.20000076,243.0196075,4
Low Fat,FDH09,Seafood,2012,OUT049,Tier 1,Medium,Supermarket Type1,0.05616476,12.60000038,51.89820099,4
Low Fat,FDD46,Snack Foods,2012,OUT049,Tier 1,Medium,Supermarket Type1,0.141475618,6.034999847,155.0997925,4
Low Fat,FDX21,Snack Foods,2012,OUT049,Tier 1,Medium,Supermarket Type1,0.085098118,7.050000191,108.2911987,4
Low Fat,FDQ57,Snack Foods,2012,OUT049,Tier 1,Medium,Supermarket Type1,0.027991094,7.275000095,145.9759979,4
Low Fat,FDT58,Snack Foods,2012,OUT049,Tier 1,Medium,Supermarket Type1,0.086088352,9,168.781601,4
Low Fat,FDY58,Snack Foods,2012,OUT049,Tier 1,Medium,Supermarket Type1,0.039980642,11.64999962,227.3694,4
Low Fat,FDH58,Snack Foods,2012,OUT049,Tier 1,Medium,Supermarket Type1,0.036997102,12.30000019,115.9833984,4
Low Fat,FDQ33,Snack Foods,2012,OUT049,Tier 1,Medium,Supermarket Type1,0.091348961,13.35000038,150.3708038,4
Low Fat,FDA21,Snack Foods,2012,OUT049,Tier 1,Medium,Supermarket Type1,0.036016621,13.64999962,186.392395,4
Low Fat,FDJ09,Snack Foods,2012,OUT049,Tier 1,Medium,Supermarket Type1,0.058485616,15,44.7743988,4
Low Fat,FDT57,Snack Foods,2012,OUT049,Tier 1,Medium,Supermarket Type1,0.019064376,15.19999981,238.2247925,4
Low Fat,FDX45,Snack Foods,2012,OUT049,Tier 1,Medium,Supermarket Type1,0.105018817,16.75,155.2630005,4
Low Fat,FDL22,Snack Foods,2012,OUT049,Tier 1,Medium,Supermarket Type1,0.03644675,16.85000038,90.34880066,4
Low Fat,FDR10,Snack Foods,2012,OUT049,Tier 1,Medium,Supermarket Type1,0.010055503,17.60000038,163.7552032,4
Low Fat,FDY10,Snack Foods,2012,OUT049,Tier 1,Medium,Supermarket Type1,0.049144164,17.60000038,112.717598,4
Low Fat,FDZ09,Snack Foods,2012,OUT049,Tier 1,Medium,Supermarket Type1,0.105042025,17.60000038,163.886795,4
Low Fat,FDZ58,Snack Foods,2012,OUT049,Tier 1,Medium,Supermarket Type1,0.052257981,17.85000038,121.8071976,4
Low Fat,FDW45,Snack Foods,2012,OUT049,Tier 1,Medium,Supermarket Type1,0.039071642,18,145.3417969,4
Low Fat,FDV46,Snack Foods,2012,OUT049,Tier 1,Medium,Supermarket Type1,0.012627478,18.20000076,140.8179932,4
Low Fat,FDN57,Snack Foods,2012,OUT049,Tier 1,Medium,Supermarket Type1,0.054318517,18.25,140.9154053,4
Low Fat,FDR09,Snack Foods,2012,OUT049,Tier 1,Medium,Supermarket Type1,0.077845439,18.25,260.5961914,4
Low Fat,FDN21,Snack Foods,2012,OUT049,Tier 1,Medium,Supermarket Type1,0.076975115,18.60000038,161.8235931,4
Low Fat,FDP09,Snack Foods,2012,OUT049,Tier 1,Medium,Supermarket Type1,0.033942547,19.75,213.5901947,4
Low Fat,FDV58,Snack Foods,2012,OUT049,Tier 1,Medium,Supermarket Type1,0.121438883,20.85000038,196.1452026,4
Low Fat,FDH10,Snack Foods,2012,OUT049,Tier 1,Medium,Supermarket Type1,0.049381666,21,193.0478058,4
Low Fat,DRG48,Soft Drinks,2012,OUT049,Tier 1,Medium,Supermarket Type1,0.014577695,5.78000021,147.2102051,4
Low Fat,DRD25,Soft Drinks,2012,OUT049,Tier 1,Medium,Supermarket Type1,0.079094835,6.135000229,114.3860016,4
Low Fat,DRE13,Soft Drinks,2012,OUT049,Tier 1,Medium,Supermarket Type1,0.027748177,6.28000021,86.51979828,4
Low Fat,DRB24,Soft Drinks,2012,OUT049,Tier 1,Medium,Supermarket Type1,0.020609219,8.784999847,155.1656036,4
Low Fat,DRN37,Soft Drinks,2012,OUT049,Tier 1,Medium,Supermarket Type1,0,9.600000381,166.5157928,4
Low Fat,DRJ24,Soft Drinks,2012,OUT049,Tier 1,Medium,Supermarket Type1,0.113505423,11.80000019,186.892395,4
Low Fat,DRK13,Soft Drinks,2012,OUT049,Tier 1,Medium,Supermarket Type1,0.115346633,11.80000019,200.2084045,4
Low Fat,DRF13,Soft Drinks,2012,OUT049,Tier 1,Medium,Supermarket Type1,0.029827666,12.10000038,144.3444061,4
Low Fat,DRH37,Soft Drinks,2012,OUT049,Tier 1,Medium,Supermarket Type1,0.041681059,17.60000038,164.252594,4
Low Fat,DRC12,Soft Drinks,2012,OUT049,Tier 1,Medium,Supermarket Type1,0.037885685,17.85000038,190.4187927,4
Low Fat,DRI25,Soft Drinks,2012,OUT049,Tier 1,Medium,Supermarket Type1,0.033954151,19.60000038,56.46139908,4
Low Fat,DRE49,Soft Drinks,2012,OUT049,Tier 1,Medium,Supermarket Type1,0.02128304,20.75,153.5023956,4
Low Fat,FDA34,Starchy Foods,2012,OUT049,Tier 1,Medium,Supermarket Type1,0.014883661,11.5,174.5079956,4
Low Fat,FDI35,Starchy Foods,2012,OUT049,Tier 1,Medium,Supermarket Type1,0.041355368,14,182.0634003,4
Regular,FDE36,Baking Goods,2012,OUT049,Tier 1,Medium,Supermarket Type1,0.041837331,5.260000229,161.886795,4
Regular,FDZ59,Baking Goods,2012,OUT049,Tier 1,Medium,Supermarket Type1,0.104183309,6.630000114,166.1499939,4
Regular,FDY11,Baking Goods,2012,OUT049,Tier 1,Medium,Supermarket Type1,0.029606409,6.710000038,65.41419983,4
Regular,FDQ36,Baking Goods,2012,OUT049,Tier 1,Medium,Supermarket Type1,0.161798611,7.855000019,37.28480148,4
Regular,FDS36,Baking Goods,2012,OUT049,Tier 1,Medium,Supermarket Type1,0.046960238,8.380000114,111.8570023,4
Regular,FDP12,Baking Goods,2012,OUT049,Tier 1,Medium,Supermarket Type1,0.045337185,9.800000191,36.88740158,4
Regular,FDM60,Baking Goods,2012,OUT049,Tier 1,Medium,Supermarket Type1,0.048218142,10.80000019,42.21379852,4
Regular,FDM36,Baking Goods,2012,OUT049,Tier 1,Medium,Supermarket Type1,0.058822144,11.64999962,173.5422058,4
Regular,FDL48,Baking Goods,2012,OUT049,Tier 1,Medium,Supermarket Type1,0.082394324,19.35000038,48.5033989,4
Regular,FDX47,Breads,2012,OUT049,Tier 1,Medium,Supermarket Type1,0.034658145,6.550000191,155.8287964,4
Regular,FDY47,Breads,2012,OUT049,Tier 1,Medium,Supermarket Type1,0,8.600000381,131.5310059,4
Regular,FDO49,Breakfast,2012,OUT049,Tier 1,Medium,Supermarket Type1,0.033103555,10.60000038,48.9007988,4
Regular,FDN49,Breakfast,2012,OUT049,Tier 1,Medium,Supermarket Type1,0.125419155,17.25,40.04800034,4
Regular,FDQ25,Canned,2012,OUT049,Tier 1,Medium,Supermarket Type1,0.028320655,8.630000114,172.5422058,4
Regular,FDG38,Canned,2012,OUT049,Tier 1,Medium,Supermarket Type1,0.05281112,8.975000381,86.62239838,4
Regular,FDL50,Canned,2012,OUT049,Tier 1,Medium,Supermarket Type1,0.042378865,12.14999962,125.4046021,4
Regular,FDI38,Canned,2012,OUT049,Tier 1,Medium,Supermarket Type1,0.014649641,13.35000038,207.3638,4
Regular,FDC14,Canned,2012,OUT049,Tier 1,Medium,Supermarket Type1,0.041313201,14.5,42.04539871,4
Regular,FDU50,Dairy,2012,OUT049,Tier 1,Medium,Supermarket Type1,0.075287081,5.75,115.3175964,4
Regular,FDJ15,Dairy,2012,OUT049,Tier 1,Medium,Supermarket Type1,0.023358738,11.35000038,184.4608002,4
Regular,FDC16,Dairy,2012,OUT049,Tier 1,Medium,Supermarket Type1,0.02060179,11.5,86.05400085,4
Regular,FDQ26,Dairy,2012,OUT049,Tier 1,Medium,Supermarket Type1,0,13.5,57.85620117,4
Regular,FDY38,Dairy,2012,OUT049,Tier 1,Medium,Supermarket Type1,0.119361721,13.60000038,231.6300049,4
Regular,FDC40,Dairy,2012,OUT049,Tier 1,Medium,Supermarket Type1,0.065165043,16,79.39859772,4
Regular,FDB40,Dairy,2012,OUT049,Tier 1,Medium,Supermarket Type1,0.007551607,17.5,145.8101959,4
Regular,FDD52,Dairy,2012,OUT049,Tier 1,Medium,Supermarket Type1,0.183579847,18.25,110.8570023,4
Regular,FDA27,Dairy,2012,OUT049,Tier 1,Medium,Supermarket Type1,0.030975716,20.35000038,253.9671936,4
Regular,FDR16,Frozen Foods,2012,OUT049,Tier 1,Medium,Supermarket Type1,0.105181277,5.84499979,214.4217987,4
Regular,FDG17,Frozen Foods,2012,OUT049,Tier 1,Medium,Supermarket Type1,0.035895932,6.864999771,244.4485931,4
Regular,FDR40,Frozen Foods,2012,OUT049,Tier 1,Medium,Supermarket Type1,0.008046878,9.100000381,78.76180267,4
Regular,FDT52,Frozen Foods,2012,OUT049,Tier 1,Medium,Supermarket Type1,0.047503319,9.694999695,244.6143951,4
Regular,FDT16,Frozen Foods,2012,OUT049,Tier 1,Medium,Supermarket Type1,0.048738014,9.895000458,262.1278076,4
Regular,FDG05,Frozen Foods,2012,OUT049,Tier 1,Medium,Supermarket Type1,0,11,155.2630005,4
Regular,FDP28,Frozen Foods,2012,OUT049,Tier 1,Medium,Supermarket Type1,0.080765851,13.64999962,262.8935852,4
Regular,FDH17,Frozen Foods,2012,OUT049,Tier 1,Medium,Supermarket Type1,0.016679231,16.20000076,96.37259674,4
Regular,FDV52,Frozen Foods,2012,OUT049,Tier 1,Medium,Supermarket Type1,0.121709652,20.70000076,119.7465973,4
Regular,FDF53,Frozen Foods,2012,OUT049,Tier 1,Medium,Supermarket Type1,0.083736554,20.75,178.7317963,4
Regular,FDN56,Fruits and Vegetables,2012,OUT049,Tier 1,Medium,Supermarket Type1,0.10722363,5.460000038,144.8786011,4
Regular,FDF44,Fruits and Vegetables,2012,OUT049,Tier 1,Medium,Supermarket Type1,0.059820883,7.170000076,130.3968048,4
Regular,FDH56,Fruits and Vegetables,2012,OUT049,Tier 1,Medium,Supermarket Type1,0.063916422,9.800000191,117.1492004,4
Regular,FDD21,Fruits and Vegetables,2012,OUT049,Tier 1,Medium,Supermarket Type1,0.030616757,10.30000019,112.717598,4
Regular,FDO20,Fruits and Vegetables,2012,OUT049,Tier 1,Medium,Supermarket Type1,0.152364314,12.85000038,254.0381927,4
Regular,FDS19,Fruits and Vegetables,2012,OUT049,Tier 1,Medium,Supermarket Type1,0.064307101,13.80000019,77.30120087,4
Regular,FDC09,Fruits and Vegetables,2012,OUT049,Tier 1,Medium,Supermarket Type1,0.026342897,15.5,104.1332016,4
Regular,FDR56,Fruits and Vegetables,2012,OUT049,Tier 1,Medium,Supermarket Type1,0.100922503,15.5,199.0767975,4
Regular,FDW07,Fruits and Vegetables,2012,OUT049,Tier 1,Medium,Supermarket Type1,0.142910689,18,89.65139771,4
Regular,FDF45,Fruits and Vegetables,2012,OUT049,Tier 1,Medium,Supermarket Type1,0.012223687,18.20000076,57.19039917,4
Regular,FDI08,Fruits and Vegetables,2012,OUT049,Tier 1,Medium,Supermarket Type1,0.066400126,18.20000076,250.1092072,4
Regular,FDC08,Fruits and Vegetables,2012,OUT049,Tier 1,Medium,Supermarket Type1,0.103610829,19,228.371994,4
Regular,FDX07,Fruits and Vegetables,2012,OUT049,Tier 1,Medium,Supermarket Type1,0.022954443,19.20000076,184.4949951,4
Regular,FDP08,Fruits and Vegetables,2012,OUT049,Tier 1,Medium,Supermarket Type1,0.112584814,20.5,192.0478058,4
Regular,FDY39,Meat,2012,OUT049,Tier 1,Medium,Supermarket Type1,0.047101811,5.304999828,181.8607941,4
Regular,FDO39,Meat,2012,OUT049,Tier 1,Medium,Supermarket Type1,0.137580454,6.985000134,182.8607941,4
Regular,FDM51,Meat,2012,OUT049,Tier 1,Medium,Supermarket Type1,0.025966531,11.80000019,102.2674026,4
Regular,FDH31,Meat,2012,OUT049,Tier 1,Medium,Supermarket Type1,0.020442888,12,98.0042038,4
Regular,FDI07,Meat,2012,OUT049,Tier 1,Medium,Supermarket Type1,0.03381335,12.35000038,198.1425934,4
Regular,FDX03,Meat,2012,OUT049,Tier 1,Medium,Supermarket Type1,0.061190963,15.85000038,47.17440033,4
Regular,FDJ27,Meat,2012,OUT049,Tier 1,Medium,Supermarket Type1,0.122065514,17.70000076,103.3674011,4
Regular,FDU27,Meat,2012,OUT049,Tier 1,Medium,Supermarket Type1,0.171743482,18.60000038,48.83760071,4
Regular,FDN33,Snack Foods,2012,OUT049,Tier 1,Medium,Supermarket Type1,0.123307176,6.304999828,93.54360199,4
Regular,FDH46,Snack Foods,2012,OUT049,Tier 1,Medium,Supermarket Type1,0.041346468,6.934999943,103.1332016,4
Regular,FDG46,Snack Foods,2012,OUT049,Tier 1,Medium,Supermarket Type1,0.032960825,8.630000114,115.0518036,4
Regular,FDX33,Snack Foods,2012,OUT049,Tier 1,Medium,Supermarket Type1,0.117667489,9.194999695,159.5578003,4
Regular,FDS58,Snack Foods,2012,OUT049,Tier 1,Medium,Supermarket Type1,0.021039274,9.284999847,160.0578003,4
Regular,FDU10,Snack Foods,2012,OUT049,Tier 1,Medium,Supermarket Type1,0.04576306,10.10000038,38.48479843,4
Regular,FDB46,Snack Foods,2012,OUT049,Tier 1,Medium,Supermarket Type1,0.093909644,10.5,213.7243958,4
Regular,FDU21,Snack Foods,2012,OUT049,Tier 1,Medium,Supermarket Type1,0.076839738,11.80000019,34.9557991,4
Regular,FDO09,Snack Foods,2012,OUT049,Tier 1,Medium,Supermarket Type1,0.125469446,13.5,264.4909973,4
Regular,FDW09,Snack Foods,2012,OUT049,Tier 1,Medium,Supermarket Type1,0.025961116,13.64999962,80.43019867,4
Regular,FDP22,Snack Foods,2012,OUT049,Tier 1,Medium,Supermarket Type1,0.099286295,14.64999962,49.86660004,4
Regular,FDL57,Snack Foods,2012,OUT049,Tier 1,Medium,Supermarket Type1,0.067181095,15.10000038,258.8304138,4
Regular,FDL09,Snack Foods,2012,OUT049,Tier 1,Medium,Supermarket Type1,0.128235132,19.60000038,169.281601,4
Regular,DRD01,Soft Drinks,2012,OUT049,Tier 1,Medium,Supermarket Type1,0.061270647,12.10000038,53.26139832,4
Regular,DRB48,Soft Drinks,2012,OUT049,Tier 1,Medium,Supermarket Type1,0.024892129,16.75,37.88219833,4
Regular,DRA24,Soft Drinks,2012,OUT049,Tier 1,Medium,Supermarket Type1,0.039990313,19.35000038,165.0868073,4
Regular,FDE35,Starchy Foods,2012,OUT049,Tier 1,Medium,Supermarket Type1,0.043968651,7.059999943,57.69039917,4
Regular,FDD23,Starchy Foods,2012,OUT049,Tier 1,Medium,Supermarket Type1,0.048761223,9.5,186.589798,4
Regular,FDH47,Starchy Foods,2012,OUT049,Tier 1,Medium,Supermarket Type1,0.129016489,13.5,98.40679932,4
Low Fat,FDW11,Breads,2012,OUT049,Tier 1,Medium,Supermarket Type1,0.048857924,12.60000038,61.01940155,4
Low Fat,DRH59,Hard Drinks,2012,OUT049,Tier 1,Medium,Supermarket Type1,0,10.80000019,72.33799744,4
Low Fat,NCA30,Household,2012,OUT049,Tier 1,Medium,Supermarket Type1,0.129534811,19,190.1871948,4
Regular,FDW12,Baking Goods,2012,OUT049,Tier 1,Medium,Supermarket Type1,0.035627488,8.31499958,146.6443939,4
Regular,FDS24,Baking Goods,2012,OUT049,Tier 1,Medium,Supermarket Type1,0.062321223,20.85000038,87.25140381,4
Regular,FDT23,Breads,2012,OUT049,Tier 1,Medium,Supermarket Type1,0.074847668,7.71999979,78.89859772,4
Regular,FDA52,Frozen Foods,2012,OUT049,Tier 1,Medium,Supermarket Type1,0.128621936,16.20000076,175.5370026,4
Regular,FDT07,Fruits and Vegetables,2012,OUT049,Tier 1,Medium,Supermarket Type1,0,5.820000172,256.6329956,4
Regular,FDT39,Meat,2012,OUT049,Tier 1,Medium,Supermarket Type1,0.009883257,6.260000229,149.8365936,4
Regular,FDI34,Snack Foods,2012,OUT049,Tier 1,Medium,Supermarket Type1,0.085268319,10.64999962,229.7667999,4
Low Fat,FDM44,Fruits and Vegetables,1998,OUT019,Tier 1,Small,Grocery Store,0.05436397,12.85764534,105.098999,4
Low Fat,FDY55,Fruits and Vegetables,1998,OUT019,Tier 1,Small,Grocery Store,0,12.85764534,258.3988037,4
Low Fat,NCI54,Household,1998,OUT019,Tier 1,Small,Grocery Store,0.058827583,12.85764534,110.4912033,4
Low Fat,NCX30,Household,1998,OUT019,Tier 1,Small,Grocery Store,0.046609282,12.85764534,248.677597,4
Low Fat,FDQ34,Snack Foods,1998,OUT019,Tier 1,Small,Grocery Store,0.284065872,12.85764534,105.5622025,4
Low Fat,DRK49,Soft Drinks,1998,OUT019,Tier 1,Small,Grocery Store,0,12.85764534,40.51380157,4
Low Fat,FDA36,Baking Goods,1998,OUT019,Tier 1,Small,Grocery Store,0.009921107,12.85764534,183.6923981,4
Low Fat,FDC48,Baking Goods,1998,OUT019,Tier 1,Small,Grocery Store,0.027767576,12.85764534,82.15920258,4
Low Fat,FDH12,Baking Goods,1998,OUT019,Tier 1,Small,Grocery Store,0.148742899,12.85764534,107.1279984,4
Low Fat,FDH48,Baking Goods,1998,OUT019,Tier 1,Small,Grocery Store,0.105893299,12.85764534,86.2539978,4
Low Fat,FDI24,Baking Goods,1998,OUT019,Tier 1,Small,Grocery Store,0.137870237,12.85764534,175.0370026,4
Low Fat,FDS48,Baking Goods,1998,OUT019,Tier 1,Small,Grocery Store,0.048637889,12.85764534,149.7707977,4
Low Fat,FDY36,Baking Goods,1998,OUT019,Tier 1,Small,Grocery Store,0.016476618,12.85764534,74.33799744,4
Low Fat,FDO23,Breads,1998,OUT019,Tier 1,Small,Grocery Store,0.256375402,12.85764534,94.84359741,4
Low Fat,FDP11,Breads,1998,OUT019,Tier 1,Small,Grocery Store,0.120986141,12.85764534,216.1165924,4
Low Fat,FDV47,Breads,1998,OUT019,Tier 1,Small,Grocery Store,0.09491042,12.85764534,84.55660248,4
Low Fat,FDW47,Breads,1998,OUT019,Tier 1,Small,Grocery Store,0.081197038,12.85764534,121.7414017,4
Low Fat,FDW59,Breads,1998,OUT019,Tier 1,Small,Grocery Store,0.03627089,12.85764534,85.95659637,4
Low Fat,FDN01,Breakfast,1998,OUT019,Tier 1,Small,Grocery Store,0.126760915,12.85764534,176.9369965,4
Low Fat,FDP37,Breakfast,1998,OUT019,Tier 1,Small,Grocery Store,0.250560045,12.85764534,126.9993973,4
Low Fat,FDA49,Canned,1998,OUT019,Tier 1,Small,Grocery Store,0.113669626,12.85764534,89.01979828,4
Low Fat,FDT13,Canned,1998,OUT019,Tier 1,Small,Grocery Store,0.032516547,12.85764534,188.8213959,4
Low Fat,DRD27,Dairy,1998,OUT019,Tier 1,Small,Grocery Store,0.041740622,12.85764534,98.30419922,4
Low Fat,DRH15,Dairy,1998,OUT019,Tier 1,Small,Grocery Store,0.19244045,12.85764534,43.94279861,4
Low Fat,FDB39,Dairy,1998,OUT019,Tier 1,Small,Grocery Store,0.067441724,12.85764534,57.42720032,4
Low Fat,FDD04,Dairy,1998,OUT019,Tier 1,Small,Grocery Store,0.157528117,12.85764534,142.9154053,4
Low Fat,FDH27,Dairy,1998,OUT019,Tier 1,Small,Grocery Store,0.102157958,12.85764534,145.0128021,4
Low Fat,FDR14,Dairy,1998,OUT019,Tier 1,Small,Grocery Store,0.304737389,12.85764534,54.72980118,4
Low Fat,FDV38,Dairy,1998,OUT019,Tier 1,Small,Grocery Store,0.178192869,12.85764534,54.99560165,4
Low Fat,FDZ38,Dairy,1998,OUT019,Tier 1,Small,Grocery Store,0.014008751,12.85764534,171.3421936,4
Low Fat,FDB17,Frozen Foods,1998,OUT019,Tier 1,Small,Grocery Store,0.064208128,12.85764534,180.1976013,4
Low Fat,FDD16,Frozen Foods,1998,OUT019,Tier 1,Small,Grocery Store,0.06364958,12.85764534,74.76959991,4
Low Fat,FDD53,Frozen Foods,1998,OUT019,Tier 1,Small,Grocery Store,0.077427886,12.85764534,41.84540176,4
Low Fat,FDE16,Frozen Foods,1998,OUT019,Tier 1,Small,Grocery Store,0.046124443,12.85764534,206.7953949,4
Low Fat,FDG04,Frozen Foods,1998,OUT019,Tier 1,Small,Grocery Store,0.010615026,12.85764534,185.1898041,4
Low Fat,FDS40,Frozen Foods,1998,OUT019,Tier 1,Small,Grocery Store,0.024546148,12.85764534,34.61899948,4
Low Fat,FDT40,Frozen Foods,1998,OUT019,Tier 1,Small,Grocery Store,0.16772525,12.85764534,128.3677979,4
Low Fat,FDU52,Frozen Foods,1998,OUT019,Tier 1,Small,Grocery Store,0.111654542,12.85764534,157.0630035,4
Low Fat,FDB32,Fruits and Vegetables,1998,OUT019,Tier 1,Small,Grocery Store,0.04106307,12.85764534,93.57779694,4
Low Fat,FDB45,Fruits and Vegetables,1998,OUT019,Tier 1,Small,Grocery Store,0.037345715,12.85764534,106.5306015,4
Low Fat,FDC32,Fruits and Vegetables,1998,OUT019,Tier 1,Small,Grocery Store,0.173527062,12.85764534,92.04620361,4
Low Fat,FDE08,Fruits and Vegetables,1998,OUT019,Tier 1,Small,Grocery Store,0.0863524,12.85764534,149.8733978,4
Low Fat,FDG44,Fruits and Vegetables,1998,OUT019,Tier 1,Small,Grocery Store,0.17892316,12.85764534,55.72980118,4
Low Fat,FDJ56,Fruits and Vegetables,1998,OUT019,Tier 1,Small,Grocery Store,0.321115017,12.85764534,100.7699966,4
Low Fat,FDX08,Fruits and Vegetables,1998,OUT019,Tier 1,Small,Grocery Store,0.039576776,12.85764534,179.9317932,4
Low Fat,FDX20,Fruits and Vegetables,1998,OUT019,Tier 1,Small,Grocery Store,0.074517511,12.85764534,227.371994,4
Low Fat,FDX55,Fruits and Vegetables,1998,OUT019,Tier 1,Small,Grocery Store,0.096658401,12.85764534,216.9165955,4
Low Fat,DRO59,Hard Drinks,1998,OUT019,Tier 1,Small,Grocery Store,0.094817102,12.85764534,77.90119934,4
Low Fat,DRP35,Hard Drinks,1998,OUT019,Tier 1,Small,Grocery Store,0.159096912,12.85764534,129.3336029,4
Low Fat,NCQ05,Health and Hygiene,1998,OUT019,Tier 1,Small,Grocery Store,0.03782947,12.85764534,151.0708008,4
Low Fat,NCT29,Health and Hygiene,1998,OUT019,Tier 1,Small,Grocery Store,0.112249605,12.85764534,123.3414001,4
Low Fat,NCV29,Health and Hygiene,1998,OUT019,Tier 1,Small,Grocery Store,0.03999602,12.85764534,176.7686005,4
Low Fat,NCD43,Household,1998,OUT019,Tier 1,Small,Grocery Store,0.028048877,12.85764534,106.1964035,4
Low Fat,NCE30,Household,1998,OUT019,Tier 1,Small,Grocery Store,0.173574403,12.85764534,214.0901947,4
Low Fat,NCF42,Household,1998,OUT019,Tier 1,Small,Grocery Store,0.293066144,12.85764534,177.0711975,4
Low Fat,NCH43,Household,1998,OUT019,Tier 1,Small,Grocery Store,0.123557061,12.85764534,216.6192017,4
Low Fat,NCH54,Household,1998,OUT019,Tier 1,Small,Grocery Store,0.12723425,12.85764534,158.3919983,4
Low Fat,NCH55,Household,1998,OUT019,Tier 1,Small,Grocery Store,0.06070675,12.85764534,127.5019989,4
Low Fat,NCJ06,Household,1998,OUT019,Tier 1,Small,Grocery Store,0.060672265,12.85764534,119.8781967,4
Low Fat,NCJ42,Household,1998,OUT019,Tier 1,Small,Grocery Store,0.025039775,12.85764534,102.7332001,4
Low Fat,NCM30,Household,1998,OUT019,Tier 1,Small,Grocery Store,0.117825568,12.85764534,43.27959824,4
Low Fat,NCR30,Household,1998,OUT019,Tier 1,Small,Grocery Store,0.124299534,12.85764534,73.46959686,4
Low Fat,NCS06,Household,1998,OUT019,Tier 1,Small,Grocery Store,0.055566937,12.85764534,263.5910034,4
Low Fat,NCT30,Household,1998,OUT019,Tier 1,Small,Grocery Store,0.140582487,12.85764534,47.17179871,4
Low Fat,NCU18,Household,1998,OUT019,Tier 1,Small,Grocery Store,0.097768731,12.85764534,142.4496002,4
Low Fat,NCX18,Household,1998,OUT019,Tier 1,Small,Grocery Store,0.015397129,12.85764534,194.9109955,4
Low Fat,NCX42,Household,1998,OUT019,Tier 1,Small,Grocery Store,0.010467749,12.85764534,162.9526062,4
Low Fat,NCZ18,Household,1998,OUT019,Tier 1,Small,Grocery Store,0.325780809,12.85764534,252.7698059,4
Low Fat,FDH19,Meat,1998,OUT019,Tier 1,Small,Grocery Store,0.057933643,12.85764534,175.1737976,4
Low Fat,FDP27,Meat,1998,OUT019,Tier 1,Small,Grocery Store,0.209142655,12.85764534,190.9530029,4
Low Fat,FDV39,Meat,1998,OUT019,Tier 1,Small,Grocery Store,0,12.85764534,196.8426056,4
Low Fat,NCL31,Others,1998,OUT019,Tier 1,Small,Grocery Store,0.210596487,12.85764534,144.746994,4
Low Fat,NCQ43,Others,1998,OUT019,Tier 1,Small,Grocery Store,0.194874778,12.85764534,110.2911987,4
Low Fat,FDH21,Seafood,1998,OUT019,Tier 1,Small,Grocery Store,0.054670967,12.85764534,158.6604004,4
Low Fat,FDD58,Snack Foods,1998,OUT019,Tier 1,Small,Grocery Store,0.103918113,12.85764534,100.6699982,4
Low Fat,FDH10,Snack Foods,1998,OUT019,Tier 1,Small,Grocery Store,0.086326703,12.85764534,192.6477966,4
Low Fat,FDN21,Snack Foods,1998,OUT019,Tier 1,Small,Grocery Store,0.134564281,12.85764534,159.8235931,4
Low Fat,FDN57,Snack Foods,1998,OUT019,Tier 1,Small,Grocery Store,0.094957076,12.85764534,143.5153961,4
Low Fat,FDP33,Snack Foods,1998,OUT019,Tier 1,Small,Grocery Store,0.156304196,12.85764534,256.3671875,4
Low Fat,FDP58,Snack Foods,1998,OUT019,Tier 1,Small,Grocery Store,0.23661676,12.85764534,217.6481934,4
Low Fat,FDW34,Snack Foods,1998,OUT019,Tier 1,Small,Grocery Store,0.062294472,12.85764534,242.4170074,4
Low Fat,FDX45,Snack Foods,1998,OUT019,Tier 1,Small,Grocery Store,0.183588967,12.85764534,154.6629944,4
Low Fat,FDZ45,Snack Foods,1998,OUT019,Tier 1,Small,Grocery Store,0.117091216,12.85764534,197.9084015,4
Low Fat,DRC25,Soft Drinks,1998,OUT019,Tier 1,Small,Grocery Store,0.079440258,12.85764534,86.78820038,4
Low Fat,DRD25,Soft Drinks,1998,OUT019,Tier 1,Small,Grocery Store,0.138269871,12.85764534,111.685997,4
Low Fat,DRE37,Soft Drinks,1998,OUT019,Tier 1,Small,Grocery Store,0.164966345,12.85764534,189.4871979,4
Low Fat,DRG01,Soft Drinks,1998,OUT019,Tier 1,Small,Grocery Store,0.078576073,12.85764534,78.46700287,4
Low Fat,DRH36,Soft Drinks,1998,OUT019,Tier 1,Small,Grocery Store,0.058444176,12.85764534,73.06960297,4
Low Fat,DRK37,Soft Drinks,1998,OUT019,Tier 1,Small,Grocery Store,0.077046506,12.85764534,189.4530029,4
Regular,FDC60,Baking Goods,1998,OUT019,Tier 1,Small,Grocery Store,0.2004264,12.85764534,88.85140228,4
Regular,FDQ36,Baking Goods,1998,OUT019,Tier 1,Small,Grocery Store,0,12.85764534,38.18479919,4
Regular,FDQ60,Baking Goods,1998,OUT019,Tier 1,Small,Grocery Store,0.19150053,12.85764534,121.2098007,4
Regular,FDU12,Baking Goods,1998,OUT019,Tier 1,Small,Grocery Store,0.132630348,12.85764534,263.8568115,4
Regular,FDZ59,Baking Goods,1998,OUT019,Tier 1,Small,Grocery Store,0.18212837,12.85764534,165.6499939,4
Regular,FDS11,Breads,1998,OUT019,Tier 1,Small,Grocery Store,0.097275779,12.85764534,223.9087982,4
Regular,FDS59,Breads,1998,OUT019,Tier 1,Small,Grocery Store,0.076851755,12.85764534,111.8570023,4
Regular,FDX35,Breads,1998,OUT019,Tier 1,Small,Grocery Store,0.139913052,12.85764534,227.903595,4
Regular,FDK25,Breakfast,1998,OUT019,Tier 1,Small,Grocery Store,0.27459228,12.85764534,167.8473969,4
Regular,FDP49,Breakfast,1998,OUT019,Tier 1,Small,Grocery Store,0.120965853,12.85764534,55.8614006,4
Regular,FDB14,Canned,1998,OUT019,Tier 1,Small,Grocery Store,0,12.85764534,92.31199646,4
Regular,FDJ02,Canned,1998,OUT019,Tier 1,Small,Grocery Store,0.044063784,12.85764534,147.241806,4
Regular,FDJ14,Canned,1998,OUT019,Tier 1,Small,Grocery Store,0,12.85764534,78.89600372,4
Regular,FDN38,Canned,1998,OUT019,Tier 1,Small,Grocery Store,0.161030844,12.85764534,251.240799,4
Regular,FDY49,Canned,1998,OUT019,Tier 1,Small,Grocery Store,0.021031586,12.85764534,164.718399,4
Regular,FDA26,Dairy,1998,OUT019,Tier 1,Small,Grocery Store,0.129425138,12.85764534,219.3482056,4
Regular,FDU26,Dairy,1998,OUT019,Tier 1,Small,Grocery Store,0.074620292,12.85764534,120.1781998,4
Regular,FDV26,Dairy,1998,OUT019,Tier 1,Small,Grocery Store,0.133347124,12.85764534,193.0794067,4
Regular,FDY02,Dairy,1998,OUT019,Tier 1,Small,Grocery Store,0.153456703,12.85764534,264.0910034,4
Regular,FDH04,Frozen Foods,1998,OUT019,Tier 1,Small,Grocery Store,0.019912606,12.85764534,91.04879761,4
Regular,FDI04,Frozen Foods,1998,OUT019,Tier 1,Small,Grocery Store,0.12766026,12.85764534,198.5426025,4
Regular,FDL28,Frozen Foods,1998,OUT019,Tier 1,Small,Grocery Store,0,12.85764534,230.066803,4
Regular,FDQ40,Frozen Foods,1998,OUT019,Tier 1,Small,Grocery Store,0.063079543,12.85764534,175.7711945,4
Regular,FDR52,Frozen Foods,1998,OUT019,Tier 1,Small,Grocery Store,0.133144259,12.85764534,190.8845978,4
Regular,FDV16,Frozen Foods,1998,OUT019,Tier 1,Small,Grocery Store,0.145200953,12.85764534,35.4557991,4
Regular,FDX52,Frozen Foods,1998,OUT019,Tier 1,Small,Grocery Store,0.073541075,12.85764534,192.2819977,4
Regular,FDA55,Fruits and Vegetables,1998,OUT019,Tier 1,Small,Grocery Store,0.099780433,12.85764534,225.2088013,4
Regular,FDC21,Fruits and Vegetables,1998,OUT019,Tier 1,Small,Grocery Store,0.075215347,12.85764534,108.4253998,4
Regular,FDL32,Fruits and Vegetables,1998,OUT019,Tier 1,Small,Grocery Store,0.214423791,12.85764534,111.6544037,4
Regular,FDN56,Fruits and Vegetables,1998,OUT019,Tier 1,Small,Grocery Store,0.187443316,12.85764534,145.8786011,4
Regular,FDR31,Fruits and Vegetables,1998,OUT019,Tier 1,Small,Grocery Store,0.086077861,12.85764534,143.8101959,4
Regular,FDS44,Fruits and Vegetables,1998,OUT019,Tier 1,Small,Grocery Store,0.27321282,12.85764534,240.9537964,4
Regular,FDU20,Fruits and Vegetables,1998,OUT019,Tier 1,Small,Grocery Store,0.0375694,12.85764534,120.7098007,4
Regular,FDV19,Fruits and Vegetables,1998,OUT019,Tier 1,Small,Grocery Store,0.061730519,12.85764534,159.1578064,4
Regular,FDW32,Fruits and Vegetables,1998,OUT019,Tier 1,Small,Grocery Store,0.165101588,12.85764534,87.78820038,4
Regular,FDX31,Fruits and Vegetables,1998,OUT019,Tier 1,Small,Grocery Store,0,12.85764534,234.7958069,4
Regular,FDY56,Fruits and Vegetables,1998,OUT019,Tier 1,Small,Grocery Store,0.109274313,12.85764534,225.3061981,4
Regular,FDZ07,Fruits and Vegetables,1998,OUT019,Tier 1,Small,Grocery Store,0.164391577,12.85764534,62.81940079,4
Regular,FDM27,Meat,1998,OUT019,Tier 1,Small,Grocery Store,0.277459383,12.85764534,156.3946075,4
Regular,FDO15,Meat,1998,OUT019,Tier 1,Small,Grocery Store,0.014998914,12.85764534,72.40380096,4
Regular,FDP51,Meat,1998,OUT019,Tier 1,Small,Grocery Store,0.149305493,12.85764534,119.6123962,4
Regular,FDQ03,Meat,1998,OUT019,Tier 1,Small,Grocery Store,0.136592895,12.85764534,238.0247955,4
Regular,FDT15,Meat,1998,OUT019,Tier 1,Small,Grocery Store,0.074729837,12.85764534,183.7949982,4
Regular,FDT51,Meat,1998,OUT019,Tier 1,Small,Grocery Store,0.019117393,12.85764534,110.6544037,4
Regular,FDV27,Meat,1998,OUT019,Tier 1,Small,Grocery Store,0.070017383,12.85764534,89.35140228,4
Regular,FDG21,Seafood,1998,OUT019,Tier 1,Small,Grocery Store,0.256152242,12.85764534,151.0050049,4
Regular,FDG33,Seafood,1998,OUT019,Tier 1,Small,Grocery Store,0.245542631,12.85764534,172.2763977,4
Regular,FDJ57,Seafood,1998,OUT019,Tier 1,Small,Grocery Store,0,12.85764534,184.3582001,4
Regular,FDB58,Snack Foods,1998,OUT019,Tier 1,Small,Grocery Store,0.023630571,12.85764534,141.7153931,4
Regular,FDC34,Snack Foods,1998,OUT019,Tier 1,Small,Grocery Store,0.30247888,12.85764534,155.4971924,4
Regular,FDG46,Snack Foods,1998,OUT019,Tier 1,Small,Grocery Store,0.057620563,12.85764534,115.4517975,4
Regular,FDP21,Snack Foods,1998,OUT019,Tier 1,Small,Grocery Store,0.045068894,12.85764534,190.887207,4
Regular,FDU21,Snack Foods,1998,OUT019,Tier 1,Small,Grocery Store,0.13432762,12.85764534,35.05580139,4
Regular,FDY34,Snack Foods,1998,OUT019,Tier 1,Small,Grocery Store,0.019227816,12.85764534,163.9842072,4
Regular,DRA59,Soft Drinks,1998,OUT019,Tier 1,Small,Grocery Store,0.223985299,12.85764534,186.2924042,4
Regular,DRL01,Soft Drinks,1998,OUT019,Tier 1,Small,Grocery Store,0.135118768,12.85764534,232.9958038,4
Regular,FDB23,Starchy Foods,1998,OUT019,Tier 1,Small,Grocery Store,0.00978492,12.85764534,225.9062042,4
Low Fat,FDZ48,Baking Goods,1998,OUT019,Tier 1,Small,Grocery Store,0.132995501,12.85764534,113.5543976,4
Low Fat,FDP25,Canned,1998,OUT019,Tier 1,Small,Grocery Store,0.037131626,12.85764534,216.4824066,4
Low Fat,FDC20,Fruits and Vegetables,1998,OUT019,Tier 1,Small,Grocery Store,0.041970938,12.85764534,55.42720032,4
Low Fat,NCP55,Others,1998,OUT019,Tier 1,Small,Grocery Store,0.019592289,12.85764534,56.96139908,4
Low Fat,FDS13,Canned,2010,OUT046,Tier 1,Small,Supermarket Type1,0.124506116,6.465000153,264.7883911,4
Low Fat,FDX25,Canned,2010,OUT046,Tier 1,Small,Supermarket Type1,0.102055781,16.70000076,184.0292053,4
Low Fat,FDZ38,Dairy,2010,OUT046,Tier 1,Small,Supermarket Type1,0.008001018,17.60000038,170.4421997,4
Low Fat,FDT40,Frozen Foods,2010,OUT046,Tier 1,Small,Supermarket Type1,0.095795326,5.985000134,128.467804,4
Low Fat,FDE29,Frozen Foods,2010,OUT046,Tier 1,Small,Supermarket Type1,0.143129125,8.904999733,58.88779831,4
Low Fat,FDO40,Frozen Foods,2010,OUT046,Tier 1,Small,Supermarket Type1,0.032628112,17.10000038,148.7391968,4
Low Fat,FDD20,Fruits and Vegetables,2010,OUT046,Tier 1,Small,Supermarket Type1,0.020714523,14.14999962,124.2045975,4
Low Fat,FDU56,Fruits and Vegetables,2010,OUT046,Tier 1,Small,Supermarket Type1,0.044414055,16.85000038,182.4266052,4
Low Fat,FDG32,Fruits and Vegetables,2010,OUT046,Tier 1,Small,Supermarket Type1,0.175995529,19.85000038,224.0771942,4
Low Fat,NCM29,Health and Hygiene,2010,OUT046,Tier 1,Small,Supermarket Type1,0.01764223,11.5,131.8625946,4
Low Fat,FDC11,Starchy Foods,2010,OUT046,Tier 1,Small,Supermarket Type1,0.141792834,20.5,89.71720123,4
Low Fat,FDW23,Baking Goods,2010,OUT046,Tier 1,Small,Supermarket Type1,0.082012296,5.764999866,37.51639938,4
Low Fat,FDK36,Baking Goods,2010,OUT046,Tier 1,Small,Supermarket Type1,0.007215314,7.090000153,47.60340118,4
Low Fat,FDF12,Baking Goods,2010,OUT046,Tier 1,Small,Supermarket Type1,0.082427852,8.234999657,149.3076019,4
Low Fat,FDX24,Baking Goods,2010,OUT046,Tier 1,Small,Supermarket Type1,0.013929059,8.354999542,94.14620209,4
Low Fat,FDK24,Baking Goods,2010,OUT046,Tier 1,Small,Supermarket Type1,0.101294942,9.194999695,46.2743988,4
Low Fat,FDT60,Baking Goods,2010,OUT046,Tier 1,Small,Supermarket Type1,0.075548314,12,121.938797,4
Low Fat,FDA48,Baking Goods,2010,OUT046,Tier 1,Small,Supermarket Type1,0.114874057,12.10000038,221.4114075,4
Low Fat,FDY36,Baking Goods,2010,OUT046,Tier 1,Small,Supermarket Type1,0.009410528,12.30000019,73.73799896,4
Low Fat,FDN12,Baking Goods,2010,OUT046,Tier 1,Small,Supermarket Type1,0.081103928,15.60000038,112.3544006,4
Low Fat,FDH24,Baking Goods,2010,OUT046,Tier 1,Small,Supermarket Type1,0.021431133,20.70000076,157.0287933,4
Low Fat,FDU35,Breads,2010,OUT046,Tier 1,Small,Supermarket Type1,0,6.440000057,98.26999664,4
Low Fat,FDX59,Breads,2010,OUT046,Tier 1,Small,Supermarket Type1,0.051661272,10.19499969,33.35580063,4
Low Fat,FDV59,Breads,2010,OUT046,Tier 1,Small,Supermarket Type1,0.048027042,13.35000038,218.9165955,4
Low Fat,FDP11,Breads,2010,OUT046,Tier 1,Small,Supermarket Type1,0.069100551,15.85000038,216.6165924,4
Low Fat,FDO25,Canned,2010,OUT046,Tier 1,Small,Supermarket Type1,0.127449036,6.300000191,210.5269928,4
Low Fat,FDT25,Canned,2010,OUT046,Tier 1,Small,Supermarket Type1,0.050750978,7.5,122.2071991,4
Low Fat,FDR49,Canned,2010,OUT046,Tier 1,Small,Supermarket Type1,0.139228418,8.710000038,49.53760147,4
Low Fat,FDC26,Canned,2010,OUT046,Tier 1,Small,Supermarket Type1,0.126383096,10.19499969,112.1885986,4
Low Fat,FDS01,Canned,2010,OUT046,Tier 1,Small,Supermarket Type1,0.017744999,11.60000038,177.9685974,4
Low Fat,FDY25,Canned,2010,OUT046,Tier 1,Small,Supermarket Type1,0.033974435,12,181.8975983,4
Low Fat,FDB51,Dairy,2010,OUT046,Tier 1,Small,Supermarket Type1,0.038454074,6.920000076,61.58520126,4
Low Fat,DRG27,Dairy,2010,OUT046,Tier 1,Small,Supermarket Type1,0.10511069,8.895000458,41.11380005,4
Low Fat,FDY14,Dairy,2010,OUT046,Tier 1,Small,Supermarket Type1,0.070040196,10.30000019,263.0226135,4
Low Fat,FDR14,Dairy,2010,OUT046,Tier 1,Small,Supermarket Type1,0.174049035,11.64999962,52.92979813,4
Low Fat,FDI15,Dairy,2010,OUT046,Tier 1,Small,Supermarket Type1,0.141352564,13.80000019,264.188385,4
Low Fat,DRG39,Dairy,2010,OUT046,Tier 1,Small,Supermarket Type1,0.042180996,14.14999962,52.09820175,4
Low Fat,FDV50,Dairy,2010,OUT046,Tier 1,Small,Supermarket Type1,0.122571208,14.30000019,122.3730011,4
Low Fat,DRF51,Dairy,2010,OUT046,Tier 1,Small,Supermarket Type1,0.165838227,15.75,36.65060043,4
Low Fat,FDD39,Dairy,2010,OUT046,Tier 1,Small,Supermarket Type1,0.070154898,16.70000076,218.1849976,4
Low Fat,FDS50,Dairy,2010,OUT046,Tier 1,Small,Supermarket Type1,0.055433378,17,221.1114044,4
Low Fat,DRE03,Dairy,2010,OUT046,Tier 1,Small,Supermarket Type1,0.024226902,19.60000038,48.77180099,4
Low Fat,FDX50,Dairy,2010,OUT046,Tier 1,Small,Supermarket Type1,0.074627198,20.10000038,110.3227997,4
Low Fat,DRJ39,Dairy,2010,OUT046,Tier 1,Small,Supermarket Type1,0.036326066,20.25,220.1481934,4
Low Fat,FDO16,Frozen Foods,2010,OUT046,Tier 1,Small,Supermarket Type1,0.015108194,5.480000019,83.72499847,4
Low Fat,FDN40,Frozen Foods,2010,OUT046,Tier 1,Small,Supermarket Type1,0,5.880000114,154.2998047,4
Low Fat,FDF16,Frozen Foods,2010,OUT046,Tier 1,Small,Supermarket Type1,0.08613237,7.300000191,148.8076019,4
Low Fat,FDK04,Frozen Foods,2010,OUT046,Tier 1,Small,Supermarket Type1,0.052312035,7.360000134,58.55879974,4
Low Fat,FDU04,Frozen Foods,2010,OUT046,Tier 1,Small,Supermarket Type1,0,7.929999828,121.8414001,4
Low Fat,FDJ16,Frozen Foods,2010,OUT046,Tier 1,Small,Supermarket Type1,0.114885651,9.194999695,59.62459946,4
Low Fat,FDZ04,Frozen Foods,2010,OUT046,Tier 1,Small,Supermarket Type1,0.037955094,9.31000042,62.15100098,4
Low Fat,FDH16,Frozen Foods,2010,OUT046,Tier 1,Small,Supermarket Type1,0.052555345,10.5,89.68299866,4
Low Fat,FDJ53,Frozen Foods,2010,OUT046,Tier 1,Small,Supermarket Type1,0.071257912,10.5,121.3097992,4
Low Fat,FDD28,Frozen Foods,2010,OUT046,Tier 1,Small,Supermarket Type1,0.053296868,10.69499969,59.69039917,4
Low Fat,FDF41,Frozen Foods,2010,OUT046,Tier 1,Small,Supermarket Type1,0.13117981,12.14999962,245.2460022,4
Low Fat,FDX40,Frozen Foods,2010,OUT046,Tier 1,Small,Supermarket Type1,0.098993137,12.85000038,39.31639862,4
Low Fat,FDB17,Frozen Foods,2010,OUT046,Tier 1,Small,Supermarket Type1,0.036672108,13.14999962,182.5975952,4
Low Fat,FDP04,Frozen Foods,2010,OUT046,Tier 1,Small,Supermarket Type1,0.013812772,15.35000038,64.71679688,4
Low Fat,FDC41,Frozen Foods,2010,OUT046,Tier 1,Small,Supermarket Type1,0.116913244,15.60000038,78.16699982,4
Low Fat,FDM28,Frozen Foods,2010,OUT046,Tier 1,Small,Supermarket Type1,0.045203853,15.69999981,180.2660065,4
Low Fat,FDV40,Frozen Foods,2010,OUT046,Tier 1,Small,Supermarket Type1,0.014691784,17.35000038,74.10379791,4
Low Fat,FDZ52,Frozen Foods,2010,OUT046,Tier 1,Small,Supermarket Type1,0.100074522,19.20000076,110.2885971,4
Low Fat,FDU40,Frozen Foods,2010,OUT046,Tier 1,Small,Supermarket Type1,0.037403975,20.85000038,192.5478058,4
Low Fat,FDS08,Fruits and Vegetables,2010,OUT046,Tier 1,Small,Supermarket Type1,0.05696122,5.735000134,176.3370056,4
Low Fat,FDZ55,Fruits and Vegetables,2010,OUT046,Tier 1,Small,Supermarket Type1,0.025408702,6.054999828,160.8919983,4
Low Fat,FDB44,Fruits and Vegetables,2010,OUT046,Tier 1,Small,Supermarket Type1,0.016958833,6.65500021,210.0585938,4
Low Fat,FDI56,Fruits and Vegetables,2010,OUT046,Tier 1,Small,Supermarket Type1,0.093385383,7.324999809,91.31459808,4
Low Fat,FDA19,Fruits and Vegetables,2010,OUT046,Tier 1,Small,Supermarket Type1,0.055127498,7.519999981,128.2993927,4
Low Fat,FDW56,Fruits and Vegetables,2010,OUT046,Tier 1,Small,Supermarket Type1,0.070900284,7.679999828,192.6161957,4
Low Fat,FDU32,Fruits and Vegetables,2010,OUT046,Tier 1,Small,Supermarket Type1,0.025967624,8.784999847,119.9413986,4
Low Fat,FDU07,Fruits and Vegetables,2010,OUT046,Tier 1,Small,Supermarket Type1,0.059846975,11.10000038,150.1365967,4
Low Fat,FDS07,Fruits and Vegetables,2010,OUT046,Tier 1,Small,Supermarket Type1,0.099757835,12.35000038,113.9517975,4
Low Fat,FDF20,Fruits and Vegetables,2010,OUT046,Tier 1,Small,Supermarket Type1,0.033220168,12.85000038,196.6768036,4
Low Fat,FDA32,Fruits and Vegetables,2010,OUT046,Tier 1,Small,Supermarket Type1,0.030094191,14,215.7191925,4
Low Fat,FDE44,Fruits and Vegetables,2010,OUT046,Tier 1,Small,Supermarket Type1,0.171388045,14.64999962,50.76919937,4
Low Fat,FDB09,Fruits and Vegetables,2010,OUT046,Tier 1,Small,Supermarket Type1,0.057396092,16.25,125.8046036,4
Low Fat,FDP07,Fruits and Vegetables,2010,OUT046,Tier 1,Small,Supermarket Type1,0.089901775,18.20000076,197.5110016,4
Low Fat,FDR43,Fruits and Vegetables,2010,OUT046,Tier 1,Small,Supermarket Type1,0.161489502,18.20000076,37.61899948,4
Low Fat,FDP20,Fruits and Vegetables,2010,OUT046,Tier 1,Small,Supermarket Type1,0.045669235,19.85000038,126.4020004,4
Low Fat,FDQ44,Fruits and Vegetables,2010,OUT046,Tier 1,Small,Supermarket Type1,0.036140297,20.5,120.0755997,4
Low Fat,FDE32,Fruits and Vegetables,2010,OUT046,Tier 1,Small,Supermarket Type1,0.048758909,20.70000076,37.3506012,4
Low Fat,DRK47,Hard Drinks,2010,OUT046,Tier 1,Small,Supermarket Type1,0.064064384,7.90500021,229.2693939,4
Low Fat,DRG23,Hard Drinks,2010,OUT046,Tier 1,Small,Supermarket Type1,0.086781204,8.880000114,152.2682037,4
Low Fat,DRJ35,Hard Drinks,2010,OUT046,Tier 1,Small,Supermarket Type1,0.04658455,10.10000038,61.28779984,4
Low Fat,DRO47,Hard Drinks,2010,OUT046,Tier 1,Small,Supermarket Type1,0,10.19499969,114.0859985,4
Low Fat,DRP47,Hard Drinks,2010,OUT046,Tier 1,Small,Supermarket Type1,0.140603319,15.75,252.8381958,4
Low Fat,DRL47,Hard Drinks,2010,OUT046,Tier 1,Small,Supermarket Type1,0.038736779,19.70000076,127.436203,4
Low Fat,NCM05,Health and Hygiene,2010,OUT046,Tier 1,Small,Supermarket Type1,0.059846975,6.824999809,262.5226135,4
Low Fat,NCO05,Health and Hygiene,2010,OUT046,Tier 1,Small,Supermarket Type1,0.046559449,7.269999981,100.5383987,4
Low Fat,NCL29,Health and Hygiene,2010,OUT046,Tier 1,Small,Supermarket Type1,0.113939434,9.694999695,160.2604065,4
Low Fat,NCN17,Health and Hygiene,2010,OUT046,Tier 1,Small,Supermarket Type1,0.054939028,11,101.4357986,4
Low Fat,NCQ29,Health and Hygiene,2010,OUT046,Tier 1,Small,Supermarket Type1,0.104230136,12,259.5278015,4
Low Fat,NCL41,Health and Hygiene,2010,OUT046,Tier 1,Small,Supermarket Type1,0.041737627,12.35000038,33.1216011,4
Low Fat,NCT29,Health and Hygiene,2010,OUT046,Tier 1,Small,Supermarket Type1,0.064110726,12.60000038,122.3414001,4
Low Fat,NCA41,Health and Hygiene,2010,OUT046,Tier 1,Small,Supermarket Type1,0.032586709,16.75,191.9161987,4
Low Fat,NCK05,Health and Hygiene,2010,OUT046,Tier 1,Small,Supermarket Type1,0.077454254,20.10000038,59.25360107,4
Low Fat,NCU30,Household,2010,OUT046,Tier 1,Small,Supermarket Type1,0.034874689,5.110000134,161.720993,4
Low Fat,NCS30,Household,2010,OUT046,Tier 1,Small,Supermarket Type1,0.093026206,5.945000172,128.7651978,4
Low Fat,NCY42,Household,2010,OUT046,Tier 1,Small,Supermarket Type1,0.015162573,6.380000114,145.1470032,4
Low Fat,NCB19,Household,2010,OUT046,Tier 1,Small,Supermarket Type1,0.09029571,6.525000095,84.6882019,4
Low Fat,NCS06,Household,2010,OUT046,Tier 1,Small,Supermarket Type1,0,7.934999943,263.6910095,4
Low Fat,NCS38,Household,2010,OUT046,Tier 1,Small,Supermarket Type1,0.090191431,8.600000381,112.9176025,4
Low Fat,NCS42,Household,2010,OUT046,Tier 1,Small,Supermarket Type1,0.069416463,8.600000381,92.51460266,4
Low Fat,NCU54,Household,2010,OUT046,Tier 1,Small,Supermarket Type1,0.098622382,8.880000114,208.427002,4
Low Fat,NCX54,Household,2010,OUT046,Tier 1,Small,Supermarket Type1,0.04805987,9.194999695,105.8621979,4
Low Fat,NCA18,Household,2010,OUT046,Tier 1,Small,Supermarket Type1,0.056077573,10.10000038,117.8491974,4
Low Fat,NCN26,Household,2010,OUT046,Tier 1,Small,Supermarket Type1,0.028679894,10.85000038,115.1808014,4
Low Fat,NCG54,Household,2010,OUT046,Tier 1,Small,Supermarket Type1,0.079806268,12.10000038,172.1105957,4
Low Fat,NCG07,Household,2010,OUT046,Tier 1,Small,Supermarket Type1,0.052502047,12.30000019,190.8529968,4
Low Fat,NCJ18,Household,2010,OUT046,Tier 1,Small,Supermarket Type1,0.163941935,12.35000038,117.0123978,4
Low Fat,NCU18,Household,2010,OUT046,Tier 1,Small,Supermarket Type1,0.055840056,15.10000038,139.8495941,4
Low Fat,NCE30,Household,2010,OUT046,Tier 1,Small,Supermarket Type1,0.09913604,16,210.3901978,4
Low Fat,NCX30,Household,2010,OUT046,Tier 1,Small,Supermarket Type1,0.026620626,16.70000076,249.2776031,4
Low Fat,NCF30,Household,2010,OUT046,Tier 1,Small,Supermarket Type1,0.126244053,17,124.6362,4
Low Fat,NCH30,Household,2010,OUT046,Tier 1,Small,Supermarket Type1,0.06715405,17.10000038,114.3860016,4
Low Fat,NCL30,Household,2010,OUT046,Tier 1,Small,Supermarket Type1,0.048940428,18.10000038,127.5335999,4
Low Fat,NCI42,Household,2010,OUT046,Tier 1,Small,Supermarket Type1,0.010365546,18.75,207.0953979,4
Low Fat,NCQ50,Household,2010,OUT046,Tier 1,Small,Supermarket Type1,0.034307349,18.75,215.2218018,4
Low Fat,NCL18,Household,2010,OUT046,Tier 1,Small,Supermarket Type1,0.167583883,18.85000038,194.6136017,4
Low Fat,NCC06,Household,2010,OUT046,Tier 1,Small,Supermarket Type1,0.026986366,19,127.1335983,4
Low Fat,NCB18,Household,2010,OUT046,Tier 1,Small,Supermarket Type1,0.04129117,19.60000038,86.95140076,4
Low Fat,NCI43,Household,2010,OUT046,Tier 1,Small,Supermarket Type1,0.025968706,19.85000038,49.53760147,4
Low Fat,NCA06,Household,2010,OUT046,Tier 1,Small,Supermarket Type1,0.143283606,20.5,37.91899872,4
Low Fat,NCE54,Household,2010,OUT046,Tier 1,Small,Supermarket Type1,0.026899856,20.70000076,73.93540192,4
Low Fat,NCP06,Household,2010,OUT046,Tier 1,Small,Supermarket Type1,0.039245807,20.70000076,151.4365997,4
Low Fat,NCD54,Household,2010,OUT046,Tier 1,Small,Supermarket Type1,0.029008944,21.10000038,143.3786011,4
Low Fat,FDM03,Meat,2010,OUT046,Tier 1,Small,Supermarket Type1,0,12.64999962,107.8937988,4
Low Fat,FDX15,Meat,2010,OUT046,Tier 1,Small,Supermarket Type1,0.156298861,17.20000076,162.1578064,4
Low Fat,FDR39,Meat,2010,OUT046,Tier 1,Small,Supermarket Type1,0.08379928,20.35000038,184.1291962,4
Low Fat,NCM07,Others,2010,OUT046,Tier 1,Small,Supermarket Type1,0.039961837,9.395000458,84.09079742,4
Low Fat,NCK07,Others,2010,OUT046,Tier 1,Small,Supermarket Type1,0.048686691,10.64999962,164.1526031,4
Low Fat,NCN19,Others,2010,OUT046,Tier 1,Small,Supermarket Type1,0,13.10000038,189.253006,4
Low Fat,NCP50,Others,2010,OUT046,Tier 1,Small,Supermarket Type1,0.020559845,17.35000038,78.76180267,4
Low Fat,NCN14,Others,2010,OUT046,Tier 1,Small,Supermarket Type1,0.091917783,19.10000038,182.7608032,4
Low Fat,NCJ31,Others,2010,OUT046,Tier 1,Small,Supermarket Type1,0.18265377,19.20000076,243.0196075,4
Low Fat,FDL33,Snack Foods,2010,OUT046,Tier 1,Small,Supermarket Type1,0.099962525,7.235000134,193.8451996,4
Low Fat,FDR33,Snack Foods,2010,OUT046,Tier 1,Small,Supermarket Type1,0.026788937,7.309999943,110.3570023,4
Low Fat,FDT21,Snack Foods,2010,OUT046,Tier 1,Small,Supermarket Type1,0.020391844,7.420000076,248.9091949,4
Low Fat,FDQ46,Snack Foods,2010,OUT046,Tier 1,Small,Supermarket Type1,0.10381303,7.510000229,113.7544022,4
Low Fat,FDQ34,Snack Foods,2010,OUT046,Tier 1,Small,Supermarket Type1,0.162242621,10.85000038,107.8621979,4
Low Fat,FDH58,Snack Foods,2010,OUT046,Tier 1,Small,Supermarket Type1,0.036939673,12.30000019,113.183403,4
Low Fat,FDF58,Snack Foods,2010,OUT046,Tier 1,Small,Supermarket Type1,0.009581155,13.30000019,64.9509964,4
Low Fat,FDJ09,Snack Foods,2010,OUT046,Tier 1,Small,Supermarket Type1,0,15,43.47439957,4
Low Fat,FDS57,Snack Foods,2010,OUT046,Tier 1,Small,Supermarket Type1,0.103442267,15.5,144.8470001,4
Low Fat,FDI33,Snack Foods,2010,OUT046,Tier 1,Small,Supermarket Type1,0.028418817,16.5,92.81459808,4
Low Fat,FDY10,Snack Foods,2010,OUT046,Tier 1,Small,Supermarket Type1,0.049067877,17.60000038,115.6175995,4
Low Fat,FDZ09,Snack Foods,2010,OUT046,Tier 1,Small,Supermarket Type1,0.104878969,17.60000038,164.886795,4
Low Fat,DRC25,Soft Drinks,2010,OUT046,Tier 1,Small,Supermarket Type1,0.045371857,5.730000019,86.08820343,4
Low Fat,DRJ01,Soft Drinks,2010,OUT046,Tier 1,Small,Supermarket Type1,0.115032405,6.135000229,161.0236053,4
Low Fat,DRL60,Soft Drinks,2010,OUT046,Tier 1,Small,Supermarket Type1,0.027059359,8.520000458,153.3681946,4
Low Fat,DRH13,Soft Drinks,2010,OUT046,Tier 1,Small,Supermarket Type1,0.023885958,8.574999809,106.6279984,4
Low Fat,DRF25,Soft Drinks,2010,OUT046,Tier 1,Small,Supermarket Type1,0.038925253,9,34.91899872,4
Low Fat,DRD37,Soft Drinks,2010,OUT046,Tier 1,Small,Supermarket Type1,0.013841737,9.800000191,45.20600128,4
Low Fat,DRJ37,Soft Drinks,2010,OUT046,Tier 1,Small,Supermarket Type1,0.061101384,10.80000019,151.9024048,4
Low Fat,DRE37,Soft Drinks,2010,OUT046,Tier 1,Small,Supermarket Type1,0.094219595,13.5,189.9871979,4
Low Fat,DRG36,Soft Drinks,2010,OUT046,Tier 1,Small,Supermarket Type1,0.09537822,14.14999962,170.5106049,4
Low Fat,DRN36,Soft Drinks,2010,OUT046,Tier 1,Small,Supermarket Type1,0,15.19999981,96.67520142,4
Low Fat,DRI25,Soft Drinks,2010,OUT046,Tier 1,Small,Supermarket Type1,0.033901442,19.60000038,56.26139832,4
Low Fat,DRH49,Soft Drinks,2010,OUT046,Tier 1,Small,Supermarket Type1,0.024655594,19.70000076,84.35919952,4
Low Fat,FDC35,Starchy Foods,2010,OUT046,Tier 1,Small,Supermarket Type1,0.122837692,7.434999943,208.7637939,4
Regular,FDC60,Baking Goods,2010,OUT046,Tier 1,Small,Supermarket Type1,0.114472404,5.425000191,88.35140228,4
Regular,FDZ36,Baking Goods,2010,OUT046,Tier 1,Small,Supermarket Type1,0.065783784,6.034999847,188.223999,4
Regular,FDT12,Baking Goods,2010,OUT046,Tier 1,Small,Supermarket Type1,0.049621701,6.215000153,226.1062012,4
Regular,FDB49,Baking Goods,2010,OUT046,Tier 1,Small,Supermarket Type1,0.03015135,8.300000191,98.73840332,4
Regular,FDY12,Baking Goods,2010,OUT046,Tier 1,Small,Supermarket Type1,0.140611038,9.800000191,49.80080032,4
Regular,FDA47,Baking Goods,2010,OUT046,Tier 1,Small,Supermarket Type1,0.116673797,10.5,161.720993,4
Regular,FDB12,Baking Goods,2010,OUT046,Tier 1,Small,Supermarket Type1,0.105307661,11.14999962,102.0647964,4
Regular,FDO48,Baking Goods,2010,OUT046,Tier 1,Small,Supermarket Type1,0.026840767,15,219.8455963,4
Regular,FDX11,Baking Goods,2010,OUT046,Tier 1,Small,Supermarket Type1,0.106752083,16,181.4633942,4
Regular,FDZ47,Baking Goods,2010,OUT046,Tier 1,Small,Supermarket Type1,0.07929647,20.70000076,97.20420074,4
Regular,FDQ11,Breads,2010,OUT046,Tier 1,Small,Supermarket Type1,0.067700922,5.695000172,256.5987854,4
Regular,FDT11,Breads,2010,OUT046,Tier 1,Small,Supermarket Type1,0.029372366,5.940000057,186.7556,4
Regular,FDT23,Breads,2010,OUT046,Tier 1,Small,Supermarket Type1,0.074731477,7.71999979,77.59860229,4
Regular,FDY47,Breads,2010,OUT046,Tier 1,Small,Supermarket Type1,0.054484461,8.600000381,130.1309967,4
Regular,FDR37,Breakfast,2010,OUT046,Tier 1,Small,Supermarket Type1,0.066249549,16.5,183.3291931,4
Regular,FDQ49,Breakfast,2010,OUT046,Tier 1,Small,Supermarket Type1,0.039247736,20.20000076,157.6629944,4
Regular,FDA37,Canned,2010,OUT046,Tier 1,Small,Supermarket Type1,0.055226754,7.809999943,123.104599,4
Regular,FDD26,Canned,2010,OUT046,Tier 1,Small,Supermarket Type1,0.072155461,8.710000038,183.392395,4
Regular,FDF38,Canned,2010,OUT046,Tier 1,Small,Supermarket Type1,0.026358005,11.80000019,39.61380005,4
Regular,FDM02,Canned,2010,OUT046,Tier 1,Small,Supermarket Type1,0.073735058,12.5,87.11979675,4
Regular,FDC14,Canned,2010,OUT046,Tier 1,Small,Supermarket Type1,0.04124907,14.5,40.54539871,4
Regular,FDH50,Canned,2010,OUT046,Tier 1,Small,Supermarket Type1,0.16143544,15,185.1266022,4
Regular,FDJ26,Canned,2010,OUT046,Tier 1,Small,Supermarket Type1,0.084765188,15.30000019,215.0218048,4
Regular,FDZ25,Canned,2010,OUT046,Tier 1,Small,Supermarket Type1,0.027617047,15.69999981,168.279007,4
Regular,FDW02,Dairy,2010,OUT046,Tier 1,Small,Supermarket Type1,0.037699424,4.804999828,125.5703964,4
Regular,FDW38,Dairy,2010,OUT046,Tier 1,Small,Supermarket Type1,0.138679996,5.324999809,53.72980118,4
Regular,FDX38,Dairy,2010,OUT046,Tier 1,Small,Supermarket Type1,0.048207019,10.5,45.93759918,4
Regular,FDQ26,Dairy,2010,OUT046,Tier 1,Small,Supermarket Type1,0.067872405,13.5,57.85620117,4
Regular,FDB03,Dairy,2010,OUT046,Tier 1,Small,Supermarket Type1,0.156831831,17.75,241.0538025,4
Regular,FDT26,Dairy,2010,OUT046,Tier 1,Small,Supermarket Type1,0.067953505,18.85000038,119.0439987,4
Regular,FDV26,Dairy,2010,OUT046,Tier 1,Small,Supermarket Type1,0.076160453,20.25,196.2794037,4
Regular,FDP40,Frozen Foods,2010,OUT046,Tier 1,Small,Supermarket Type1,0.034357168,4.554999828,112.6544037,4
Regular,FDH04,Frozen Foods,2010,OUT046,Tier 1,Small,Supermarket Type1,0.011372972,6.114999771,89.64880371,4
Regular,FDD41,Frozen Foods,2010,OUT046,Tier 1,Small,Supermarket Type1,0.087260105,6.764999866,105.0306015,4
Regular,FDM16,Frozen Foods,2010,OUT046,Tier 1,Small,Supermarket Type1,0.0335554,8.154999733,74.73539734,4
Regular,FDI05,Frozen Foods,2010,OUT046,Tier 1,Small,Supermarket Type1,0.126869723,8.350000381,74.43540192,4
Regular,FDG05,Frozen Foods,2010,OUT046,Tier 1,Small,Supermarket Type1,0.087847143,11,156.8630066,4
Regular,FDA04,Frozen Foods,2010,OUT046,Tier 1,Small,Supermarket Type1,0.066729993,11.30000019,257.2962036,4
Regular,FDI04,Frozen Foods,2010,OUT046,Tier 1,Small,Supermarket Type1,0.072912432,13.64999962,198.4425964,4
Regular,FDP28,Frozen Foods,2010,OUT046,Tier 1,Small,Supermarket Type1,0.08064048,13.64999962,262.6936035,4
Regular,FDF28,Frozen Foods,2010,OUT046,Tier 1,Small,Supermarket Type1,0.037864722,15.69999981,124.104599,4
Regular,FDA40,Frozen Foods,2010,OUT046,Tier 1,Small,Supermarket Type1,0.099271208,16,88.58560181,4
Regular,FDY16,Frozen Foods,2010,OUT046,Tier 1,Small,Supermarket Type1,0.092226751,18.35000038,184.4266052,4
Regular,FDI41,Frozen Foods,2010,OUT046,Tier 1,Small,Supermarket Type1,0.062256921,18.5,148.0417938,4
Regular,FDE17,Frozen Foods,2010,OUT046,Tier 1,Small,Supermarket Type1,0.054455496,20.10000038,149.5366058,4
Regular,FDN56,Fruits and Vegetables,2010,OUT046,Tier 1,Small,Supermarket Type1,0.107057184,5.460000038,144.9786072,4
Regular,FDS56,Fruits and Vegetables,2010,OUT046,Tier 1,Small,Supermarket Type1,0.038756862,5.784999847,260.7251892,4
Regular,FDO31,Fruits and Vegetables,2010,OUT046,Tier 1,Small,Supermarket Type1,0.028982682,6.760000229,79.59600067,4
Regular,FDD44,Fruits and Vegetables,2010,OUT046,Tier 1,Small,Supermarket Type1,0.078400463,8.050000191,259.0646057,4
Regular,FDV44,Fruits and Vegetables,2010,OUT046,Tier 1,Small,Supermarket Type1,0.039844427,8.364999771,190.1188049,4
Regular,FDU31,Fruits and Vegetables,2010,OUT046,Tier 1,Small,Supermarket Type1,0.024991056,10.5,217.9508057,4
Regular,FDR55,Fruits and Vegetables,2010,OUT046,Tier 1,Small,Supermarket Type1,0.132083535,12.14999962,189.587204,4
Regular,FDW19,Fruits and Vegetables,2010,OUT046,Tier 1,Small,Supermarket Type1,0.038500421,12.35000038,110.7570038,4
Regular,FDK20,Fruits and Vegetables,2010,OUT046,Tier 1,Small,Supermarket Type1,0.041557655,12.60000038,124.5072021,4
Regular,FDS44,Fruits and Vegetables,2010,OUT046,Tier 1,Small,Supermarket Type1,0.156043962,12.64999962,239.6537933,4
Regular,FDS31,Fruits and Vegetables,2010,OUT046,Tier 1,Small,Supermarket Type1,0.044192374,13.10000038,180.3318024,4
Regular,FDS19,Fruits and Vegetables,2010,OUT046,Tier 1,Small,Supermarket Type1,0.064207278,13.80000019,76.00119781,4
Regular,FDH45,Fruits and Vegetables,2010,OUT046,Tier 1,Small,Supermarket Type1,0.105666831,15.10000038,41.67959976,4
Regular,FDO19,Fruits and Vegetables,2010,OUT046,Tier 1,Small,Supermarket Type1,0.016596645,17.70000076,48.30339813,4
Regular,FDI08,Fruits and Vegetables,2010,OUT046,Tier 1,Small,Supermarket Type1,0.066297054,18.20000076,247.1092072,4
Regular,FDW32,Fruits and Vegetables,2010,OUT046,Tier 1,Small,Supermarket Type1,0.094296835,18.35000038,84.38819885,4
Regular,FDT32,Fruits and Vegetables,2010,OUT046,Tier 1,Small,Supermarket Type1,0.065633938,19,186.5213928,4
Regular,FDB57,Fruits and Vegetables,2010,OUT046,Tier 1,Small,Supermarket Type1,0.018805105,20.25,220.6772003,4
Regular,FDX31,Fruits and Vegetables,2010,OUT046,Tier 1,Small,Supermarket Type1,0.014825605,20.35000038,233.2958069,4
Regular,FDP03,Meat,2010,OUT046,Tier 1,Small,Supermarket Type1,0.061177079,5.150000095,121.8387985,4
Regular,FDO27,Meat,2010,OUT046,Tier 1,Small,Supermarket Type1,0.179077476,6.175000191,94.37519836,4
Regular,FDR15,Meat,2010,OUT046,Tier 1,Small,Supermarket Type1,0.03343799,9.300000191,153.2313995,4
Regular,FDN03,Meat,2010,OUT046,Tier 1,Small,Supermarket Type1,0.015089965,9.800000191,249.6407928,4
Regular,FDT27,Meat,2010,OUT046,Tier 1,Small,Supermarket Type1,0.069587171,11.39500046,234.6616058,4
Regular,FDT15,Meat,2010,OUT046,Tier 1,Small,Supermarket Type1,0.042681523,12.14999962,184.2949982,4
Regular,FDG33,Seafood,2010,OUT046,Tier 1,Small,Supermarket Type1,0.140240282,5.364999771,171.0764008,4
Regular,FDX22,Snack Foods,2010,OUT046,Tier 1,Small,Supermarket Type1,0.022974811,6.784999847,208.7928009,4
Regular,FDC22,Snack Foods,2010,OUT046,Tier 1,Small,Supermarket Type1,0.136428401,6.889999866,193.9819946,4
Regular,FDV10,Snack Foods,2010,OUT046,Tier 1,Small,Supermarket Type1,0,7.644999981,41.81119919,4
Regular,FDX33,Snack Foods,2010,OUT046,Tier 1,Small,Supermarket Type1,0.11748483,9.194999695,158.5578003,4
Regular,FDI34,Snack Foods,2010,OUT046,Tier 1,Small,Supermarket Type1,0.085135952,10.64999962,232.366806,4
Regular,FDM09,Snack Foods,2010,OUT046,Tier 1,Small,Supermarket Type1,0.085931547,11.14999962,169.6790009,4
Regular,FDO45,Snack Foods,2010,OUT046,Tier 1,Small,Supermarket Type1,0.037952777,13.14999962,89.58560181,4
Regular,FDO09,Snack Foods,2010,OUT046,Tier 1,Small,Supermarket Type1,0.125274673,13.5,262.1910095,4
Regular,FDY33,Snack Foods,2010,OUT046,Tier 1,Small,Supermarket Type1,0.097201131,14.5,159.4261932,4
Regular,FDP45,Snack Foods,2010,OUT046,Tier 1,Small,Supermarket Type1,0.030624844,15.69999981,252.2723999,4
Regular,FDC34,Snack Foods,2010,OUT046,Tier 1,Small,Supermarket Type1,0.172759086,16,157.0971985,4
Regular,FDY22,Snack Foods,2010,OUT046,Tier 1,Small,Supermarket Type1,0.159720674,16.5,144.5128021,4
Regular,FDR34,Snack Foods,2010,OUT046,Tier 1,Small,Supermarket Type1,0.015965307,17,229.4351959,4
Regular,FDX57,Snack Foods,2010,OUT046,Tier 1,Small,Supermarket Type1,0.047266211,17.25,97.00679779,4
Regular,DRY23,Soft Drinks,2010,OUT046,Tier 1,Small,Supermarket Type1,0.109096371,9.395000458,44.61119843,4
Regular,DRC36,Soft Drinks,2010,OUT046,Tier 1,Small,Supermarket Type1,0.044984873,13,175.0054016,4
Regular,FDD47,Starchy Foods,2010,OUT046,Tier 1,Small,Supermarket Type1,0.14241077,7.599999905,171.9447937,4
Regular,FDD59,Starchy Foods,2010,OUT046,Tier 1,Small,Supermarket Type1,0,10.5,78.29599762,4
Low Fat,FDS35,Breads,2010,OUT046,Tier 1,Small,Supermarket Type1,0.111220524,9.300000191,65.7826004,4
Low Fat,FDS52,Frozen Foods,2010,OUT046,Tier 1,Small,Supermarket Type1,0.005474515,8.890000343,99.70159912,4
Low Fat,NCY29,Health and Hygiene,2010,OUT046,Tier 1,Small,Supermarket Type1,0.077234112,13.64999962,56.89300156,4
Low Fat,NCW54,Household,2010,OUT046,Tier 1,Small,Supermarket Type1,0.096413262,7.5,55.35879898,4
Regular,FDH60,Baking Goods,2010,OUT046,Tier 1,Small,Supermarket Type1,0.080737032,19.70000076,197.0110016,4
Regular,FDB26,Canned,2010,OUT046,Tier 1,Small,Supermarket Type1,0.031267498,14,51.4640007,4
Regular,FDX39,Meat,2010,OUT046,Tier 1,Small,Supermarket Type1,0.049676158,14.30000019,212.4586029,4
Regular,FDO10,Snack Foods,2010,OUT046,Tier 1,Small,Supermarket Type1,0.0127517,13.64999962,55.55879974,4
Low Fat,FDQ16,Frozen Foods,2015,OUT045,Tier 2,Medium,Supermarket Type1,0.041823044,19.70000076,108.0912018,4
Low Fat,DRH11,Hard Drinks,2015,OUT045,Tier 2,Medium,Supermarket Type1,0.075711198,5.980000019,55.66139984,4
Low Fat,FDX58,Snack Foods,2015,OUT045,Tier 2,Medium,Supermarket Type1,0.043852434,13.14999962,182.6950073,4
Low Fat,FDO60,Baking Goods,2020,OUT017,Tier 2,Medium,Supermarket Type1,0.034563936,20,45.30860138,4
Low Fat,FDH57,Fruits and Vegetables,2020,OUT017,Tier 2,Medium,Supermarket Type1,0.035949726,10.89500046,132.9284058,4
Low Fat,DRO35,Hard Drinks,2020,OUT017,Tier 2,Medium,Supermarket Type1,0.034765899,13.85000038,114.2491989,4
Low Fat,NCB42,Health and Hygiene,2020,OUT017,Tier 2,Medium,Supermarket Type1,0.008609602,11.80000019,114.8491974,4
Low Fat,NCY05,Health and Hygiene,2020,OUT017,Tier 2,Medium,Supermarket Type1,0.055301055,13.5,34.68740082,4
Low Fat,NCK05,Health and Hygiene,2020,OUT017,Tier 2,Medium,Supermarket Type1,0.077892363,20.10000038,59.35359955,4
Low Fat,NCW42,Household,2020,OUT017,Tier 2,Medium,Supermarket Type1,0.058799706,18.20000076,220.7456055,4
Low Fat,FDE58,Snack Foods,2020,OUT017,Tier 2,Medium,Supermarket Type1,0,18.5,119.8124008,4
Low Fat,DRI25,Soft Drinks,2020,OUT017,Tier 2,Medium,Supermarket Type1,0.034093201,19.60000038,56.66139984,4
Low Fat,FDW23,Baking Goods,2015,OUT045,Tier 2,Medium,Supermarket Type1,0.082178615,5.764999866,37.01639938,4
Low Fat,FDW24,Baking Goods,2015,OUT045,Tier 2,Medium,Supermarket Type1,0.037573095,6.800000191,50.20339966,4
Low Fat,FDY59,Baking Goods,2015,OUT045,Tier 2,Medium,Supermarket Type1,0.031467129,8.194999695,91.84619904,4
Low Fat,FDF12,Baking Goods,2015,OUT045,Tier 2,Medium,Supermarket Type1,0.082595021,8.234999657,149.107605,4
Low Fat,FDK24,Baking Goods,2015,OUT045,Tier 2,Medium,Supermarket Type1,0.101500377,9.194999695,45.2743988,4
Low Fat,FDH12,Baking Goods,2015,OUT045,Tier 2,Medium,Supermarket Type1,0.085125953,9.600000381,107.1279984,4
Low Fat,FDI24,Baking Goods,2015,OUT045,Tier 2,Medium,Supermarket Type1,0.078903496,10.30000019,177.6369934,4
Low Fat,FDJ48,Baking Goods,2015,OUT045,Tier 2,Medium,Supermarket Type1,0,11.30000019,245.2118073,4
Low Fat,FDN48,Baking Goods,2015,OUT045,Tier 2,Medium,Supermarket Type1,0.065082453,13.35000038,93.08039856,4
Low Fat,FDY48,Baking Goods,2015,OUT045,Tier 2,Medium,Supermarket Type1,0.023783008,14,104.0332031,4
Low Fat,FDN12,Baking Goods,2015,OUT045,Tier 2,Medium,Supermarket Type1,0.081268407,15.60000038,110.2544022,4
Low Fat,FDP60,Baking Goods,2015,OUT045,Tier 2,Medium,Supermarket Type1,0.056032248,17.35000038,102.3015976,4
Low Fat,FDV36,Baking Goods,2015,OUT045,Tier 2,Medium,Supermarket Type1,0.026355345,18.70000076,127.1019974,4
Low Fat,FDP23,Breads,2015,OUT045,Tier 2,Medium,Supermarket Type1,0.03565903,6.710000038,218.3166046,4
Low Fat,FDV23,Breads,2015,OUT045,Tier 2,Medium,Supermarket Type1,0.106051408,11,124.4046021,4
Low Fat,FDU23,Breads,2015,OUT045,Tier 2,Medium,Supermarket Type1,0.021767549,12.14999962,164.6183929,4
Low Fat,FDR35,Breads,2015,OUT045,Tier 2,Medium,Supermarket Type1,0.020739699,12.5,198.9741974,4
Low Fat,FDW59,Breads,2015,OUT045,Tier 2,Medium,Supermarket Type1,0.020757927,13.14999962,84.3565979,4
Low Fat,FDP11,Breads,2015,OUT045,Tier 2,Medium,Supermarket Type1,0.069240682,15.85000038,217.5166016,4
Low Fat,FDS47,Breads,2015,OUT045,Tier 2,Medium,Supermarket Type1,0,16.75,88.78559875,4
Low Fat,FDO13,Breakfast,2015,OUT045,Tier 2,Medium,Supermarket Type1,0.061183505,7.864999771,164.552597,4
Low Fat,FDN13,Breakfast,2015,OUT045,Tier 2,Medium,Supermarket Type1,0.152366653,18.60000038,98.53579712,4
Low Fat,FDI26,Canned,2015,OUT045,Tier 2,Medium,Supermarket Type1,0.034957491,5.940000057,177.1343994,4
Low Fat,FDK38,Canned,2015,OUT045,Tier 2,Medium,Supermarket Type1,0.053397991,6.650000095,149.3733978,4
Low Fat,FDK14,Canned,2015,OUT045,Tier 2,Medium,Supermarket Type1,0.041189153,6.980000019,82.8934021,4
Low Fat,FDT49,Canned,2015,OUT045,Tier 2,Medium,Supermarket Type1,0.151712641,7,104.8280029,4
Low Fat,FDS49,Canned,2015,OUT045,Tier 2,Medium,Supermarket Type1,0.079506435,9,78.36440277,4
Low Fat,FDS01,Canned,2015,OUT045,Tier 2,Medium,Supermarket Type1,0.017780986,11.60000038,177.3686066,4
Low Fat,FDB50,Canned,2015,OUT045,Tier 2,Medium,Supermarket Type1,0.153930113,13,76.79859924,4
Low Fat,FDP25,Canned,2015,OUT045,Tier 2,Medium,Supermarket Type1,0.021250527,15.19999981,216.5823975,4
Low Fat,FDC38,Canned,2015,OUT045,Tier 2,Medium,Supermarket Type1,0.122742392,15.69999981,134.2942047,4
Low Fat,FDC50,Canned,2015,OUT045,Tier 2,Medium,Supermarket Type1,0.136774734,15.85000038,94.40940094,4
Low Fat,FDN02,Canned,2015,OUT045,Tier 2,Medium,Supermarket Type1,0.07397747,16.5,206.8638,4
Low Fat,FDD02,Canned,2015,OUT045,Tier 2,Medium,Supermarket Type1,0.050392993,16.60000038,118.4123993,4
Low Fat,FDY50,Dairy,2015,OUT045,Tier 2,Medium,Supermarket Type1,0.131221399,5.800000191,87.81719971,4
Low Fat,FDB27,Dairy,2015,OUT045,Tier 2,Medium,Supermarket Type1,0.055502456,7.574999809,196.5767975,4
Low Fat,FDB16,Dairy,2015,OUT045,Tier 2,Medium,Supermarket Type1,0.045016892,8.210000038,87.61979675,4
Low Fat,DRG27,Dairy,2015,OUT045,Tier 2,Medium,Supermarket Type1,0.105323859,8.895000458,39.11380005,4
Low Fat,FDC04,Dairy,2015,OUT045,Tier 2,Medium,Supermarket Type1,0.045076877,15.60000038,241.3854065,4
Low Fat,FDV02,Dairy,2015,OUT045,Tier 2,Medium,Supermarket Type1,0.060668416,16.75,172.4105988,4
Low Fat,FDT38,Dairy,2015,OUT045,Tier 2,Medium,Supermarket Type1,0.057654131,18.70000076,83.15660095,4
Low Fat,FDY52,Frozen Foods,2015,OUT045,Tier 2,Medium,Supermarket Type1,0.007363189,6.364999771,63.25360107,4
Low Fat,FDR04,Frozen Foods,2015,OUT045,Tier 2,Medium,Supermarket Type1,0.022612741,7.074999809,97.00679779,4
Low Fat,FDD17,Frozen Foods,2015,OUT045,Tier 2,Medium,Supermarket Type1,0.032693122,7.5,238.7906036,4
Low Fat,FDE16,Frozen Foods,2015,OUT045,Tier 2,Medium,Supermarket Type1,0.026397141,8.895000458,207.895401,4
Low Fat,FDZ04,Frozen Foods,2015,OUT045,Tier 2,Medium,Supermarket Type1,0.03803207,9.31000042,61.35100174,4
Low Fat,FDE53,Frozen Foods,2015,OUT045,Tier 2,Medium,Supermarket Type1,0.026934672,10.89500046,106.1279984,4
Low Fat,FDF41,Frozen Foods,2015,OUT045,Tier 2,Medium,Supermarket Type1,0.131445855,12.14999962,246.845993,4
Low Fat,FDG04,Frozen Foods,2015,OUT045,Tier 2,Medium,Supermarket Type1,0.006075007,13.10000038,187.589798,4
Low Fat,FDI28,Frozen Foods,2015,OUT045,Tier 2,Medium,Supermarket Type1,0.026375081,14.30000019,79.63020325,4
Low Fat,FDT04,Frozen Foods,2015,OUT045,Tier 2,Medium,Supermarket Type1,0.107258819,17.25,40.18220139,4
Low Fat,FDF04,Frozen Foods,2015,OUT045,Tier 2,Medium,Supermarket Type1,0.013664703,17.5,257.7304077,4
Low Fat,FDK52,Frozen Foods,2015,OUT045,Tier 2,Medium,Supermarket Type1,0.079379499,18.25,226.1062012,4
Low Fat,FDX43,Fruits and Vegetables,2015,OUT045,Tier 2,Medium,Supermarket Type1,0.08544793,5.65500021,165.8500061,4
Low Fat,FDZ55,Fruits and Vegetables,2015,OUT045,Tier 2,Medium,Supermarket Type1,0.025460232,6.054999828,160.8919983,4
Low Fat,FDA31,Fruits and Vegetables,2015,OUT045,Tier 2,Medium,Supermarket Type1,0.11023479,7.099999905,171.7079926,4
Low Fat,FDX20,Fruits and Vegetables,2015,OUT045,Tier 2,Medium,Supermarket Type1,0.042646565,7.364999771,225.1719971,4
Low Fat,FDJ56,Fruits and Vegetables,2015,OUT045,Tier 2,Medium,Supermarket Type1,0.183774963,8.984999657,101.7699966,4
Low Fat,FDK56,Fruits and Vegetables,2015,OUT045,Tier 2,Medium,Supermarket Type1,0.130261645,9.694999695,185.2897949,4
Low Fat,FDV31,Fruits and Vegetables,2015,OUT045,Tier 2,Medium,Supermarket Type1,0.10693375,9.800000191,175.3370056,4
Low Fat,FDJ32,Fruits and Vegetables,2015,OUT045,Tier 2,Medium,Supermarket Type1,0.057909548,10.69499969,60.45360184,4
Low Fat,FDU07,Fruits and Vegetables,2015,OUT045,Tier 2,Medium,Supermarket Type1,0.059968349,11.10000038,152.8365936,4
Low Fat,FDX08,Fruits and Vegetables,2015,OUT045,Tier 2,Medium,Supermarket Type1,0.022649894,12.85000038,179.3318024,4
Low Fat,FDX55,Fruits and Vegetables,2015,OUT045,Tier 2,Medium,Supermarket Type1,0,15.10000038,216.4165955,4
Low Fat,FDF32,Fruits and Vegetables,2015,OUT045,Tier 2,Medium,Supermarket Type1,0.068219028,16.35000038,198.9425964,4
Low Fat,FDY19,Fruits and Vegetables,2015,OUT045,Tier 2,Medium,Supermarket Type1,0.041448824,19.75,116.5466003,4
Low Fat,FDB45,Fruits and Vegetables,2015,OUT045,Tier 2,Medium,Supermarket Type1,0.02137305,20.85000038,103.3305969,4
Low Fat,DRF23,Hard Drinks,2015,OUT045,Tier 2,Medium,Supermarket Type1,0.12290106,4.610000134,174.4396057,4
Low Fat,DRK11,Hard Drinks,2015,OUT045,Tier 2,Medium,Supermarket Type1,0,8.210000038,148.2391968,4
Low Fat,DRG23,Hard Drinks,2015,OUT045,Tier 2,Medium,Supermarket Type1,0.086957201,8.880000114,152.5682068,4
Low Fat,DRK59,Hard Drinks,2015,OUT045,Tier 2,Medium,Supermarket Type1,0,8.895000458,232.9615936,4
Low Fat,DRJ11,Hard Drinks,2015,OUT045,Tier 2,Medium,Supermarket Type1,0,9.5,190.9871979,4
Low Fat,DRO59,Hard Drinks,2015,OUT045,Tier 2,Medium,Supermarket Type1,0.05426408,11.80000019,75.00119781,4
Low Fat,DRH23,Hard Drinks,2015,OUT045,Tier 2,Small,Supermarket Type1,0.170663655,14.64999962,56.46139908,4
Low Fat,DRN59,Hard Drinks,2015,OUT045,Tier 2,Small,Supermarket Type1,0.064271703,15,45.50600052,4
Low Fat,DRJ23,Hard Drinks,2015,OUT045,Tier 2,Small,Supermarket Type1,0.041753385,18.35000038,187.6871948,4
Low Fat,NCO05,Health and Hygiene,2015,OUT045,Tier 2,Small,Supermarket Type1,0.04665387,7.269999981,98.63839722,4
Low Fat,NCJ17,Health and Hygiene,2015,OUT045,Tier 2,Small,Supermarket Type1,0.152865872,7.679999828,84.92240143,4
Low Fat,NCI17,Health and Hygiene,2015,OUT045,Tier 2,Small,Supermarket Type1,0.143713504,8.645000458,96.64099884,4
Low Fat,NCL29,Health and Hygiene,2015,OUT045,Tier 2,Small,Supermarket Type1,0.114170507,9.694999695,158.9604034,4
Low Fat,NCX29,Health and Hygiene,2015,OUT045,Tier 2,Small,Supermarket Type1,0.089333333,10,145.610199,4
Low Fat,NCR05,Health and Hygiene,2015,OUT045,Tier 2,Small,Supermarket Type1,0.054741628,10.10000038,200.2084045,4
Low Fat,NCV05,Health and Hygiene,2015,OUT045,Tier 2,Small,Supermarket Type1,0.030269774,10.10000038,152.4656067,4
Low Fat,NCK17,Health and Hygiene,2015,OUT045,Tier 2,Small,Supermarket Type1,0.037971698,11,38.94800186,4
Low Fat,NCA53,Health and Hygiene,2015,OUT045,Tier 2,Small,Supermarket Type1,0.009898492,11.39500046,48.80339813,4
Low Fat,NCZ17,Health and Hygiene,2015,OUT045,Tier 2,Small,Supermarket Type1,0.079592735,12.14999962,37.3506012,4
Low Fat,NCT29,Health and Hygiene,2015,OUT045,Tier 2,Small,Supermarket Type1,0.064240746,12.60000038,121.9413986,4
Low Fat,NCY29,Health and Hygiene,2015,OUT045,Tier 2,Small,Supermarket Type1,0.077390745,13.64999962,54.69300079,4
Low Fat,NCC42,Health and Hygiene,2015,OUT045,Tier 2,Small,Supermarket Type1,0.04499948,15,140.4837952,4
Low Fat,NCX05,Health and Hygiene,2015,OUT045,Tier 2,Small,Supermarket Type1,0.09725894,15.19999981,114.8491974,4
Low Fat,NCD42,Health and Hygiene,2015,OUT045,Tier 2,Small,Supermarket Type1,0.012663476,16.5,39.3506012,4
Low Fat,NCQ53,Health and Hygiene,2015,OUT045,Tier 2,Small,Supermarket Type1,0.018943666,17.60000038,237.3589935,4
Low Fat,NCX41,Health and Hygiene,2015,OUT045,Tier 2,Small,Supermarket Type1,0.017755212,19,211.7243958,4
Low Fat,NCW05,Health and Hygiene,2015,OUT045,Tier 2,Small,Supermarket Type1,0.148372903,20.25,108.8937988,4
Low Fat,NCU30,Household,2015,OUT045,Tier 2,Small,Supermarket Type1,0.034945417,5.110000134,161.1210022,4
Low Fat,NCY42,Household,2015,OUT045,Tier 2,Small,Supermarket Type1,0.015193323,6.380000114,143.3470001,4
Low Fat,NCZ30,Household,2015,OUT045,Tier 2,Small,Supermarket Type1,0.026238088,6.590000153,121.6098022,4
Low Fat,NCY18,Household,2015,OUT045,Tier 2,Small,Supermarket Type1,0.031214809,7.284999847,177.1053925,4
Low Fat,NCQ30,Household,2015,OUT045,Tier 2,Small,Supermarket Type1,0.029131241,7.724999905,123.8414001,4
Low Fat,NCS06,Household,2015,OUT045,Tier 2,Small,Supermarket Type1,0.031801105,7.934999943,261.5910034,4
Low Fat,NCE55,Household,2015,OUT045,Tier 2,Small,Supermarket Type1,0.130191997,8.920000076,176.8370056,4
Low Fat,NCJ54,Household,2015,OUT045,Tier 2,Small,Supermarket Type1,0.06018893,9.895000458,233.0641937,4
Low Fat,NCA18,Household,2015,OUT045,Tier 2,Small,Supermarket Type1,0.056191303,10.10000038,115.7491989,4
Low Fat,NCI06,Household,2015,OUT045,Tier 2,Small,Supermarket Type1,0.047814462,11.30000019,179.2660065,4
Low Fat,NCV06,Household,2015,OUT045,Tier 2,Small,Supermarket Type1,0.066816568,11.30000019,192.2478027,4
Low Fat,NCK54,Household,2015,OUT045,Tier 2,Small,Supermarket Type1,0.029583249,12.14999962,114.7149963,4
Low Fat,NCP18,Household,2015,OUT045,Tier 2,Small,Supermarket Type1,0.028656248,12.14999962,149.3708038,4
Low Fat,NCS18,Household,2015,OUT045,Tier 2,Small,Supermarket Type1,0.042296723,12.64999962,106.3937988,4
Low Fat,NCS54,Household,2015,OUT045,Tier 2,Small,Supermarket Type1,0.010013429,13.60000038,176.4369965,4
Low Fat,NCW06,Household,2015,OUT045,Tier 2,Small,Supermarket Type1,0.050442528,16.20000076,190.8161926,4
Low Fat,NCQ54,Household,2015,OUT045,Tier 2,Small,Supermarket Type1,0.012567811,17.70000076,168.447403,4
Low Fat,NCI55,Household,2015,OUT045,Tier 2,Small,Supermarket Type1,0.012679226,18.60000038,120.9413986,4
Low Fat,NCG30,Household,2015,OUT045,Tier 2,Small,Supermarket Type1,0.112549007,20.20000076,123.104599,4
Low Fat,NCG43,Household,2015,OUT045,Tier 2,Small,Supermarket Type1,0.074390009,20.20000076,91.44619751,4
Low Fat,NCI30,Household,2015,OUT045,Tier 2,Small,Supermarket Type1,0.059055045,20.25,247.345993,4
Low Fat,NCA06,Household,2015,OUT045,Tier 2,Small,Supermarket Type1,0.143574193,20.5,37.21900177,4
Low Fat,NCR30,Household,2015,OUT045,Tier 2,Small,Supermarket Type1,0.071136951,20.60000038,76.36959839,4
Low Fat,FDK55,Meat,2015,OUT045,Tier 2,Small,Supermarket Type1,0.025813943,18.5,89.11720276,4
Low Fat,NCK19,Others,2015,OUT045,Tier 2,Small,Supermarket Type1,0.090649106,9.800000191,194.3477936,4
Low Fat,NCK07,Others,2015,OUT045,Tier 2,Small,Supermarket Type1,0.048785426,10.64999962,163.9526062,4
Low Fat,NCL07,Others,2015,OUT045,Tier 2,Small,Supermarket Type1,0.031402115,13.85000038,40.2480011,4
Low Fat,NCI31,Others,2015,OUT045,Tier 2,Small,Supermarket Type1,0.081492089,20,35.51900101,4
Low Fat,FDH21,Seafood,2015,OUT045,Tier 2,Small,Supermarket Type1,0.031288337,10.39500046,159.5603943,4
Low Fat,FDX34,Snack Foods,2015,OUT045,Tier 2,Small,Supermarket Type1,0.072131522,6.195000172,120.1098022,4
Low Fat,FDR58,Snack Foods,2015,OUT045,Tier 2,Small,Supermarket Type1,0.042006481,6.675000191,92.64620209,4
Low Fat,FDL33,Snack Foods,2015,OUT045,Tier 2,Small,Supermarket Type1,0.100165248,7.235000134,193.9452057,4
Low Fat,FDQ58,Snack Foods,2015,OUT045,Tier 2,Small,Supermarket Type1,0.015332872,7.315000057,154.0339966,4
Low Fat,FDT21,Snack Foods,2015,OUT045,Tier 2,Small,Supermarket Type1,0.020433201,7.420000076,248.9091949,4
Low Fat,FDK21,Snack Foods,2015,OUT045,Tier 2,Small,Supermarket Type1,0.010032624,7.90500021,248.3408051,4
Low Fat,FDB22,Snack Foods,2015,OUT045,Tier 2,Small,Supermarket Type1,0.111666664,8.020000458,155.2998047,4
Low Fat,FDT34,Snack Foods,2015,OUT045,Tier 2,Small,Supermarket Type1,0.174703866,9.300000191,104.0963974,4
Low Fat,FDT22,Snack Foods,2015,OUT045,Tier 2,Small,Supermarket Type1,0.112324551,10.39500046,60.62200165,4
Low Fat,FDR45,Snack Foods,2015,OUT045,Tier 2,Small,Supermarket Type1,0.029001987,10.80000019,238.6221924,4
Low Fat,FDP58,Snack Foods,2015,OUT045,Tier 2,Small,Supermarket Type1,0.135416389,11.10000038,218.3482056,4
Low Fat,FDT46,Snack Foods,2015,OUT045,Tier 2,Small,Supermarket Type1,0.030869612,11.35000038,49.80080032,4
Low Fat,FDZ45,Snack Foods,2015,OUT045,Tier 2,Small,Supermarket Type1,0.06701161,14.10000038,197.1083984,4
Low Fat,FDC47,Snack Foods,2015,OUT045,Tier 2,Small,Supermarket Type1,0.119131751,15,226.9694061,4
Low Fat,FDJ09,Snack Foods,2015,OUT045,Tier 2,Small,Supermarket Type1,0.058513254,15,46.97439957,4
Low Fat,FDX45,Snack Foods,2015,OUT045,Tier 2,Small,Supermarket Type1,0.105068445,16.75,156.6629944,4
Low Fat,FDR46,Snack Foods,2015,OUT045,Tier 2,Small,Supermarket Type1,0.139700398,16.85000038,147.776001,4
Low Fat,FDP57,Snack Foods,2015,OUT045,Tier 2,Small,Supermarket Type1,0.052550476,17.5,101.2990036,4
Low Fat,FDY10,Snack Foods,2015,OUT045,Tier 2,Small,Supermarket Type1,0.049167387,17.60000038,114.9176025,4
Low Fat,FDB59,Snack Foods,2015,OUT045,Tier 2,Small,Supermarket Type1,0.015309885,18.25,197.6083984,4
Low Fat,FDR09,Snack Foods,2015,OUT045,Tier 2,Small,Supermarket Type1,0.077882223,18.25,258.0961914,4
Low Fat,FDU34,Snack Foods,2015,OUT045,Tier 2,Small,Supermarket Type1,0.075347424,18.25,126.3046036,4
Low Fat,FDO57,Snack Foods,2015,OUT045,Tier 2,Small,Supermarket Type1,0.108930632,20.75,160.9577942,4
Low Fat,FDQ21,Snack Foods,2015,OUT045,Tier 2,Small,Supermarket Type1,0.019462623,21.25,120.8756027,4
Low Fat,DRG48,Soft Drinks,2015,OUT045,Tier 2,Small,Supermarket Type1,0.014584584,5.78000021,146.3101959,4
Low Fat,DRJ01,Soft Drinks,2015,OUT045,Tier 2,Small,Supermarket Type1,0.115265697,6.135000229,160.5236053,4
Low Fat,DRE13,Soft Drinks,2015,OUT045,Tier 2,Small,Supermarket Type1,0.02776129,6.28000021,85.81980133,4
Low Fat,DRJ49,Soft Drinks,2015,OUT045,Tier 2,Small,Supermarket Type1,0.014021626,6.864999771,127.1651993,4
Low Fat,DRD12,Soft Drinks,2015,OUT045,Tier 2,Small,Supermarket Type1,0.07735011,6.960000038,91.41459656,4
Low Fat,DRK01,Soft Drinks,2015,OUT045,Tier 2,Small,Supermarket Type1,0.061188146,7.630000114,94.04360199,4
Low Fat,DRH13,Soft Drinks,2015,OUT045,Tier 2,Small,Supermarket Type1,0.023934398,8.574999809,105.8280029,4
Low Fat,DRD37,Soft Drinks,2015,OUT045,Tier 2,Small,Supermarket Type1,0.013869809,9.800000191,47.40599823,4
Low Fat,DRD49,Soft Drinks,2015,OUT045,Tier 2,Small,Supermarket Type1,0.168171436,9.895000458,237.7563934,4
Low Fat,DRF13,Soft Drinks,2015,OUT045,Tier 2,Small,Supermarket Type1,0.02984176,12.10000038,144.444397,4
Low Fat,DRL49,Soft Drinks,2015,OUT045,Tier 2,Small,Supermarket Type1,0.056543466,13.14999962,140.5812073,4
Low Fat,DRD13,Soft Drinks,2015,OUT045,Tier 2,Small,Supermarket Type1,0.049178999,15,65.6167984,4
Low Fat,FDD35,Starchy Foods,2015,OUT045,Tier 2,Small,Supermarket Type1,0.025916884,12.14999962,120.2440033,4
Low Fat,FDD11,Starchy Foods,2015,OUT045,Tier 2,Small,Supermarket Type1,0.030678825,12.85000038,251.7039948,4
Low Fat,FDF35,Starchy Foods,2015,OUT045,Tier 2,Small,Supermarket Type1,0.154301614,15,105.9937973,4
Low Fat,FDG59,Starchy Foods,2015,OUT045,Tier 2,Small,Supermarket Type1,0.043322254,15.85000038,39.61640167,4
Low Fat,FDX23,Baking Goods,2020,OUT017,Tier 2,Small,Supermarket Type1,0.02985971,6.445000172,94.14360046,4
Low Fat,FDF12,Baking Goods,2020,OUT017,Tier 2,Small,Supermarket Type1,0.082894102,8.234999657,149.3076019,4
Low Fat,FDC48,Baking Goods,2020,OUT017,Tier 2,Small,Supermarket Type1,0.015949002,9.194999695,84.15920258,4
Low Fat,FDB60,Baking Goods,2020,OUT017,Tier 2,Small,Supermarket Type1,0.028683422,9.300000191,195.8135986,4
Low Fat,FDE24,Baking Goods,2020,OUT017,Tier 2,Small,Supermarket Type1,0.093991287,14.85000038,140.9812012,4
Low Fat,FDL36,Baking Goods,2020,OUT017,Tier 2,Small,Supermarket Type1,0.076505803,15.10000038,91.58300018,4
Low Fat,FDN12,Baking Goods,2020,OUT017,Tier 2,Small,Supermarket Type1,0.081562683,15.60000038,112.7544022,4
Low Fat,FDQ24,Baking Goods,2020,OUT017,Tier 2,Small,Supermarket Type1,0.074083388,15.69999981,253.372406,4
Low Fat,FDW48,Baking Goods,2020,OUT017,Tier 2,Small,Supermarket Type1,0.008589133,18,81.0617981,4
Low Fat,FDP11,Breads,2020,OUT017,Tier 2,Small,Supermarket Type1,0.069491409,15.85000038,218.2165985,4
Low Fat,FDV47,Breads,2020,OUT017,Tier 2,Small,Supermarket Type1,0.05451417,17.10000038,84.45659637,4
Low Fat,FDH38,Canned,2020,OUT017,Tier 2,Small,Supermarket Type1,0.010497273,6.425000191,118.3807983,4
Low Fat,FDK14,Canned,2020,OUT017,Tier 2,Small,Supermarket Type1,0.041338298,6.980000019,83.3934021,4
Low Fat,FDY13,Canned,2020,OUT017,Tier 2,Small,Supermarket Type1,0.03029782,12.10000038,74.76699829,4
Low Fat,FDT13,Canned,2020,OUT017,Tier 2,Small,Supermarket Type1,0.018676691,14.85000038,188.721405,4
Low Fat,FDO38,Canned,2020,OUT017,Tier 2,Small,Supermarket Type1,0.073251061,17.25,76.49859619,4
Low Fat,FDD50,Canned,2020,OUT017,Tier 2,Small,Supermarket Type1,0.142443404,18.85000038,170.4131927,4
Low Fat,FDG26,Canned,2020,OUT017,Tier 2,Small,Supermarket Type1,0.042891096,18.85000038,257.6329956,4
Low Fat,DRI03,Dairy,2020,OUT017,Tier 2,Small,Supermarket Type1,0.022832114,6.03000021,176.7028046,4
Low Fat,FDS14,Dairy,2020,OUT017,Tier 2,Small,Supermarket Type1,0,7.284999847,155.1287994,4
Low Fat,FDC39,Dairy,2020,OUT017,Tier 2,Small,Supermarket Type1,0,7.40500021,205.729599,4
Low Fat,FDB39,Dairy,2020,OUT017,Tier 2,Small,Supermarket Type1,0.038736839,11.60000038,55.82720184,4
Low Fat,DRG51,Dairy,2020,OUT017,Tier 2,Small,Supermarket Type1,0.011604894,12.10000038,166.052597,4
Low Fat,FDW50,Dairy,2020,OUT017,Tier 2,Small,Supermarket Type1,0.076005548,13.10000038,166.115799,4
Low Fat,FDX14,Dairy,2020,OUT017,Tier 2,Small,Supermarket Type1,0.075363919,13.10000038,73.83540344,4
Low Fat,DRI39,Dairy,2020,OUT017,Tier 2,Small,Supermarket Type1,0.097611114,13.80000019,54.89300156,4
Low Fat,DRJ51,Dairy,2020,OUT017,Tier 2,Small,Supermarket Type1,0.088491634,14.10000038,231.1667938,4
Low Fat,FDV50,Dairy,2020,OUT017,Tier 2,Small,Supermarket Type1,0.123264521,14.30000019,123.2730026,4
Low Fat,FDD39,Dairy,2020,OUT017,Tier 2,Small,Supermarket Type1,0.070551723,16.70000076,217.6849976,4
Low Fat,FDX26,Dairy,2020,OUT017,Tier 2,Small,Supermarket Type1,0.088305198,17.70000076,182.3291931,4
Low Fat,FDX50,Dairy,2020,OUT017,Tier 2,Small,Supermarket Type1,0.075049326,20.10000038,110.4227982,4
Low Fat,FDT40,Frozen Foods,2020,OUT017,Tier 2,Small,Supermarket Type1,0.096337184,5.985000134,125.2677994,4
Low Fat,FDY52,Frozen Foods,2020,OUT017,Tier 2,Small,Supermarket Type1,0,6.364999771,59.75360107,4
Low Fat,FDJ41,Frozen Foods,2020,OUT017,Tier 2,Small,Supermarket Type1,0.023012718,6.849999905,262.0593872,4
Low Fat,FDR04,Frozen Foods,2020,OUT017,Tier 2,Small,Supermarket Type1,0.022694623,7.074999809,98.80680084,4
Low Fat,FDF16,Frozen Foods,2020,OUT017,Tier 2,Small,Supermarket Type1,0.086619571,7.300000191,147.607605,4
Low Fat,FDE16,Frozen Foods,2020,OUT017,Tier 2,Small,Supermarket Type1,0.026492726,8.895000458,208.4954071,4
Low Fat,FDJ16,Frozen Foods,2020,OUT017,Tier 2,Small,Supermarket Type1,0.11553549,9.194999695,59.52460098,4
Low Fat,FDZ04,Frozen Foods,2020,OUT017,Tier 2,Small,Supermarket Type1,0.038169783,9.31000042,64.5510025,4
Low Fat,FDG53,Frozen Foods,2020,OUT017,Tier 2,Small,Supermarket Type1,0.046116319,10,141.8179932,4
Low Fat,FDJ53,Frozen Foods,2020,OUT017,Tier 2,Small,Supermarket Type1,0.071660973,10.5,119.7098007,4
Low Fat,FDD28,Frozen Foods,2020,OUT017,Tier 2,Small,Supermarket Type1,0,10.69499969,60.5904007,4
Low Fat,FDC17,Frozen Foods,2020,OUT017,Tier 2,Small,Supermarket Type1,0.015548178,12.14999962,211.2928009,4
Low Fat,FDD29,Frozen Foods,2020,OUT017,Tier 2,Small,Supermarket Type1,0.018514652,12.14999962,252.7698059,4
Low Fat,FDB17,Frozen Foods,2020,OUT017,Tier 2,Small,Supermarket Type1,0.036879539,13.14999962,181.3975983,4
Low Fat,FDG40,Frozen Foods,2020,OUT017,Tier 2,Small,Supermarket Type1,0.040049609,13.64999962,34.4557991,4
Low Fat,FDK41,Frozen Foods,2020,OUT017,Tier 2,Small,Supermarket Type1,0.128263146,14.30000019,83.42240143,4
Low Fat,FDQ52,Frozen Foods,2020,OUT017,Tier 2,Small,Supermarket Type1,0.120060273,17,246.543396,4
Low Fat,FDO40,Frozen Foods,2020,OUT017,Tier 2,Small,Supermarket Type1,0.03281267,17.10000038,147.1392059,4
Low Fat,FDT04,Frozen Foods,2020,OUT017,Tier 2,Small,Supermarket Type1,0.10764721,17.25,39.38219833,4
Low Fat,FDF04,Frozen Foods,2020,OUT017,Tier 2,Small,Supermarket Type1,0.013714183,17.5,259.2304077,4
Low Fat,FDI52,Frozen Foods,2020,OUT017,Tier 2,Small,Supermarket Type1,0.105270237,18.70000076,122.9072037,4
Low Fat,FDD05,Frozen Foods,2020,OUT017,Tier 2,Small,Supermarket Type1,0.016705437,19.35000038,120.8097992,4
Low Fat,FDZ55,Fruits and Vegetables,2020,OUT017,Tier 2,Small,Supermarket Type1,0.025552424,6.054999828,158.4920044,4
Low Fat,FDP32,Fruits and Vegetables,2020,OUT017,Tier 2,Small,Supermarket Type1,0.08816538,6.650000095,126.8677979,4
Low Fat,FDA20,Fruits and Vegetables,2020,OUT017,Tier 2,Small,Supermarket Type1,0.066997923,6.78000021,186.5240021,4
Low Fat,FDW56,Fruits and Vegetables,2020,OUT017,Tier 2,Small,Supermarket Type1,0.071301326,7.679999828,190.8161926,4
Low Fat,FDZ44,Fruits and Vegetables,2020,OUT017,Tier 2,Small,Supermarket Type1,0.038948126,8.18500042,115.4807968,4
Low Fat,FDM20,Fruits and Vegetables,2020,OUT017,Tier 2,Small,Supermarket Type1,0.038904622,10,245.4143982,4
Low Fat,FDC20,Fruits and Vegetables,2020,OUT017,Tier 2,Small,Supermarket Type1,0.024107056,10.64999962,56.62720108,4
Low Fat,FDL08,Fruits and Vegetables,2020,OUT017,Tier 2,Small,Supermarket Type1,0.050000258,10.80000019,243.9143982,4
Low Fat,FDI45,Fruits and Vegetables,2020,OUT017,Tier 2,Small,Supermarket Type1,0.037793819,13.10000038,173.8054047,4
Low Fat,FDE44,Fruits and Vegetables,2020,OUT017,Tier 2,Small,Supermarket Type1,0.172357485,14.64999962,50.86920166,4
Low Fat,FDX55,Fruits and Vegetables,2020,OUT017,Tier 2,Small,Supermarket Type1,0.055518165,15.10000038,217.3166046,4
Low Fat,FDD57,Fruits and Vegetables,2020,OUT017,Tier 2,Small,Supermarket Type1,0.022526292,18.10000038,95.00939941,4
Low Fat,FDQ44,Fruits and Vegetables,2020,OUT017,Tier 2,Small,Supermarket Type1,0.036344722,20.5,122.3756027,4
Low Fat,DRM35,Hard Drinks,2020,OUT017,Tier 2,Small,Supermarket Type1,0.070843019,9.694999695,177.7344055,4
Low Fat,DRO59,Hard Drinks,2020,OUT017,Tier 2,Small,Supermarket Type1,0.05446057,11.80000019,77.00119781,4
Low Fat,NCH29,Health and Hygiene,2020,OUT017,Tier 2,Small,Supermarket Type1,0.034668803,5.510000229,98.57260132,4
Low Fat,NCJ17,Health and Hygiene,2020,OUT017,Tier 2,Small,Supermarket Type1,0.153419405,7.679999828,86.42240143,4
Low Fat,NCN05,Health and Hygiene,2020,OUT017,Tier 2,Small,Supermarket Type1,0.014541462,8.234999657,184.4949951,4
Low Fat,NCV53,Health and Hygiene,2020,OUT017,Tier 2,Small,Supermarket Type1,0.018920019,8.270000458,238.0879974,4
Low Fat,NCI29,Health and Hygiene,2020,OUT017,Tier 2,Small,Supermarket Type1,0.032806065,8.600000381,143.6154022,4
Low Fat,NCS29,Health and Hygiene,2020,OUT017,Tier 2,Small,Supermarket Type1,0.069938838,9,264.8883972,4
Low Fat,NCR05,Health and Hygiene,2020,OUT017,Tier 2,Small,Supermarket Type1,0.054939847,10.10000038,199.5084076,4
Low Fat,NCT17,Health and Hygiene,2020,OUT017,Tier 2,Small,Supermarket Type1,0.042102657,10.80000019,189.721405,4
Low Fat,NCK17,Health and Hygiene,2020,OUT017,Tier 2,Small,Supermarket Type1,0.038109194,11,40.94800186,4
Low Fat,NCO29,Health and Hygiene,2020,OUT017,Tier 2,Small,Supermarket Type1,0.032438643,11.14999962,163.052597,4
Low Fat,NCM29,Health and Hygiene,2020,OUT017,Tier 2,Small,Supermarket Type1,0.017742019,11.5,129.6625977,4
Low Fat,NCQ29,Health and Hygiene,2020,OUT017,Tier 2,Small,Supermarket Type1,0,12,262.3277893,4
Low Fat,NCL41,Health and Hygiene,2020,OUT017,Tier 2,Small,Supermarket Type1,0.041973714,12.35000038,35.72159958,4
Low Fat,NCY29,Health and Hygiene,2020,OUT017,Tier 2,Small,Supermarket Type1,0.077670984,13.64999962,55.0929985,4
Low Fat,NCW29,Health and Hygiene,2020,OUT017,Tier 2,Small,Supermarket Type1,0.029026218,14,131.3309937,4
Low Fat,NCS53,Health and Hygiene,2020,OUT017,Tier 2,Small,Supermarket Type1,0.090286009,14.5,159.9604034,4
Low Fat,NCX05,Health and Hygiene,2020,OUT017,Tier 2,Small,Supermarket Type1,0.097611114,15.19999981,116.549202,4
Low Fat,NCA41,Health and Hygiene,2020,OUT017,Tier 2,Small,Supermarket Type1,0.032771032,16.75,192.3161926,4
Low Fat,NCB06,Health and Hygiene,2020,OUT017,Tier 2,Small,Supermarket Type1,0.082797781,17.60000038,161.4920044,4
Low Fat,NCS17,Health and Hygiene,2020,OUT017,Tier 2,Small,Supermarket Type1,0.080956794,18.60000038,95.24359894,4
Low Fat,NCJ05,Health and Hygiene,2020,OUT017,Tier 2,Small,Supermarket Type1,0.046348967,18.70000076,153.6681976,4
Low Fat,NCY53,Health and Hygiene,2020,OUT017,Tier 2,Small,Supermarket Type1,0.058812134,20,111.6544037,4
Low Fat,NCA17,Health and Hygiene,2020,OUT017,Tier 2,Small,Supermarket Type1,0.045675103,20.60000038,150.9391937,4
Low Fat,NCS30,Household,2020,OUT017,Tier 2,Small,Supermarket Type1,0,5.945000172,128.9651947,4
Low Fat,NCJ43,Household,2020,OUT017,Tier 2,Small,Supermarket Type1,0.027222518,6.635000229,174.0395966,4
Low Fat,NCA42,Household,2020,OUT017,Tier 2,Small,Supermarket Type1,0.028710065,6.965000153,158.1604004,4
Low Fat,NCY18,Household,2020,OUT017,Tier 2,Small,Supermarket Type1,0.03132784,7.284999847,174.6053925,4
Low Fat,NCK42,Household,2020,OUT017,Tier 2,Small,Supermarket Type1,0.01319424,7.474999905,217.4192047,4
Low Fat,NCM06,Household,2020,OUT017,Tier 2,Small,Supermarket Type1,0.076156244,7.474999905,156.4656067,4
Low Fat,NCN06,Household,2020,OUT017,Tier 2,Small,Supermarket Type1,0.121178851,8.390000343,165.1867981,4
Low Fat,NCH43,Household,2020,OUT017,Tier 2,Small,Supermarket Type1,0.070968084,8.420000076,215.9192047,4
Low Fat,NCT54,Household,2020,OUT017,Tier 2,Small,Supermarket Type1,0.12021175,8.694999695,93.20939636,4
Low Fat,NCE55,Household,2020,OUT017,Tier 2,Small,Supermarket Type1,0.130663425,8.920000076,175.2369995,4
Low Fat,NCH06,Household,2020,OUT017,Tier 2,Small,Supermarket Type1,0.076987408,12.30000019,247.9459991,4
Low Fat,NCY06,Household,2020,OUT017,Tier 2,High,Supermarket Type1,0.061530892,15.25,132.2967987,4
Low Fat,NCH55,Household,2020,OUT017,Tier 2,High,Supermarket Type1,0,16.35000038,127.9020004,4
Low Fat,NCX06,Household,2020,OUT017,Tier 2,High,Supermarket Type1,0.015775777,17.60000038,179.1976013,4
Low Fat,NCL42,Household,2020,OUT017,Tier 2,High,Supermarket Type1,0.040599965,18.85000038,244.0144043,4
Low Fat,NCO30,Household,2020,OUT017,Tier 2,High,Supermarket Type1,0.015813841,19.5,183.2608032,4
Low Fat,NCI43,Household,2020,OUT017,Tier 2,High,Supermarket Type1,0.026115594,19.85000038,49.03760147,4
Low Fat,NCJ06,Household,2020,OUT017,Tier 2,High,Supermarket Type1,0.03484863,20.10000038,118.6781998,4
Low Fat,NCB43,Household,2020,OUT017,Tier 2,High,Supermarket Type1,0.100477464,20.20000076,187.7897949,4
Low Fat,NCQ42,Household,2020,OUT017,Tier 2,High,Supermarket Type1,0,20.35000038,125.1678009,4
Low Fat,NCA06,Household,2020,OUT017,Tier 2,High,Supermarket Type1,0.14409408,20.5,34.81900024,4
Low Fat,FDA39,Meat,2020,OUT017,Tier 2,High,Supermarket Type1,0.012789884,6.320000172,39.18220139,4
Low Fat,FDV15,Meat,2020,OUT017,Tier 2,High,Supermarket Type1,0.14699927,10.30000019,103.764801,4
Low Fat,FDM03,Meat,2020,OUT017,Tier 2,High,Supermarket Type1,0.123726711,12.64999962,107.7938004,4
Low Fat,FDU39,Meat,2020,OUT017,Tier 2,High,Supermarket Type1,0.036241796,18.85000038,57.35620117,4
Low Fat,FDR39,Meat,2020,OUT017,Tier 2,High,Supermarket Type1,0.084273286,20.35000038,181.7292023,4
Low Fat,NCL31,Others,2020,OUT017,Tier 2,High,Supermarket Type1,0.120961346,7.389999866,143.8470001,4
Low Fat,NCK07,Others,2020,OUT017,Tier 2,High,Supermarket Type1,0.048962079,10.64999962,165.8526001,4
Low Fat,NCO02,Others,2020,OUT017,Tier 2,High,Supermarket Type1,0.073783159,11.14999962,66.0141983,4
Low Fat,FDH09,Seafood,2020,OUT017,Tier 2,High,Supermarket Type1,0.056394771,12.60000038,51.39820099,4
Low Fat,FDI57,Seafood,2020,OUT017,Tier 2,High,Supermarket Type1,0.054331236,19.85000038,198.7767944,4
Low Fat,FDA33,Snack Foods,2020,OUT017,Tier 2,High,Supermarket Type1,0.034091648,6.480000019,146.2075958,4
Low Fat,FDF22,Snack Foods,2020,OUT017,Tier 2,High,Supermarket Type1,0.057152137,6.864999771,211.8217926,4
Low Fat,FDZ46,Snack Foods,2020,OUT017,Tier 2,High,Supermarket Type1,0.069514714,7.485000134,108.7228012,4
Low Fat,FDH34,Snack Foods,2020,OUT017,Tier 2,High,Supermarket Type1,0.031271134,8.630000114,186.058197,4
Low Fat,FDT58,Snack Foods,2020,OUT017,Tier 2,High,Supermarket Type1,0.086440913,9,167.081604,4
Low Fat,FDE34,Snack Foods,2020,OUT017,Tier 2,High,Supermarket Type1,0.108501673,9.194999695,183.6634064,4
Low Fat,FDT34,Snack Foods,2020,OUT017,Tier 2,High,Supermarket Type1,0.175336465,9.300000191,107.0963974,4
Low Fat,FDZ22,Snack Foods,2020,OUT017,Tier 2,High,Supermarket Type1,0.045525961,9.395000458,83.42500305,4
Low Fat,FDC58,Snack Foods,2020,OUT017,Tier 2,High,Supermarket Type1,0.042179558,10.19499969,44.24280167,4
Low Fat,FDZ33,Snack Foods,2020,OUT017,Tier 2,High,Supermarket Type1,0.108004533,10.19499969,148.7075958,4
Low Fat,FDV09,Snack Foods,2020,OUT017,Tier 2,High,Supermarket Type1,0.020684918,12.10000038,148.5733948,4
Low Fat,FDU22,Snack Foods,2020,OUT017,Tier 2,High,Supermarket Type1,0.093824275,12.35000038,119.9123993,4
Low Fat,FDI22,Snack Foods,2020,OUT017,Tier 2,High,Supermarket Type1,0.096756652,12.60000038,208.7612,4
Low Fat,FDQ33,Snack Foods,2020,OUT017,Tier 2,High,Supermarket Type1,0.09172307,13.35000038,148.8708038,4
Low Fat,FDB34,Snack Foods,2020,OUT017,Tier 2,High,Supermarket Type1,0.026760329,15.25,86.01979828,4
Low Fat,FDX45,Snack Foods,2020,OUT017,Tier 2,High,Supermarket Type1,0.105448902,16.75,156.1629944,4
Low Fat,FDP57,Snack Foods,2020,OUT017,Tier 2,High,Supermarket Type1,0.052740764,17.5,103.7990036,4
Low Fat,FDY10,Snack Foods,2020,OUT017,Tier 2,High,Supermarket Type1,0.049345426,17.60000038,115.4176025,4
Low Fat,FDZ09,Snack Foods,2020,OUT017,Tier 2,High,Supermarket Type1,0.105472207,17.60000038,165.6867981,4
Low Fat,FDJ22,Snack Foods,2020,OUT017,Tier 2,High,Supermarket Type1,0.05310896,18.75,193.6504059,4
Low Fat,DRG49,Soft Drinks,2020,OUT017,Tier 2,High,Supermarket Type1,0.067836851,7.809999943,246.1486053,4
Low Fat,DRI01,Soft Drinks,2020,OUT017,Tier 2,High,Supermarket Type1,0.03464783,7.96999979,171.2422028,4
Low Fat,DRE48,Soft Drinks,2020,OUT017,Tier 2,High,Supermarket Type1,0,8.430000305,195.3768005,4
Low Fat,DRB24,Soft Drinks,2020,OUT017,Tier 2,High,Supermarket Type1,0.020693619,8.784999847,153.1656036,4
Low Fat,DRE60,Soft Drinks,2020,OUT017,Tier 2,High,Supermarket Type1,0.160235718,9.395000458,227.871994,4
Low Fat,DRF60,Soft Drinks,2020,OUT017,Tier 2,High,Supermarket Type1,0.052363243,10.80000019,236.5563965,4
Low Fat,DRJ24,Soft Drinks,2020,OUT017,Tier 2,High,Supermarket Type1,0.113970257,11.80000019,185.1923981,4
Low Fat,DRI13,Soft Drinks,2020,OUT017,Tier 2,High,Supermarket Type1,0.020441938,15.35000038,216.4508057,4
Low Fat,DRH36,Soft Drinks,2020,OUT017,Tier 2,High,Supermarket Type1,0.03356887,16.20000076,74.96959686,4
Low Fat,DRH37,Soft Drinks,2020,OUT017,Tier 2,High,Supermarket Type1,0.041851755,17.60000038,162.752594,4
Low Fat,DRH25,Soft Drinks,2020,OUT017,Tier 2,High,Supermarket Type1,0.014675574,18.70000076,50.83240128,4
Low Fat,FDD35,Starchy Foods,2020,OUT017,Tier 2,High,Supermarket Type1,0.026010729,12.14999962,119.1439972,4
Low Fat,FDF47,Starchy Foods,2020,OUT017,Tier 2,High,Supermarket Type1,0.0981704,20.85000038,224.0746002,4
Regular,FDE36,Baking Goods,2015,OUT045,Tier 2,High,Supermarket Type1,0.041857101,5.260000229,162.7868042,4
Regular,FDQ36,Baking Goods,2015,OUT045,Tier 2,High,Supermarket Type1,0.161875069,7.855000019,35.68479919,4
Regular,FDW12,Baking Goods,2015,OUT045,Tier 2,High,Supermarket Type1,0.035644326,8.31499958,147.1443939,4
Regular,FDJ12,Baking Goods,2015,OUT045,Tier 2,High,Supermarket Type1,0.03912029,8.895000458,206.8296051,4
Regular,FDY60,Baking Goods,2015,OUT045,Tier 2,High,Supermarket Type1,0.026424425,10.5,145.2127991,4
Regular,FDR12,Baking Goods,2015,OUT045,Tier 2,High,Supermarket Type1,0.031598706,12.60000038,172.9763947,4
Regular,FDO48,Baking Goods,2015,OUT045,Tier 2,High,Supermarket Type1,0.026895201,15,220.3455963,4
Regular,FDU12,Baking Goods,2015,OUT045,Tier 2,High,Supermarket Type1,0.075904697,15.5,263.9567871,4
Regular,FDX11,Baking Goods,2015,OUT045,Tier 2,High,Supermarket Type1,0.106968574,16,180.5634003,4
Regular,FDU60,Baking Goods,2015,OUT045,Tier 2,High,Supermarket Type1,0.060022525,20,168.7131958,4
Regular,FDV60,Baking Goods,2015,OUT045,Tier 2,High,Supermarket Type1,0.117599256,20.20000076,195.3110046,4
Regular,FDS24,Baking Goods,2015,OUT045,Tier 2,High,Supermarket Type1,0.062350672,20.85000038,86.95140076,4
Regular,FDQ59,Breads,2015,OUT045,Tier 2,High,Supermarket Type1,0.056500897,9.800000191,85.89080048,4
Regular,FDR11,Breads,2015,OUT045,Tier 2,High,Supermarket Type1,0.142827302,10.5,159.4577942,4
Regular,FDF26,Canned,2015,OUT045,Tier 2,High,Supermarket Type1,0.046729337,6.824999809,153.4998016,4
Regular,FDG38,Canned,2015,OUT045,Tier 2,High,Supermarket Type1,0.052836075,8.975000381,86.62239838,4
Regular,FDB02,Canned,2015,OUT045,Tier 2,High,Supermarket Type1,0.029223423,9.694999695,175.4369965,4
Regular,FDZ49,Canned,2015,OUT045,Tier 2,High,Supermarket Type1,0.133415639,11,218.7798004,4
Regular,FDI38,Canned,2015,OUT045,Tier 2,High,Supermarket Type1,0.014656564,13.35000038,208.563797,4
Regular,FDE14,Canned,2015,OUT045,Tier 2,High,Supermarket Type1,0.031508923,13.64999962,98.76999664,4
Regular,FDL38,Canned,2015,OUT045,Tier 2,High,Supermarket Type1,0.014762987,13.80000019,90.71720123,4
Regular,FDJ26,Canned,2015,OUT045,Tier 2,High,Supermarket Type1,0.084937096,15.30000019,214.0218048,4
Regular,FDZ25,Canned,2015,OUT045,Tier 2,High,Supermarket Type1,0.027673054,15.69999981,169.279007,4
Regular,FDR25,Canned,2015,OUT045,Tier 2,High,Supermarket Type1,0.139804885,17,265.7883911,4
Regular,FDY37,Canned,2015,OUT045,Tier 2,High,Supermarket Type1,0.026622757,17,144.246994,4
Regular,FDH14,Canned,2015,OUT045,Tier 2,High,Supermarket Type1,0.046903484,17.10000038,142.0838013,4
Regular,FDV01,Canned,2015,OUT045,Tier 2,High,Supermarket Type1,0.085122854,19.20000076,155.4313965,4
Regular,FDH26,Canned,2015,OUT045,Tier 2,High,Supermarket Type1,0.034770109,19.25,141.9496002,4
Regular,FDU49,Canned,2015,OUT045,Tier 2,High,Supermarket Type1,0.03075661,19.5,86.2539978,4
Regular,FDE50,Canned,2015,OUT045,Tier 2,High,Supermarket Type1,0.016238512,19.70000076,186.4555969,4
Regular,FDI27,Dairy,2015,OUT045,Tier 2,High,Supermarket Type1,0.046079576,8.710000038,43.57440186,4
Regular,FDY02,Dairy,2015,OUT045,Tier 2,High,Supermarket Type1,0.087823674,8.944999695,261.0910034,4
Regular,FDQ26,Dairy,2015,OUT045,Tier 2,High,Supermarket Type1,0.068010047,13.5,57.25619888,4
Regular,FDB40,Dairy,2015,OUT045,Tier 2,High,Supermarket Type1,0.007555176,17.5,145.910202,4
Regular,FDT26,Dairy,2015,OUT045,Tier 2,High,Supermarket Type1,0.068091318,18.85000038,120.6439972,4
Regular,FDL51,Dairy,2015,OUT045,Tier 2,High,Supermarket Type1,0.047587685,20.70000076,215.0876007,4
Regular,FDD41,Frozen Foods,2015,OUT045,Tier 2,High,Supermarket Type1,0.087437071,6.764999866,106.1306,4
Regular,FDY28,Frozen Foods,2015,OUT045,Tier 2,High,Supermarket Type1,0,7.46999979,211.8217926,4
Regular,FDV04,Frozen Foods,2015,OUT045,Tier 2,High,Supermarket Type1,0.150319472,7.824999809,156.9288025,4
Regular,FDS28,Frozen Foods,2015,OUT045,Tier 2,High,Supermarket Type1,0.082568705,8.180000305,56.15879822,4
Regular,FDT16,Frozen Foods,2015,OUT045,Tier 2,High,Supermarket Type1,0.048761047,9.895000458,260.5278015,4
Regular,FDS04,Frozen Foods,2015,OUT045,Tier 2,High,Supermarket Type1,0.146960378,10.19499969,142.2837982,4
Regular,FDA04,Frozen Foods,2015,OUT045,Tier 2,High,Supermarket Type1,0.066865325,11.30000019,260.1961975,4
Regular,FDO52,Frozen Foods,2015,OUT045,Tier 2,High,Supermarket Type1,0.07732109,11.60000038,169.3105927,4
Regular,FDH05,Frozen Foods,2015,OUT045,Tier 2,High,Supermarket Type1,0.091098018,14.35000038,233.5984039,4
Regular,FDY16,Frozen Foods,2015,OUT045,Tier 2,High,Supermarket Type1,0.092413791,18.35000038,183.6266022,4
Regular,FDX04,Frozen Foods,2015,OUT045,Tier 2,High,Supermarket Type1,0.041655865,19.60000038,48.53760147,4
Regular,FDA07,Fruits and Vegetables,2015,OUT045,Tier 2,High,Supermarket Type1,0.031007381,7.550000191,123.4072037,4
Regular,FDB56,Fruits and Vegetables,2015,OUT045,Tier 2,High,Supermarket Type1,0.074778549,8.75,186.3556061,4
Regular,FDH56,Fruits and Vegetables,2015,OUT045,Tier 2,High,Supermarket Type1,0.063946627,9.800000191,116.6492004,4
Regular,FDO56,Fruits and Vegetables,2015,OUT045,Tier 2,High,Supermarket Type1,0.045073781,10.19499969,119.1808014,4
Regular,FDF21,Fruits and Vegetables,2015,OUT045,Tier 2,High,Supermarket Type1,0,10.30000019,189.0529938,4
Regular,FDU31,Fruits and Vegetables,2015,OUT045,Tier 2,High,Supermarket Type1,0.025041739,10.5,218.7507935,4
Regular,FDW19,Fruits and Vegetables,2015,OUT045,Tier 2,High,Supermarket Type1,0.038578503,12.35000038,109.5569992,4
Regular,FDZ08,Fruits and Vegetables,2015,OUT045,Tier 2,High,Supermarket Type1,0.11021544,12.5,81.85919952,4
Regular,FDS31,Fruits and Vegetables,2015,OUT045,Tier 2,High,Supermarket Type1,0.044281997,13.10000038,178.5317993,4
Regular,FDD56,Fruits and Vegetables,2015,OUT045,Tier 2,High,Supermarket Type1,0.103988737,15.19999981,177.0054016,4
Regular,FDG20,Fruits and Vegetables,2015,OUT045,Tier 2,High,Supermarket Type1,0.125942811,15.5,176.0028076,4
Regular,FDP44,Fruits and Vegetables,2015,OUT045,Tier 2,High,Supermarket Type1,0.079875238,16.5,102.7332001,4
Regular,FDF56,Fruits and Vegetables,2015,OUT045,Tier 2,High,Supermarket Type1,0.1197045,16.70000076,181.9976044,4
Regular,FDW32,Fruits and Vegetables,2015,OUT045,Tier 2,High,Supermarket Type1,0.094488069,18.35000038,87.1882019,4
Regular,FDR20,Fruits and Vegetables,2015,OUT045,Tier 2,High,Supermarket Type1,0.028180789,20,46.87440109,4
Regular,FDX31,Fruits and Vegetables,2015,OUT045,Tier 2,High,Supermarket Type1,0,20.35000038,234.4958038,4
Regular,FDG09,Fruits and Vegetables,2015,OUT045,Tier 2,High,Supermarket Type1,0.048033498,20.60000038,188.2556,4
Regular,FDJ20,Fruits and Vegetables,2015,OUT045,Tier 2,High,Supermarket Type1,0.100378096,20.70000076,122.438797,4
Regular,FDT39,Meat,2015,OUT045,Tier 2,High,Supermarket Type1,0.009887927,6.260000229,150.7366028,4
Regular,FDR51,Meat,2015,OUT045,Tier 2,High,Supermarket Type1,0.173821524,9.034999847,151.4707947,4
Regular,FDR15,Meat,2015,OUT045,Tier 2,High,Supermarket Type1,0.033505805,9.300000191,153.4313965,4
Regular,FDS27,Meat,2015,OUT045,Tier 2,High,Supermarket Type1,0.012483408,10.19499969,195.4109955,4
Regular,FDM51,Meat,2015,OUT045,Tier 2,High,Supermarket Type1,0.025978802,11.80000019,102.5673981,4
Regular,FDQ03,Meat,2015,OUT045,Tier 2,High,Supermarket Type1,0.078172468,15,238.8247986,4
Regular,FDN51,Meat,2015,OUT045,Tier 2,High,Supermarket Type1,0.020989308,17.85000038,260.7936096,4
Regular,FDL03,Meat,2015,OUT045,Tier 2,High,Supermarket Type1,0.027135521,19.25,196.3110046,4
Regular,FDG21,Seafood,2015,OUT045,Tier 2,High,Supermarket Type1,0,17.35000038,150.2050018,4
Regular,FDX22,Snack Foods,2015,OUT045,Tier 2,High,Supermarket Type1,0.023021406,6.784999847,208.9927979,4
Regular,FDI58,Snack Foods,2015,OUT045,Tier 2,High,Supermarket Type1,0.070847861,7.639999866,91.71199799,4
Regular,FDV10,Snack Foods,2015,OUT045,Tier 2,High,Supermarket Type1,0,7.644999981,41.71120071,4
Regular,FDW57,Snack Foods,2015,OUT045,Tier 2,High,Supermarket Type1,0.115911976,8.31000042,177.3027954,4
Regular,FDB46,Snack Foods,2015,OUT045,Tier 2,High,Supermarket Type1,0.093954019,10.5,211.8244019,4
Regular,FDI34,Snack Foods,2015,OUT045,Tier 2,High,Supermarket Type1,0.085308611,10.64999962,230.2667999,4
Regular,FDV34,Snack Foods,2015,OUT045,Tier 2,High,Supermarket Type1,0.011448629,10.69499969,72.90380096,4
Regular,FDK58,Snack Foods,2015,OUT045,Tier 2,High,Supermarket Type1,0.045073781,11.35000038,101.9016037,4
Regular,FDW46,Snack Foods,2015,OUT045,Tier 2,High,Supermarket Type1,0.070444234,13,63.44839859,4
Regular,FDW09,Snack Foods,2015,OUT045,Tier 2,High,Supermarket Type1,0.025973383,13.64999962,79.63020325,4
Regular,FDP22,Snack Foods,2015,OUT045,Tier 2,High,Supermarket Type1,0.099333219,14.64999962,51.36660004,4
Regular,FDL57,Snack Foods,2015,OUT045,Tier 2,High,Supermarket Type1,0.067212842,15.10000038,260.2304077,4
Regular,FDV57,Snack Foods,2015,OUT045,Tier 2,High,Supermarket Type1,0,15.25,178.1660004,4
Regular,FDC34,Snack Foods,2015,OUT045,Tier 2,High,Supermarket Type1,0.173109457,16,155.2971954,4
Regular,FDT10,Snack Foods,2015,OUT045,Tier 2,High,Supermarket Type1,0.062170334,16.70000076,60.95619965,4
Regular,FDL09,Snack Foods,2015,OUT045,Tier 2,High,Supermarket Type1,0.128295735,19.60000038,167.281601,4
Regular,FDY57,Snack Foods,2015,OUT045,Tier 2,High,Supermarket Type1,0.121500142,20.20000076,95.07520294,4
Regular,DRC01,Soft Drinks,2015,OUT045,Tier 2,High,Supermarket Type1,0.019238941,5.920000076,49.86920166,4
Regular,DRD01,Soft Drinks,2015,OUT045,Tier 2,High,Supermarket Type1,0.0612996,12.10000038,56.26139832,4
Regular,FDF11,Starchy Foods,2015,OUT045,Tier 2,High,Supermarket Type1,0.017666979,10.19499969,239.4537964,4
Regular,FDC59,Starchy Foods,2015,OUT045,Tier 2,High,Supermarket Type1,0.054739691,16.70000076,65.71679688,4
Regular,FDB36,Baking Goods,2020,OUT017,Tier 2,High,Supermarket Type1,0.048801675,5.465000153,132.1625977,4
Regular,FDX36,Baking Goods,2020,OUT017,Tier 2,High,Supermarket Type1,0.129008859,9.694999695,226.9403992,4
Regular,FDP36,Baking Goods,2020,OUT017,Tier 2,High,Supermarket Type1,0.091688111,10.39500046,49.00080109,4
Regular,FDR12,Baking Goods,2020,OUT017,Tier 2,High,Supermarket Type1,0.031713124,12.60000038,172.5764008,4
Regular,FDA35,Baking Goods,2020,OUT017,Tier 2,High,Supermarket Type1,0.054142088,14.85000038,124.1072006,4
Regular,FDV12,Baking Goods,2020,OUT017,Tier 2,High,Supermarket Type1,0.061219011,16.70000076,100.0383987,4
Regular,FDH60,Baking Goods,2020,OUT017,Tier 2,High,Supermarket Type1,0.081193715,19.70000076,198.4109955,4
Regular,FDZ47,Baking Goods,2020,OUT017,Tier 2,High,Supermarket Type1,0,20.70000076,98.70420074,4
Regular,FDT11,Breads,2020,OUT017,Tier 2,High,Supermarket Type1,0.029538509,5.940000057,189.4555969,4
Regular,FDR59,Breads,2020,OUT017,Tier 2,High,Supermarket Type1,0.064224787,14.5,262.7593994,4
Regular,FDR01,Canned,2020,OUT017,Tier 2,High,Supermarket Type1,0.053924587,5.40500021,198.2742004,4
Regular,FDF26,Canned,2020,OUT017,Tier 2,High,Supermarket Type1,0.046898544,6.824999809,153.7998047,4
Regular,FDI38,Canned,2020,OUT017,Tier 2,High,Supermarket Type1,0,13.35000038,206.9638062,4
Regular,FDR25,Canned,2020,OUT017,Tier 2,High,Supermarket Type1,0.140311122,17,265.688385,4
Regular,FDQ01,Canned,2020,OUT017,Tier 2,High,Supermarket Type1,0.161610633,19.70000076,255.2014008,4
Regular,FDU01,Canned,2020,OUT017,Tier 2,High,Supermarket Type1,0.012063121,20.25,183.5924072,4
Regular,FDC16,Dairy,2020,OUT017,Tier 2,High,Supermarket Type1,0.020686161,11.5,85.05400085,4
Regular,FDZ26,Dairy,2020,OUT017,Tier 2,High,Supermarket Type1,0.14483203,11.60000038,239.8222046,4
Regular,FDW26,Dairy,2020,OUT017,Tier 2,High,Supermarket Type1,0.107662745,11.80000019,224.1772003,4
Regular,FDZ50,Dairy,2020,OUT017,Tier 2,High,Supermarket Type1,0.079523616,12.80000019,181.7608032,4
Regular,FDE40,Dairy,2020,OUT017,Tier 2,High,Supermarket Type1,0.099704556,15.60000038,63.11940002,4
Regular,FDY15,Dairy,2020,OUT017,Tier 2,High,Supermarket Type1,0.171794325,18.25,154.6629944,4
Regular,FDN28,Frozen Foods,2020,OUT017,Tier 2,High,Supermarket Type1,0.030418998,5.880000114,103.098999,4
Regular,FDH04,Frozen Foods,2020,OUT017,Tier 2,High,Supermarket Type1,0.011437302,6.114999771,92.44879913,4
Regular,FDI05,Frozen Foods,2020,OUT017,Tier 2,High,Supermarket Type1,0.127587348,8.350000381,76.53540039,4
Regular,FDI53,Frozen Foods,2020,OUT017,Tier 2,High,Supermarket Type1,0.138423532,8.895000458,163.0236053,4
Regular,FDE05,Frozen Foods,2020,OUT017,Tier 2,High,Supermarket Type1,0.032637618,10.89500046,147.7102051,4
Regular,FDC05,Frozen Foods,2020,OUT017,Tier 2,High,Supermarket Type1,0.099343352,13.10000038,198.1768036,4
Regular,FDQ28,Frozen Foods,2020,OUT017,Tier 2,High,Supermarket Type1,0.060768861,14,154.8656006,4
Regular,FDH28,Frozen Foods,2020,OUT017,Tier 2,High,Supermarket Type1,0.110653378,15.85000038,36.95059967,4
Regular,FDA28,Frozen Foods,2020,OUT017,Tier 2,High,Supermarket Type1,0.048072271,16.10000038,126.5362015,4
Regular,FDX04,Frozen Foods,2020,OUT017,Tier 2,High,Supermarket Type1,0.041806702,19.60000038,48.83760071,4
Regular,FDV52,Frozen Foods,2020,OUT017,Tier 2,High,Supermarket Type1,0.122208089,20.70000076,119.7465973,4
Regular,FDT07,Fruits and Vegetables,2020,OUT017,Tier 2,High,Supermarket Type1,0.077756427,5.820000172,254.5330048,4
Regular,FDO31,Fruits and Vegetables,2020,OUT017,Tier 2,Medium,Supermarket Type1,0.029146619,6.760000229,79.29599762,4
Regular,FDN08,Fruits and Vegetables,2020,OUT017,Tier 2,Medium,Supermarket Type1,0.08886449,7.71999979,119.3466034,4
Regular,FDY08,Fruits and Vegetables,2020,OUT017,Tier 2,Medium,Supermarket Type1,0.172042891,9.395000458,139.9837952,4
Regular,FDM08,Fruits and Vegetables,2020,OUT017,Tier 2,Medium,Supermarket Type1,0.0538873,10.10000038,225.6087952,4
Regular,FDO08,Fruits and Vegetables,2020,OUT017,Tier 2,Medium,Supermarket Type1,0.054079555,11.10000038,165.9526062,4
Regular,FDJ44,Fruits and Vegetables,2020,OUT017,Tier 2,Medium,Supermarket Type1,0.106928684,12.30000019,173.7395935,4
Regular,FDW19,Fruits and Vegetables,2020,OUT017,Tier 2,Medium,Supermarket Type1,0.038718194,12.35000038,110.6569977,4
Regular,FDY20,Fruits and Vegetables,2020,OUT017,Tier 2,Medium,Supermarket Type1,0.08221519,12.5,91.44879913,4
Regular,FDZ08,Fruits and Vegetables,2020,OUT017,Tier 2,Medium,Supermarket Type1,0.110614538,12.5,80.65920258,4
Regular,FDO20,Fruits and Vegetables,2020,OUT017,Tier 2,Medium,Supermarket Type1,0.1529883,12.85000038,253.738205,4
Regular,FDR19,Fruits and Vegetables,2020,OUT017,Tier 2,Medium,Supermarket Type1,0.160624117,13.5,147.0101929,4
Regular,FDX32,Fruits and Vegetables,2020,OUT017,Tier 2,Medium,Supermarket Type1,0.100423083,15.10000038,144.778595,4
Regular,FDQ08,Fruits and Vegetables,2020,OUT017,Tier 2,Medium,Supermarket Type1,0.019037429,15.69999981,60.55360031,4
Regular,FDF56,Fruits and Vegetables,2020,OUT017,Tier 2,Medium,Supermarket Type1,0.120137952,16.70000076,181.2976074,4
Regular,FDW07,Fruits and Vegetables,2020,OUT017,Tier 2,Medium,Supermarket Type1,0.143495947,18,88.75140381,4
Regular,FDH44,Fruits and Vegetables,2020,OUT017,Tier 2,Medium,Supermarket Type1,0.026018497,19.10000038,148.241806,4
Regular,FDU20,Fruits and Vegetables,2020,OUT017,Tier 2,Medium,Supermarket Type1,0.021578923,19.35000038,120.5098038,4
Regular,FDX31,Fruits and Vegetables,2020,OUT017,Tier 2,Medium,Supermarket Type1,0.014909465,20.35000038,232.3957977,4
Regular,FDG09,Fruits and Vegetables,2020,OUT017,Tier 2,Medium,Supermarket Type1,0.048207432,20.60000038,188.055603,4
Regular,FDP31,Fruits and Vegetables,2020,OUT017,Tier 2,Medium,Supermarket Type1,0.1624185,21.10000038,64.91680145,4
Regular,FDT39,Meat,2020,OUT017,Tier 2,Medium,Supermarket Type1,0.009923732,6.260000229,152.8365936,4
Regular,FDW39,Meat,2020,OUT017,Tier 2,Medium,Supermarket Type1,0,6.690000057,176.9369965,4
Regular,FDS27,Meat,2020,OUT017,Tier 2,Medium,Supermarket Type1,0.012528611,10.19499969,195.1109924,4
Regular,FDO15,Meat,2020,OUT017,Tier 2,Medium,Supermarket Type1,0.008615,16.75,72.40380096,4
Regular,FDU51,Meat,2020,OUT017,Tier 2,Medium,Supermarket Type1,0.097059593,20.20000076,178.6027985,4
Regular,FDW21,Snack Foods,2020,OUT017,Tier 2,Medium,Supermarket Type1,0.005997615,5.340000153,100.4357986,4
Regular,FDW57,Snack Foods,2020,OUT017,Tier 2,Medium,Supermarket Type1,0.116331697,8.31000042,176.9028015,4
Regular,FDM45,Snack Foods,2020,OUT017,Tier 2,Medium,Supermarket Type1,0.088693596,8.654999733,122.5755997,4
Regular,FDS09,Snack Foods,2020,OUT017,Tier 2,Medium,Supermarket Type1,0.081547149,8.895000458,49.80080032,4
Regular,FDG58,Snack Foods,2020,OUT017,Tier 2,Medium,Supermarket Type1,0.08727207,10.69499969,153.7971954,4
Regular,FDP22,Snack Foods,2020,OUT017,Tier 2,Medium,Supermarket Type1,0.099692903,14.64999962,50.96659851,4
Regular,FDV57,Snack Foods,2020,OUT017,Tier 2,Medium,Supermarket Type1,0.066269293,15.25,179.6660004,4
Regular,FDS46,Snack Foods,2020,OUT017,Tier 2,Medium,Supermarket Type1,0.047524635,17.60000038,118.2781982,4
Regular,FDZ21,Snack Foods,2020,OUT017,Tier 2,Medium,Supermarket Type1,0.039443716,17.60000038,95.84100342,4
Regular,FDR22,Snack Foods,2020,OUT017,Tier 2,Medium,Supermarket Type1,0.018667601,19.35000038,112.9543991,4
Regular,FDS34,Snack Foods,2020,OUT017,Tier 2,Medium,Supermarket Type1,0.077193253,19.35000038,112.7518005,4
Regular,DRB13,Soft Drinks,2020,OUT017,Tier 2,Medium,Supermarket Type1,0.007084185,6.114999771,191.1529999,4
Regular,DRC13,Soft Drinks,2020,OUT017,Tier 2,Medium,Supermarket Type1,0.032625075,8.260000229,124.6729965,4
Regular,DRY23,Soft Drinks,2020,OUT017,Tier 2,Medium,Supermarket Type1,0.109713465,9.395000458,41.31119919,4
Regular,DRA24,Soft Drinks,2020,OUT017,Tier 2,Medium,Supermarket Type1,0.040154088,19.35000038,164.6867981,4
Regular,FDD59,Starchy Foods,2020,OUT017,Tier 2,Medium,Supermarket Type1,0.06655515,10.5,80.89600372,4
Regular,FDB35,Starchy Foods,2020,OUT017,Tier 2,Medium,Supermarket Type1,0.064984486,12.30000019,92.58039856,4
Regular,FDC59,Starchy Foods,2020,OUT017,Tier 2,Medium,Supermarket Type1,0.054937907,16.70000076,64.21679688,4
Low Fat,FDB52,Dairy,2015,OUT045,Tier 2,Medium,Supermarket Type1,0.030497326,17.75,256.9671936,4
Low Fat,FDM44,Fruits and Vegetables,2015,OUT045,Tier 2,Medium,Supermarket Type1,0.031112643,12.5,104.9990005,4
Low Fat,FDD09,Fruits and Vegetables,2020,OUT017,Tier 2,Medium,Supermarket Type1,0.021617996,13.5,179.6976013,4
Low Fat,NCR54,Household,2020,OUT017,Tier 2,Medium,Supermarket Type1,0.091074452,16.35000038,196.8110046,4
Low Fat,FDA46,Snack Foods,2020,OUT017,Tier 2,Medium,Supermarket Type1,0.118300848,13.60000038,196.2135925,4
Low Fat,FDL22,Snack Foods,2020,OUT017,Tier 2,Medium,Supermarket Type1,0.036596011,16.85000038,90.64880371,4
Regular,FDI40,Frozen Foods,2015,OUT045,Tier 2,Medium,Supermarket Type1,0.125857681,11.5,100.5357971,4
Regular,FDI08,Fruits and Vegetables,2015,OUT045,Tier 2,Medium,Supermarket Type1,0.066431507,18.20000076,250.1092072,4
Regular,FDR36,Baking Goods,2020,OUT017,Tier 2,Medium,Supermarket Type1,0.122274116,6.715000153,40.34540176,4
Regular,FDF24,Baking Goods,2020,OUT017,Tier 2,Medium,Supermarket Type1,0.025513973,15.5,83.79340363,4
Regular,FDI41,Frozen Foods,2020,OUT017,Tier 2,Medium,Supermarket Type1,0.062609069,18.5,148.6417999,4
Regular,FDF57,Fruits and Vegetables,2020,OUT017,Tier 2,Medium,Supermarket Type1,0.059160136,14.5,170.7447968,4
Low Fat,FDQ14,Dairy,2017,OUT035,Tier 2,Small,Supermarket Type1,0.061775606,9.270000458,150.1049957,4
Low Fat,FDD51,Dairy,2017,OUT035,Tier 2,Small,Supermarket Type1,0.119930029,11.14999962,44.2743988,4
Low Fat,FDJ16,Frozen Foods,2017,OUT035,Tier 2,Small,Supermarket Type1,0.114863925,9.194999695,59.02460098,4
Low Fat,FDP19,Fruits and Vegetables,2017,OUT035,Tier 2,Small,Supermarket Type1,0.173483253,11.5,129.0652008,4
Low Fat,NCN53,Health and Hygiene,2017,OUT035,Tier 2,Small,Supermarket Type1,0.030349722,5.175000191,37.08739853,4
Low Fat,DRE48,Soft Drinks,2017,OUT035,Tier 2,Small,Supermarket Type1,0.017322455,8.430000305,196.8768005,4
Low Fat,DRA12,Soft Drinks,2017,OUT035,Tier 2,Small,Supermarket Type1,0,11.60000038,141.9154053,4
Low Fat,FDC48,Baking Goods,2017,OUT035,Tier 2,Small,Supermarket Type1,0.015856296,9.194999695,81.65920258,4
Low Fat,FDI24,Baking Goods,2017,OUT035,Tier 2,Small,Supermarket Type1,0.078728914,10.30000019,178.4369965,4
Low Fat,FDO24,Baking Goods,2017,OUT035,Tier 2,Small,Supermarket Type1,0.176182345,11.10000038,158.1604004,4
Low Fat,FDW36,Baking Goods,2017,OUT035,Tier 2,Small,Supermarket Type1,0.056921877,11.14999962,107.1622009,4
Low Fat,FDZ60,Baking Goods,2017,OUT035,Tier 2,Small,Supermarket Type1,0.119339243,20.5,106.0596008,4
Low Fat,FDW35,Breads,2017,OUT035,Tier 2,Small,Supermarket Type1,0.011087128,10.60000038,41.44540024,4
Low Fat,FDR35,Breads,2017,OUT035,Tier 2,Small,Supermarket Type1,0.020693809,12.5,199.1741943,4
Low Fat,FDM13,Breakfast,2017,OUT035,Tier 2,Small,Supermarket Type1,0.063163377,6.425000191,132.2626038,4
Low Fat,FDQ37,Breakfast,2017,OUT035,Tier 2,Small,Supermarket Type1,0.089243792,20.75,192.0478058,4
Low Fat,FDF50,Canned,2017,OUT035,Tier 2,Small,Supermarket Type1,0.117308162,4.90500021,195.7767944,4
Low Fat,FDW25,Canned,2017,OUT035,Tier 2,Small,Supermarket Type1,0.037391882,5.175000191,83.22239685,4
Low Fat,FDO25,Canned,2017,OUT035,Tier 2,Small,Supermarket Type1,0.127424926,6.300000191,208.1269989,4
Low Fat,FDK14,Canned,2017,OUT035,Tier 2,Small,Supermarket Type1,0.041098017,6.980000019,81.69339752,4
Low Fat,FDT25,Canned,2017,OUT035,Tier 2,Small,Supermarket Type1,0.050741378,7.5,123.2071991,4
Low Fat,FDU13,Canned,2017,OUT035,Tier 2,Small,Supermarket Type1,0.187523171,8.354999542,146.241806,4
Low Fat,FDC26,Canned,2017,OUT035,Tier 2,Small,Supermarket Type1,0.126359195,10.19499969,109.2885971,4
Low Fat,FDM14,Canned,2017,OUT035,Tier 2,Small,Supermarket Type1,0.01326146,13.80000019,108.0253983,4
Low Fat,FDT13,Canned,2017,OUT035,Tier 2,Small,Supermarket Type1,0.018568128,14.85000038,188.221405,4
Low Fat,FDC02,Canned,2017,OUT035,Tier 2,Small,Supermarket Type1,0.068809465,21.35000038,258.5278015,4
Low Fat,DRI03,Dairy,2017,OUT035,Tier 2,Small,Supermarket Type1,0.022699401,6.03000021,176.4028015,4
Low Fat,FDB51,Dairy,2017,OUT035,Tier 2,Small,Supermarket Type1,0.038446806,6.920000076,63.58520126,4
Low Fat,FDC39,Dairy,2017,OUT035,Tier 2,Small,Supermarket Type1,0.159165323,7.40500021,207.1295929,4
Low Fat,FDE39,Dairy,2017,OUT035,Tier 2,Small,Supermarket Type1,0.036127672,7.889999866,117.4782028,4
Low Fat,FDB16,Dairy,2017,OUT035,Tier 2,Small,Supermarket Type1,0.044917289,8.210000038,88.51979828,4
Low Fat,FDY14,Dairy,2017,OUT035,Tier 2,Small,Supermarket Type1,0.070026949,10.30000019,263.6225891,4
Low Fat,DRD15,Dairy,2017,OUT035,Tier 2,Small,Supermarket Type1,0.056785181,10.60000038,231.9642029,4
Low Fat,DRE27,Dairy,2017,OUT035,Tier 2,Small,Supermarket Type1,0.132645488,11.85000038,96.97260284,4
Low Fat,FDD03,Dairy,2017,OUT035,Tier 2,Small,Supermarket Type1,0.079791173,13.30000019,232.7299957,4
Low Fat,FDI15,Dairy,2017,OUT035,Tier 2,Small,Supermarket Type1,0.141325831,13.80000019,265.0884094,4
Low Fat,DRI51,Dairy,2017,OUT035,Tier 2,Small,Supermarket Type1,0.042233642,17.25,173.3764038,4
Low Fat,DRH51,Dairy,2017,OUT035,Tier 2,Small,Supermarket Type1,0.097198196,17.60000038,89.88559723,4
Low Fat,FDJ41,Frozen Foods,2017,OUT035,Tier 2,Small,Supermarket Type1,0.022878952,6.849999905,262.3594055,4
Low Fat,FDD17,Frozen Foods,2017,OUT035,Tier 2,Small,Supermarket Type1,0,7.5,237.7906036,4
Low Fat,FDH41,Frozen Foods,2017,OUT035,Tier 2,Small,Supermarket Type1,0.081996016,9,216.2534027,4
Low Fat,FDC17,Frozen Foods,2017,OUT035,Tier 2,Small,Supermarket Type1,0.015457803,12.14999962,209.9927979,4
Low Fat,FDG52,Frozen Foods,2017,OUT035,Tier 2,Small,Supermarket Type1,0.065618433,13.64999962,47.64020157,4
Low Fat,FDM52,Frozen Foods,2017,OUT035,Tier 2,Small,Supermarket Type1,0.025988508,15.10000038,146.607605,4
Low Fat,FDQ52,Frozen Foods,2017,OUT035,Tier 2,Small,Supermarket Type1,0.119362406,17,249.4434052,4
Low Fat,FDV40,Frozen Foods,2017,OUT035,Tier 2,Small,Supermarket Type1,0.014689006,17.35000038,74.50379944,4
Low Fat,FDF05,Frozen Foods,2017,OUT035,Tier 2,Small,Supermarket Type1,0.026865808,17.5,261.6910095,4
Low Fat,FDG29,Frozen Foods,2017,OUT035,Tier 2,Small,Supermarket Type1,0.056281276,17.60000038,40.34540176,4
Low Fat,FDX16,Frozen Foods,2017,OUT035,Tier 2,Small,Supermarket Type1,0.065797605,17.85000038,147.8049927,4
Low Fat,FDL04,Frozen Foods,2017,OUT035,Tier 2,Small,Supermarket Type1,0.111902259,19,105.4621964,4
Low Fat,FDZ52,Frozen Foods,2017,OUT035,Tier 2,Small,Supermarket Type1,0.100055598,19.20000076,112.4886017,4
Low Fat,FDU40,Frozen Foods,2017,OUT035,Tier 2,Small,Supermarket Type1,0.0373969,20.85000038,193.8477936,4
Low Fat,FDS08,Fruits and Vegetables,2017,OUT035,Tier 2,Small,Supermarket Type1,0.05695045,5.735000134,177.9369965,4
Low Fat,FDG44,Fruits and Vegetables,2017,OUT035,Tier 2,Small,Supermarket Type1,0.10217163,6.130000114,53.82979965,4
Low Fat,FDF09,Fruits and Vegetables,2017,OUT035,Tier 2,Small,Supermarket Type1,0.012146608,6.215000153,37.98479843,4
Low Fat,FDA20,Fruits and Vegetables,2017,OUT035,Tier 2,Small,Supermarket Type1,0.066608489,6.78000021,184.6239929,4
Low Fat,FDG45,Fruits and Vegetables,2017,OUT035,Tier 2,Small,Supermarket Type1,0.128011853,8.100000381,210.9902039,4
Low Fat,FDX44,Fruits and Vegetables,2017,OUT035,Tier 2,Small,Supermarket Type1,0.04295842,9.300000191,89.31719971,4
Low Fat,FDH57,Fruits and Vegetables,2017,OUT035,Tier 2,Small,Supermarket Type1,0.035740763,10.89500046,131.9284058,4
Low Fat,FDU07,Fruits and Vegetables,2017,OUT035,Tier 2,Small,Supermarket Type1,0.059835657,11.10000038,151.3365936,4
Low Fat,FDE45,Fruits and Vegetables,2017,OUT035,Tier 2,Small,Supermarket Type1,0,12.10000038,177.3002014,4
Low Fat,FDH32,Fruits and Vegetables,2017,OUT035,Tier 2,Small,Supermarket Type1,0.076045655,12.80000019,96.54100037,4
Low Fat,FDG57,Fruits and Vegetables,2017,OUT035,Tier 2,Small,Supermarket Type1,0.072284691,14.69999981,49.80339813,4
Low Fat,FDZ20,Fruits and Vegetables,2017,OUT035,Tier 2,Small,Supermarket Type1,0.034300476,16.10000038,253.2355957,4
Low Fat,FDB09,Fruits and Vegetables,2017,OUT035,Tier 2,Small,Supermarket Type1,0.05738524,16.25,126.2045975,4
Low Fat,FDC45,Fruits and Vegetables,2017,OUT035,Tier 2,Small,Supermarket Type1,0.135707557,17,172.5106049,4
Low Fat,FDB33,Fruits and Vegetables,2017,OUT035,Tier 2,Small,Supermarket Type1,0.014577412,17.75,160.7261963,4
Low Fat,FDP07,Fruits and Vegetables,2017,OUT035,Tier 2,Small,Supermarket Type1,0.089884773,18.20000076,195.1109924,4
Low Fat,FDR08,Fruits and Vegetables,2017,OUT035,Tier 2,Small,Supermarket Type1,0.037615839,18.70000076,109.1885986,4
Low Fat,FDG32,Fruits and Vegetables,2017,OUT035,Tier 2,Small,Supermarket Type1,0.175962254,19.85000038,223.0771942,4
Low Fat,FDQ44,Fruits and Vegetables,2017,OUT035,Tier 2,Small,Supermarket Type1,0.036133464,20.5,120.1755981,4
Low Fat,DRF23,Hard Drinks,2017,OUT035,Tier 2,Small,Supermarket Type1,0.122629121,4.610000134,175.4396057,4
Low Fat,DRM35,Hard Drinks,2017,OUT035,Tier 2,Small,Supermarket Type1,0.070431232,9.694999695,177.5343933,4
Low Fat,DRO47,Hard Drinks,2017,OUT035,Tier 2,Small,Supermarket Type1,0.112203442,10.19499969,111.7860031,4
Low Fat,DRL59,Hard Drinks,2017,OUT035,Tier 2,Small,Supermarket Type1,0.021220112,16.75,55.12979889,4
Low Fat,DRI23,Hard Drinks,2017,OUT035,Tier 2,Small,Supermarket Type1,0,18.85000038,162.0578003,4
Low Fat,NCK29,Health and Hygiene,2017,OUT035,Tier 2,Small,Supermarket Type1,0.125745237,5.614999771,122.4729996,4
Low Fat,NCL17,Health and Hygiene,2017,OUT035,Tier 2,Small,Supermarket Type1,0.067766897,7.389999866,140.6811981,4
Low Fat,NCL53,Health and Hygiene,2017,OUT035,Tier 2,Small,Supermarket Type1,0.036228068,7.5,175.2028046,4
Low Fat,NCP29,Health and Hygiene,2017,OUT035,Tier 2,Small,Supermarket Type1,0.112249784,8.420000076,64.31680298,4
Low Fat,NCJ29,Health and Hygiene,2017,OUT035,Tier 2,Small,Supermarket Type1,0.035186272,10.60000038,85.12239838,4
Low Fat,NCM29,Health and Hygiene,2017,OUT035,Tier 2,Small,Supermarket Type1,0.017638894,11.5,132.7626038,4
Low Fat,NCB42,Health and Hygiene,2017,OUT035,Tier 2,Small,Supermarket Type1,0.008559557,11.80000019,117.2491989,4
Low Fat,NCY29,Health and Hygiene,2017,OUT035,Tier 2,Small,Supermarket Type1,0.077219509,13.64999962,56.49300003,4
Low Fat,NCC54,Health and Hygiene,2017,OUT035,Tier 2,Small,Supermarket Type1,0.097692445,17.75,242.4196014,4
Low Fat,NCJ05,Health and Hygiene,2017,OUT035,Tier 2,Small,Supermarket Type1,0.046079557,18.70000076,151.5682068,4
Low Fat,NCA05,Health and Hygiene,2017,OUT035,Tier 2,Small,Supermarket Type1,0.02512588,20.75,150.4734039,4
Low Fat,NCW30,Household,2017,OUT035,Tier 2,Small,Supermarket Type1,0.011007815,5.210000038,259.5961914,4
Low Fat,NCB31,Household,2017,OUT035,Tier 2,Small,Supermarket Type1,0.118651919,6.235000134,263.9909973,4
Low Fat,NCC19,Household,2017,OUT035,Tier 2,Small,Supermarket Type1,0.096862257,6.570000172,193.9819946,4
Low Fat,NCZ30,Household,2017,OUT035,Tier 2,Small,Supermarket Type1,0.026180033,6.590000153,120.7098007,4
Low Fat,NCH42,Household,2017,OUT035,Tier 2,Small,Supermarket Type1,0.036530413,6.860000134,227.8009949,4
Low Fat,NCN06,Household,2017,OUT035,Tier 2,Small,Supermarket Type1,0.12047448,8.390000343,165.5868073,4
Low Fat,NCY54,Household,2017,OUT035,Tier 2,Small,Supermarket Type1,0.17766124,8.430000305,170.5422058,4
Low Fat,NCE19,Household,2017,OUT035,Tier 2,Small,Supermarket Type1,0.092997029,8.970000267,55.29560089,4
Low Fat,NCX54,Household,2017,OUT035,Tier 2,Small,Supermarket Type1,0.048050784,9.194999695,105.6622009,4
Low Fat,NCK18,Household,2017,OUT035,Tier 2,Small,Supermarket Type1,0,9.600000381,163.918396,4
Low Fat,NCV54,Household,2017,OUT035,Tier 2,Small,Supermarket Type1,0.03310268,11.10000038,116.6123962,4
Low Fat,NCQ06,Household,2017,OUT035,Tier 2,Small,Supermarket Type1,0.041816615,13,254.5014038,4
Low Fat,NCH07,Household,2017,OUT035,Tier 2,Small,Supermarket Type1,0.092649512,13.14999962,157.8603973,4
Low Fat,NCS54,Household,2017,OUT035,Tier 2,Small,Supermarket Type1,0.009991273,13.60000038,175.5370026,4
Low Fat,NCW18,Household,2017,OUT035,Tier 2,Small,Supermarket Type1,0.059313603,15.10000038,238.1248016,4
Low Fat,NCD18,Household,2017,OUT035,Tier 2,Small,Supermarket Type1,0.07265538,16,229.866806,4
Low Fat,NCW06,Household,2017,OUT035,Tier 2,Small,Supermarket Type1,0,16.20000076,190.8161926,4
Low Fat,NCT06,Household,2017,OUT035,Tier 2,Small,Supermarket Type1,0.03873023,17.10000038,166.2841949,4
Low Fat,NCR38,Household,2017,OUT035,Tier 2,Small,Supermarket Type1,0.113497004,17.25,253.4723969,4
Low Fat,NCI55,Household,2017,OUT035,Tier 2,Small,Supermarket Type1,0.012651172,18.60000038,123.1414032,4
Low Fat,NCA30,Household,2017,OUT035,Tier 2,Small,Supermarket Type1,0.129309282,19,188.887207,4
Low Fat,NCG42,Household,2017,OUT035,Tier 2,Small,Supermarket Type1,0.041220035,19.20000076,131.2310028,4
Low Fat,NCO30,Household,2017,OUT035,Tier 2,Small,Supermarket Type1,0.015721921,19.5,185.6607971,4
Low Fat,NCB18,Household,2017,OUT035,Tier 2,Small,Supermarket Type1,0.041283362,19.60000038,87.05139923,4
Low Fat,NCY30,Household,2017,OUT035,Tier 2,Small,Supermarket Type1,0.025948349,20.25,180.0975952,4
Low Fat,NCE54,Household,2017,OUT035,Tier 2,Small,Supermarket Type1,0.026894771,20.70000076,76.73539734,4
Low Fat,FDP27,Meat,2017,OUT035,Tier 2,Small,Supermarket Type1,0.119428053,8.154999733,190.8529968,4
Low Fat,FDL43,Meat,2017,OUT035,Tier 2,Small,Supermarket Type1,0.027059264,10.10000038,76.46700287,4
Low Fat,FDK15,Meat,2017,OUT035,Tier 2,Small,Supermarket Type1,0.098395213,10.80000019,100.8041992,4
Low Fat,FDI19,Meat,2017,OUT035,Tier 2,Small,Supermarket Type1,0.052329171,15.10000038,243.1511993,4
Low Fat,FDU39,Meat,2017,OUT035,Tier 2,Small,Supermarket Type1,0.036031138,18.85000038,60.45619965,4
Low Fat,NCL31,Others,2017,OUT035,Tier 2,Small,Supermarket Type1,0.120258242,7.389999866,141.5469971,4
Low Fat,NCK19,Others,2017,OUT035,Tier 2,Small,Supermarket Type1,0.090448536,9.800000191,194.5478058,4
Low Fat,NCL55,Others,2017,OUT035,Tier 2,Small,Supermarket Type1,0.064648457,12.14999962,253.404007,4
Low Fat,NCP55,Others,2017,OUT035,Tier 2,Small,Supermarket Type1,0,14.64999962,53.8614006,4
Low Fat,FDH21,Seafood,2017,OUT035,Tier 2,Small,Supermarket Type1,0.031219108,10.39500046,156.9604034,4
Low Fat,FDI57,Seafood,2017,OUT035,Tier 2,Small,Supermarket Type1,0.054015428,19.85000038,196.3768005,4
Low Fat,FDQ57,Snack Foods,2017,OUT035,Tier 2,Small,Supermarket Type1,0.027942358,7.275000095,145.076004,4
Low Fat,FDR33,Snack Foods,2017,OUT035,Tier 2,Small,Supermarket Type1,0.026783871,7.309999943,108.1569977,4
Low Fat,FDQ58,Snack Foods,2017,OUT035,Tier 2,Small,Supermarket Type1,0,7.315000057,153.7339935,4
Low Fat,FDM46,Snack Foods,2017,OUT035,Tier 2,Small,Supermarket Type1,0.15993759,7.364999771,93.91200256,4
Low Fat,FDW33,Snack Foods,2017,OUT035,Tier 2,Small,Supermarket Type1,0.099101841,9.395000458,105.8280029,4
Low Fat,FDV09,Snack Foods,2017,OUT035,Tier 2,Small,Supermarket Type1,0.020564685,12.10000038,148.273407,4
Low Fat,FDU22,Snack Foods,2017,OUT035,Tier 2,Small,Supermarket Type1,0.093278915,12.35000038,118.7124023,4
Low Fat,FDP34,Snack Foods,2017,OUT035,Tier 2,Small,Supermarket Type1,0,12.85000038,155.4629974,4
Low Fat,FDQ33,Snack Foods,2017,OUT035,Tier 2,Small,Supermarket Type1,0.091189913,13.35000038,149.3708038,4
Low Fat,FDA46,Snack Foods,2017,OUT035,Tier 2,Small,Supermarket Type1,0.117613211,13.60000038,194.2135925,4
Low Fat,FDN09,Snack Foods,2017,OUT035,Tier 2,Small,Supermarket Type1,0.034868095,14.14999962,243.7828064,4
Low Fat,FDC47,Snack Foods,2017,OUT035,Tier 2,Small,Supermarket Type1,0.118868157,15,229.4694061,4
Low Fat,FDK09,Snack Foods,2017,OUT035,Tier 2,Small,Supermarket Type1,0.09174595,15.19999981,229.035202,4
Low Fat,FDT57,Snack Foods,2017,OUT035,Tier 2,Small,Supermarket Type1,0.019031184,15.19999981,235.5247955,4
Low Fat,FDT45,Snack Foods,2017,OUT035,Tier 2,Small,Supermarket Type1,0.057302605,15.85000038,53.39559937,4
Low Fat,FDY45,Snack Foods,2017,OUT035,Tier 2,Small,Supermarket Type1,0,17.5,253.0355988,4
Low Fat,FDZ09,Snack Foods,2017,OUT035,Tier 2,Small,Supermarket Type1,0.104859136,17.60000038,161.886795,4
Low Fat,FDO34,Snack Foods,2017,OUT035,Tier 2,Small,Supermarket Type1,0.029933276,17.70000076,169.081604,4
Low Fat,FDZ58,Snack Foods,2017,OUT035,Tier 2,Small,Supermarket Type1,0.052166995,17.85000038,121.7071991,4
Low Fat,FDN57,Snack Foods,2017,OUT035,Tier 2,Small,Supermarket Type1,0.054223944,18.25,142.0153961,4
Low Fat,FDN45,Snack Foods,2017,OUT035,Tier 2,Small,Supermarket Type1,0.118080437,19.35000038,222.6087952,4
Low Fat,FDV58,Snack Foods,2017,OUT035,Tier 2,Small,Supermarket Type1,0.121227451,20.85000038,197.5451965,4
Low Fat,DRE12,Soft Drinks,2017,OUT035,Tier 2,Small,Supermarket Type1,0.070767172,4.590000153,111.9860001,4
Low Fat,DRD25,Soft Drinks,2017,OUT035,Tier 2,Small,Supermarket Type1,0.078957126,6.135000229,111.9860001,4
Low Fat,DRF25,Soft Drinks,2017,OUT035,Tier 2,Small,Supermarket Type1,0.038917892,9,35.91899872,4
Low Fat,DRJ24,Soft Drinks,2017,OUT035,Tier 2,Small,Supermarket Type1,0.113307796,11.80000019,187.0924072,4
Low Fat,DRK49,Soft Drinks,2017,OUT035,Tier 2,Small,Supermarket Type1,0.035936922,14.14999962,41.01380157,4
Low Fat,DRM37,Soft Drinks,2017,OUT035,Tier 2,Small,Supermarket Type1,0.096379586,15.35000038,196.5767975,4
Low Fat,DRH37,Soft Drinks,2017,OUT035,Tier 2,Small,Supermarket Type1,0.041608486,17.60000038,165.4526062,4
Low Fat,DRC12,Soft Drinks,2017,OUT035,Tier 2,Small,Supermarket Type1,0.037819721,17.85000038,191.6188049,4
Low Fat,FDF59,Starchy Foods,2017,OUT035,Tier 2,Small,Supermarket Type1,0.071230538,12.5,128.102005,4
Regular,FDZ36,Baking Goods,2017,OUT035,Tier 2,Small,Supermarket Type1,0.065771341,6.034999847,185.3240051,4
Regular,FDT24,Baking Goods,2017,OUT035,Tier 2,Small,Supermarket Type1,0.185824171,12.35000038,78.53279877,4
Regular,FDJ36,Baking Goods,2017,OUT035,Tier 2,Small,Supermarket Type1,0.128235817,14.5,104.1332016,4
Regular,FDU12,Baking Goods,2017,OUT035,Tier 2,Small,Supermarket Type1,0.075736746,15.5,265.5567932,4
Regular,FDX11,Baking Goods,2017,OUT035,Tier 2,Small,Supermarket Type1,0.106731892,16,183.6634064,4
Regular,FDK60,Baking Goods,2017,OUT035,Tier 2,Small,Supermarket Type1,0.09384653,16.5,95.70680237,4
Regular,FDX12,Baking Goods,2017,OUT035,Tier 2,Small,Supermarket Type1,0.026059557,18.20000076,241.2196045,4
Regular,FDJ60,Baking Goods,2017,OUT035,Tier 2,Small,Supermarket Type1,0.0625166,19.35000038,163.918396,4
Regular,FDU60,Baking Goods,2017,OUT035,Tier 2,Small,Supermarket Type1,0.059889719,20,168.5131989,4
Regular,FDZ47,Baking Goods,2017,OUT035,Tier 2,Small,Supermarket Type1,0.079281479,20.70000076,100.1042023,4
Regular,FDS24,Baking Goods,2017,OUT035,Tier 2,Small,Supermarket Type1,0.062212713,20.85000038,88.15139771,4
Regular,FDQ11,Breads,2017,OUT035,Tier 2,Small,Supermarket Type1,0.067688122,5.695000172,258.8988037,4
Regular,FDZ35,Breads,2017,OUT035,Tier 2,Small,Supermarket Type1,0.022274263,9.600000381,101.6989975,4
Regular,FDR11,Breads,2017,OUT035,Tier 2,Small,Supermarket Type1,0.142511278,10.5,158.7577972,4
Regular,FDR59,Breads,2017,OUT035,Tier 2,Small,Supermarket Type1,0.063851476,14.5,260.4594116,4
Regular,FDX49,Canned,2017,OUT035,Tier 2,Small,Supermarket Type1,0.101812519,4.614999771,232.2299957,4
Regular,FDF26,Canned,2017,OUT035,Tier 2,Small,Supermarket Type1,0.046625942,6.824999809,154.9998016,4
Regular,FDA37,Canned,2017,OUT035,Tier 2,Small,Supermarket Type1,0.055216312,7.809999943,125.5046005,4
Regular,FDJ26,Canned,2017,OUT035,Tier 2,Small,Supermarket Type1,0.084749162,15.30000019,215.5218048,4
Regular,FDA25,Canned,2017,OUT035,Tier 2,Small,Supermarket Type1,0.068112873,16.5,104.598999,4
Regular,FDY49,Canned,2017,OUT035,Tier 2,Small,Supermarket Type1,0.0120098,17.20000076,163.1183929,4
Regular,FDU49,Canned,2017,OUT035,Tier 2,Small,Supermarket Type1,0.030688558,19.5,85.7539978,4
Regular,FDE50,Canned,2017,OUT035,Tier 2,Small,Supermarket Type1,0.016202582,19.70000076,188.2556,4
Regular,FDW14,Dairy,2017,OUT035,Tier 2,Small,Supermarket Type1,0.038204312,8.300000191,87.71980286,4
Regular,FDC03,Dairy,2017,OUT035,Tier 2,Small,Supermarket Type1,0.07183291,8.574999809,194.1793976,4
Regular,FDY02,Dairy,2017,OUT035,Tier 2,Small,Supermarket Type1,0.087629355,8.944999695,263.4909973,4
Regular,FDC51,Dairy,2017,OUT035,Tier 2,Small,Supermarket Type1,0.009620042,10.89500046,121.6729965,4
Regular,FDB04,Dairy,2017,OUT035,Tier 2,Small,Supermarket Type1,0.063214347,11.35000038,88.38559723,4
Regular,FDW26,Dairy,2017,OUT035,Tier 2,Small,Supermarket Type1,0.107036941,11.80000019,220.3771973,4
Regular,FDC40,Dairy,2017,OUT035,Tier 2,Small,Supermarket Type1,0.065051585,16,76.19860077,4
Regular,FDL39,Dairy,2017,OUT035,Tier 2,Small,Supermarket Type1,0.063319378,16.10000038,180.9317932,4
Regular,FDU26,Dairy,2017,OUT035,Tier 2,Small,Supermarket Type1,0.042610899,16.70000076,117.2781982,4
Regular,FDD52,Dairy,2017,OUT035,Tier 2,Small,Supermarket Type1,0.183260217,18.25,108.5569992,4
Regular,FDF40,Dairy,2017,OUT035,Tier 2,Small,Supermarket Type1,0.022507876,20.25,248.1092072,4
Regular,FDV26,Dairy,2017,OUT035,Tier 2,Small,Supermarket Type1,0.076146051,20.25,197.0794067,4
Regular,FDY26,Dairy,2017,OUT035,Tier 2,Small,Supermarket Type1,0.030504756,20.60000038,212.6244049,4
Regular,FDL51,Dairy,2017,OUT035,Tier 2,Small,Supermarket Type1,0.04748239,20.70000076,215.9875946,4
Regular,FDP40,Frozen Foods,2017,OUT035,Tier 2,Small,Supermarket Type1,0.034350675,4.554999828,112.7544022,4
Regular,FDR16,Frozen Foods,2017,OUT035,Tier 2,Small,Supermarket Type1,0.104998142,5.84499979,213.2218018,4
Regular,FDV04,Frozen Foods,2017,OUT035,Tier 2,Small,Supermarket Type1,0.149986863,7.824999809,158.8287964,4
Regular,FDI53,Frozen Foods,2017,OUT035,Tier 2,Small,Supermarket Type1,0.137618929,8.895000458,161.5236053,4
Regular,FDX52,Frozen Foods,2017,OUT035,Tier 2,Small,Supermarket Type1,0.041994624,11.5,194.7819977,4
Regular,FDC05,Frozen Foods,2017,OUT035,Tier 2,Small,Supermarket Type1,0.09876591,13.10000038,196.3768005,4
Regular,FDI04,Frozen Foods,2017,OUT035,Tier 2,Small,Supermarket Type1,0.072898649,13.64999962,198.1425934,4
Regular,FDP28,Frozen Foods,2017,OUT035,Tier 2,Small,Supermarket Type1,0.080625229,13.64999962,259.6936035,4
Regular,FDR28,Frozen Foods,2017,OUT035,Tier 2,Small,Supermarket Type1,0.025891587,13.85000038,165.1210022,4
Regular,FDW40,Frozen Foods,2017,OUT035,Tier 2,Small,Supermarket Type1,0.105125569,14,143.2812042,4
Regular,FDH28,Frozen Foods,2017,OUT035,Tier 2,Small,Supermarket Type1,0.110010192,15.85000038,38.8506012,4
Regular,FDA28,Frozen Foods,2017,OUT035,Tier 2,Small,Supermarket Type1,0.047792844,16.10000038,126.1362,4
Regular,FDV28,Frozen Foods,2017,OUT035,Tier 2,Small,Supermarket Type1,0.159698188,16.10000038,32.05580139,4
Regular,FDB41,Frozen Foods,2017,OUT035,Tier 2,Small,Supermarket Type1,0.097294725,19,47.77180099,4
Regular,FDS56,Fruits and Vegetables,2017,OUT035,Tier 2,Small,Supermarket Type1,0.038749535,5.784999847,262.0252075,4
Regular,FDT07,Fruits and Vegetables,2017,OUT035,Tier 2,Small,Supermarket Type1,0.07730446,5.820000172,257.6329956,4
Regular,FDV44,Fruits and Vegetables,2017,OUT035,Tier 2,Small,Supermarket Type1,0.039836895,8.364999771,191.6188049,4
Regular,FDC33,Fruits and Vegetables,2017,OUT035,Tier 2,Small,Supermarket Type1,0.068925306,8.960000038,196.9768066,4
Regular,FDE20,Fruits and Vegetables,2017,OUT035,Tier 2,Small,Supermarket Type1,0.00552947,11.35000038,169.279007,4
Regular,FDF57,Fruits and Vegetables,2017,OUT035,Tier 2,Small,Supermarket Type1,0,14.5,169.6448059,4
Regular,FDD56,Fruits and Vegetables,2017,OUT035,Tier 2,Small,Supermarket Type1,0.103758648,15.19999981,177.0054016,4
Regular,FDQ32,Fruits and Vegetables,2017,OUT035,Tier 2,Small,Supermarket Type1,0.046599682,17.85000038,125.1388016,4
Regular,FDW32,Fruits and Vegetables,2017,OUT035,Tier 2,Small,Supermarket Type1,0.094279006,18.35000038,86.38819885,4
Regular,FDX07,Fruits and Vegetables,2017,OUT035,Tier 2,Small,Supermarket Type1,0.022914479,19.20000076,181.1950073,4
Regular,FDP31,Fruits and Vegetables,2017,OUT035,Tier 2,Small,Supermarket Type1,0.161474422,21.10000038,62.91680145,4
Regular,FDW39,Meat,2017,OUT035,Tier 2,Small,Supermarket Type1,0.036903419,6.690000057,175.1369934,4
Regular,FDM15,Meat,2017,OUT035,Tier 2,Small,Supermarket Type1,0.057410724,11.80000019,149.5366058,4
Regular,FDM51,Meat,2017,OUT035,Tier 2,Small,Supermarket Type1,0.025921321,11.80000019,101.9673996,4
Regular,FDI07,Meat,2017,OUT035,Tier 2,Small,Supermarket Type1,0.033754479,12.35000038,199.0426025,4
Regular,FDQ03,Meat,2017,OUT035,Tier 2,Small,Supermarket Type1,0.077999502,15,238.0247955,4
Regular,FDN51,Meat,2017,OUT035,Tier 2,Small,Supermarket Type1,0.020942867,17.85000038,260.2936096,4
Regular,FDQ15,Meat,2017,OUT035,Tier 2,Small,Supermarket Type1,0.151044875,20.35000038,79.2276001,4
Regular,FDJ10,Snack Foods,2017,OUT035,Tier 2,Small,Supermarket Type1,0.12947917,5.09499979,139.7837982,4
Regular,FDM45,Snack Foods,2017,OUT035,Tier 2,Small,Supermarket Type1,0.088178053,8.654999733,122.6755981,4
Regular,FDQ45,Snack Foods,2017,OUT035,Tier 2,Small,Supermarket Type1,0.010914988,9.5,183.8607941,4
Regular,FDB46,Snack Foods,2017,OUT035,Tier 2,Small,Supermarket Type1,0.093746133,10.5,211.9243927,4
Regular,FDG58,Snack Foods,2017,OUT035,Tier 2,Small,Supermarket Type1,0.086764798,10.69499969,156.7971954,4
Regular,FDO21,Snack Foods,2017,OUT035,Tier 2,Small,Supermarket Type1,0.009761175,11.60000038,226.9403992,4
Regular,FDO22,Snack Foods,2017,OUT035,Tier 2,Small,Supermarket Type1,0,13.5,78.39600372,4
Regular,FDO10,Snack Foods,2017,OUT035,Tier 2,Small,Supermarket Type1,0.012749289,13.64999962,58.85879898,4
Regular,FDM22,Snack Foods,2017,OUT035,Tier 2,Small,Supermarket Type1,0.041949831,14,54.06399918,4
Regular,FDL57,Snack Foods,2017,OUT035,Tier 2,Small,Supermarket Type1,0.067064129,15.10000038,257.9303894,4
Regular,FDT09,Snack Foods,2017,OUT035,Tier 2,Small,Supermarket Type1,0.012260981,15.14999962,131.7283936,4
Regular,FDY22,Snack Foods,2017,OUT035,Tier 2,Small,Supermarket Type1,0.15969047,16.5,142.412796,4
Regular,FDZ21,Snack Foods,2017,OUT035,Tier 2,Small,Supermarket Type1,0.039214443,17.60000038,98.24099731,4
Regular,FDE23,Starchy Foods,2017,OUT035,Tier 2,Small,Supermarket Type1,0.053170949,17.60000038,45.60599899,4
Regular,DRC36,Soft Drinks,2017,OUT035,Tier 2,Small,Supermarket Type1,0.044976369,13,176.2053986,4
Low Fat,FDA50,Dairy,2011,OUT010,Tier 3,Medium,Grocery Store,0.145913303,16.25,95.44100189,4
Low Fat,FDW28,Frozen Foods,2011,OUT010,Tier 3,Medium,Grocery Store,0.148673579,18.25,197.2451935,4
Low Fat,FDX43,Fruits and Vegetables,2011,OUT010,Tier 3,Medium,Grocery Store,0.142732844,5.65500021,167.9499969,4
Low Fat,FDP19,Fruits and Vegetables,2011,OUT010,Tier 3,Medium,Grocery Store,0.290430307,11.5,130.6652069,4
Low Fat,NCC54,Health and Hygiene,2011,OUT010,Tier 3,Medium,Grocery Store,0.163548052,17.75,239.3195953,4
Low Fat,NCX53,Health and Hygiene,2011,OUT010,Tier 3,Medium,Grocery Store,0.025002878,20.10000038,140.4154053,4
Low Fat,NCQ30,Household,2011,OUT010,Tier 3,Medium,Grocery Store,0.048661042,7.724999905,123.7414017,4
Low Fat,NCA29,Household,2011,OUT010,Tier 3,Medium,Grocery Store,0.045655116,10.5,169.8105927,4
Low Fat,NCN26,Household,2011,OUT010,Tier 3,Medium,Grocery Store,0.048004262,10.85000038,117.5808029,4
Low Fat,NCJ18,Household,2011,OUT010,Tier 3,Medium,Grocery Store,0.274405181,12.35000038,117.1123962,4
Low Fat,FDF58,Snack Foods,2011,OUT010,Tier 3,Medium,Grocery Store,0,13.30000019,62.15100098,4
Low Fat,FDV24,Baking Goods,2011,OUT010,Tier 3,Medium,Grocery Store,0.172856718,5.635000229,148.2050018,4
Low Fat,FDX23,Baking Goods,2011,OUT010,Tier 3,Medium,Grocery Store,0.049697924,6.445000172,95.04360199,4
Low Fat,FDJ48,Baking Goods,2011,OUT010,Tier 3,Medium,Grocery Store,0.094460316,11.30000019,245.3117981,4
Low Fat,FDE24,Baking Goods,2011,OUT010,Tier 3,Medium,Grocery Store,0.156437263,14.85000038,142.0812073,4
Low Fat,FDL36,Baking Goods,2011,OUT010,Tier 3,Medium,Grocery Store,0.127334759,15.10000038,88.28299713,4
Low Fat,FDS48,Baking Goods,2011,OUT010,Tier 3,Medium,Grocery Store,0.046496779,15.14999962,149.6708069,4
Low Fat,FDV36,Baking Goods,2011,OUT010,Tier 3,Medium,Grocery Store,0.044024162,18.70000076,125.9020004,4
Low Fat,FDU48,Baking Goods,2011,OUT010,Tier 3,Medium,Grocery Store,0.092658699,18.85000038,131.4284058,4
Low Fat,FDM13,Breakfast,2011,OUT010,Tier 3,Medium,Grocery Store,0.105742544,6.425000191,130.5626068,4
Low Fat,FDO37,Breakfast,2011,OUT010,Tier 3,Medium,Grocery Store,0.035780177,8.06000042,230.232605,4
Low Fat,DRE27,Dairy,2011,OUT010,Tier 3,Medium,Grocery Store,0.222063348,11.85000038,99.67259979,4
Low Fat,DRG03,Dairy,2011,OUT010,Tier 3,Medium,Grocery Store,0.103752814,14.5,155.1997986,4
Low Fat,DRH03,Dairy,2011,OUT010,Tier 3,Medium,Grocery Store,0.058690481,17.25,91.61199951,4
Low Fat,FDX50,Dairy,2011,OUT010,Tier 3,Medium,Grocery Store,0.124910638,20.10000038,109.6228027,4
Low Fat,FDK28,Frozen Foods,2011,OUT010,Tier 3,Medium,Grocery Store,0.109784059,5.695000172,256.0646057,4
Low Fat,FDK40,Frozen Foods,2011,OUT010,Tier 3,Medium,Grocery Store,0,7.034999847,263.2909851,4
Low Fat,FDD17,Frozen Foods,2011,OUT010,Tier 3,Medium,Grocery Store,0.05461083,7.5,237.1905975,4
Low Fat,FDM28,Frozen Foods,2011,OUT010,Tier 3,Medium,Grocery Store,0.075661987,15.69999981,181.3659973,4
Low Fat,FDO40,Frozen Foods,2011,OUT010,Tier 3,Medium,Grocery Store,0.054612767,17.10000038,150.2391968,4
Low Fat,FDX16,Frozen Foods,2011,OUT010,Tier 3,Medium,Grocery Store,0.110152528,17.85000038,150.2050018,4
Low Fat,FDQ56,Fruits and Vegetables,2011,OUT010,Tier 3,Medium,Grocery Store,0.176748261,6.590000153,82.790802,4
Low Fat,FDY32,Fruits and Vegetables,2011,OUT010,Tier 3,Medium,Grocery Store,0.216323003,7.605000019,165.0209961,4
Low Fat,FDK56,Fruits and Vegetables,2011,OUT010,Tier 3,Medium,Grocery Store,0,9.694999695,186.7897949,4
Low Fat,FDM44,Fruits and Vegetables,2011,OUT010,Tier 3,Medium,Grocery Store,0.051970787,12.5,103.6989975,4
Low Fat,FDG57,Fruits and Vegetables,2011,OUT010,Tier 3,Medium,Grocery Store,0.121012636,14.69999981,49.40340042,4
Low Fat,FDZ20,Fruits and Vegetables,2011,OUT010,Tier 3,Medium,Grocery Store,0.05742282,16.10000038,253.7355957,4
Low Fat,FDR07,Fruits and Vegetables,2011,OUT010,Tier 3,Medium,Grocery Store,0.13012737,21.35000038,96.20939636,4
Low Fat,DRI11,Hard Drinks,2011,OUT010,Tier 3,Medium,Grocery Store,0.057585724,8.260000229,113.7834015,4
Low Fat,DRM47,Hard Drinks,2011,OUT010,Tier 3,Medium,Grocery Store,0.073288277,9.300000191,189.1846008,4
Low Fat,DRJ11,Hard Drinks,2011,OUT010,Tier 3,Medium,Grocery Store,0.14242515,9.5,189.9871979,4
Low Fat,DRJ59,Hard Drinks,2011,OUT010,Tier 3,Medium,Grocery Store,0.03242518,11.64999962,38.81639862,4
Low Fat,DRL35,Hard Drinks,2011,OUT010,Tier 3,Medium,Grocery Store,0,15.69999981,43.3769989,4
Low Fat,NCU53,Health and Hygiene,2011,OUT010,Tier 3,Medium,Grocery Store,0.071557768,5.485000134,165.7841949,4
Low Fat,NCK29,Health and Hygiene,2011,OUT010,Tier 3,Medium,Grocery Store,0.210511565,5.614999771,121.3730011,4
Low Fat,NCJ17,Health and Hygiene,2011,OUT010,Tier 3,Medium,Grocery Store,0.255348295,7.679999828,84.42240143,4
Low Fat,NCV53,Health and Hygiene,2011,OUT010,Tier 3,Medium,Grocery Store,0.03149011,8.270000458,239.0879974,4
Low Fat,NCL29,Health and Hygiene,2011,OUT010,Tier 3,Medium,Grocery Store,0.19071126,9.694999695,159.1604004,4
Low Fat,NCV05,Health and Hygiene,2011,OUT010,Tier 3,Medium,Grocery Store,0.050562855,10.10000038,153.3656006,4
Low Fat,NCM29,Health and Hygiene,2011,OUT010,Tier 3,Medium,Grocery Store,0.029529475,11.5,132.6625977,4
Low Fat,NCZ17,Health and Hygiene,2011,OUT010,Tier 3,Medium,Grocery Store,0.132952288,12.14999962,37.65060043,4
Low Fat,NCO41,Health and Hygiene,2011,OUT010,Tier 3,Medium,Grocery Store,0.03154913,12.5,99.03839874,4
Low Fat,NCP17,Health and Hygiene,2011,OUT010,Tier 3,Medium,Grocery Store,0,19.35000038,65.31680298,4
Low Fat,NCP05,Health and Hygiene,2011,OUT010,Tier 3,Medium,Grocery Store,0.042324554,19.60000038,150.9024048,4
Low Fat,NCJ43,Household,2011,OUT010,Tier 3,Medium,Grocery Store,0.045308627,6.635000229,173.1396027,4
Low Fat,NCE31,Household,2011,OUT010,Tier 3,Medium,Grocery Store,0.309390247,7.670000076,33.22159958,4
Low Fat,NCD43,Household,2011,OUT010,Tier 3,Medium,Grocery Store,0.026814124,8.850000381,103.796402,4
Low Fat,NCO14,Household,2011,OUT010,Tier 3,Medium,Grocery Store,0.049617764,9.600000381,44.20859909,4
Low Fat,NCH54,Household,2011,OUT010,Tier 3,Medium,Grocery Store,0.121633209,13.5,161.6920013,4
Low Fat,NCX18,Household,2011,OUT010,Tier 3,Medium,Grocery Store,0.014719325,14.14999962,196.9109955,4
Low Fat,NCL06,Household,2011,OUT010,Tier 3,Medium,Grocery Store,0.120624773,14.64999962,261.7593994,4
Low Fat,NCN30,Household,2011,OUT010,Tier 3,Medium,Grocery Store,0.028443141,16.35000038,98.14099884,4
Low Fat,NCQ54,Household,2011,OUT010,Tier 3,Medium,Grocery Store,0.020993363,17.70000076,166.8473969,4
Low Fat,NCF54,Household,2011,OUT010,Tier 3,Medium,Grocery Store,0.079299472,18,170.5422058,4
Low Fat,NCW42,Household,2011,OUT010,Tier 3,Medium,Grocery Store,0.09786509,18.20000076,221.8455963,4
Low Fat,NCA30,Household,2011,OUT010,Tier 3,Medium,Grocery Store,0.216478154,19,190.1871948,4
Low Fat,NCG43,Household,2011,OUT010,Tier 3,High,Grocery Store,0.124261618,20.20000076,93.64620209,4
Low Fat,NCR30,Household,2011,OUT010,Tier 3,High,Grocery Store,0.118827686,20.60000038,75.06960297,4
Low Fat,FDJ07,Meat,2011,OUT010,Tier 3,High,Grocery Store,0.024142019,7.260000229,117.4150009,4
Low Fat,FDK15,Meat,2011,OUT010,Tier 3,High,Grocery Store,0.164724573,10.80000019,98.40419769,4
Low Fat,FDP39,Meat,2011,OUT010,Tier 3,High,Grocery Store,0.116203159,12.64999962,53.53239822,4
Low Fat,FDI19,Meat,2011,OUT010,Tier 3,High,Grocery Store,0.087604873,15.10000038,242.2512054,4
Low Fat,NCP55,Others,2011,OUT010,Tier 3,High,Grocery Store,0,14.64999962,56.46139908,4
Low Fat,NCN14,Others,2011,OUT010,Tier 3,High,Grocery Store,0.153851524,19.10000038,185.1607971,4
Low Fat,FDF33,Seafood,2011,OUT010,Tier 3,High,Grocery Store,0.036045991,7.96999979,107.5596008,4
Low Fat,FDF22,Snack Foods,2011,OUT010,Tier 3,High,Grocery Store,0.095122911,6.864999771,212.3217926,4
Low Fat,FDX21,Snack Foods,2011,OUT010,Tier 3,High,Grocery Store,0.142215699,7.050000191,108.7911987,4
Low Fat,FDE34,Snack Foods,2011,OUT010,Tier 3,High,Grocery Store,0.180588081,9.194999695,182.2633972,4
Low Fat,FDI22,Snack Foods,2011,OUT010,Tier 3,High,Grocery Store,0.161039889,12.60000038,210.2612,4
Low Fat,FDR21,Snack Foods,2011,OUT010,Tier 3,High,Grocery Store,0.112036236,19.70000076,174.9369965,4
Low Fat,FDH10,Snack Foods,2011,OUT010,Tier 3,High,Grocery Store,0.082526475,21,191.8477936,4
Low Fat,FDW10,Snack Foods,2011,OUT010,Tier 3,High,Grocery Store,0.118297607,21.20000076,175.0370026,4
Low Fat,DRG49,Soft Drinks,2011,OUT010,Tier 3,High,Grocery Store,0.112906337,7.809999943,243.5485992,4
Low Fat,DRE01,Soft Drinks,2011,OUT010,Tier 3,High,Grocery Store,0.279783517,10.10000038,241.8511963,4
Low Fat,DRI37,Soft Drinks,2011,OUT010,Tier 3,High,Grocery Store,0.18009679,15.85000038,57.39039993,4
Regular,FDY24,Baking Goods,2011,OUT010,Tier 3,High,Grocery Store,0.22344026,4.880000114,52.22980118,4
Regular,FDT24,Baking Goods,2011,OUT010,Tier 3,High,Grocery Store,0.31109038,12.35000038,79.23280334,4
Regular,FDU12,Baking Goods,2011,OUT010,Tier 3,High,Grocery Store,0.12679176,15.5,262.1567993,4
Regular,FDU60,Baking Goods,2011,OUT010,Tier 3,High,Grocery Store,0.100262068,20,169.613205,4
Regular,FDQ47,Breads,2011,OUT010,Tier 3,High,Grocery Store,0.281509519,7.15500021,33.88740158,4
Regular,FDO11,Breads,2011,OUT010,Tier 3,High,Grocery Store,0.050657231,8,249.9091949,4
Regular,FDM25,Breakfast,2011,OUT010,Tier 3,High,Grocery Store,0.101542011,10.69499969,173.7711945,4
Regular,FDN49,Breakfast,2011,OUT010,Tier 3,High,Grocery Store,0.209600091,17.25,40.34799957,4
Regular,FDI38,Canned,2011,OUT010,Tier 3,High,Grocery Store,0.024482433,13.35000038,205.7637939,4
Regular,FDC14,Canned,2011,OUT010,Tier 3,High,Grocery Store,0.069042489,14.5,41.44540024,4
Regular,FDH14,Canned,2011,OUT010,Tier 3,High,Grocery Store,0.078347921,17.10000038,141.8838043,4
Regular,FDV01,Canned,2011,OUT010,Tier 3,High,Grocery Store,0.142189845,19.20000076,153.8314056,4
Regular,FDZ26,Dairy,2011,OUT010,Tier 3,High,Grocery Store,0.241055608,11.60000038,238.5222015,4
Regular,FDB40,Dairy,2011,OUT010,Tier 3,High,Grocery Store,0.012620221,17.5,144.8101959,4
Regular,FDY26,Dairy,2011,OUT010,Tier 3,High,Grocery Store,0.051068366,20.60000038,213.0243988,4
Regular,FDE28,Frozen Foods,2011,OUT010,Tier 3,High,Grocery Store,0.22185649,9.5,231.866806,4
Regular,FDW40,Frozen Foods,2011,OUT010,Tier 3,High,Grocery Store,0.175991923,14,140.7812042,4
Regular,FDB41,Frozen Foods,2011,OUT010,Tier 3,High,Grocery Store,0.162882224,19,46.87179947,4
Regular,FDH53,Frozen Foods,2011,OUT010,Tier 3,High,Grocery Store,0.032136418,20.5,83.959198,4
Regular,FDN08,Fruits and Vegetables,2011,OUT010,Tier 3,High,Grocery Store,0.147904322,7.71999979,116.6465988,4
Regular,FDW44,Fruits and Vegetables,2011,OUT010,Tier 3,High,Grocery Store,0.058835927,9.5,170.2447968,4
Regular,FDM08,Fruits and Vegetables,2011,OUT010,Tier 3,High,Grocery Store,0.089688979,10.10000038,225.5088043,4
Regular,FDZ08,Fruits and Vegetables,2011,OUT010,Tier 3,High,Grocery Store,0,12.5,80.85919952,4
Regular,FDS19,Fruits and Vegetables,2011,OUT010,Tier 3,High,Grocery Store,0.107469819,13.80000019,77.80120087,4
Regular,FDC21,Fruits and Vegetables,2011,OUT010,Tier 3,High,Grocery Store,0.071904257,14.60000038,106.8254013,4
Regular,FDZ07,Fruits and Vegetables,2011,OUT010,Tier 3,High,Grocery Store,0.157154813,15.10000038,62.2193985,4
Regular,FDD56,Fruits and Vegetables,2011,OUT010,Tier 3,High,Grocery Store,0.173703551,15.19999981,175.8054047,4
Regular,FDL32,Fruits and Vegetables,2011,OUT010,Tier 3,High,Grocery Store,0.204984531,15.69999981,111.0543976,4
Regular,FDT56,Fruits and Vegetables,2011,OUT010,Tier 3,High,Grocery Store,0.193477988,16,55.92459869,4
Regular,FDY56,Fruits and Vegetables,2011,OUT010,Tier 3,High,Grocery Store,0.104463898,16.35000038,227.1062012,4
Regular,FDP44,Fruits and Vegetables,2011,OUT010,Tier 3,High,Grocery Store,0.133424178,16.5,102.2332001,4
Regular,FDW32,Fruits and Vegetables,2011,OUT010,Tier 3,High,Grocery Store,0.157833576,18.35000038,87.58820343,4
Regular,FDR20,Fruits and Vegetables,2011,OUT010,Tier 3,High,Grocery Store,0,20,46.47439957,4
Regular,FDX31,Fruits and Vegetables,2011,OUT010,Tier 3,High,Grocery Store,0.024815025,20.35000038,234.0957947,4
Regular,FDJ20,Fruits and Vegetables,2011,OUT010,Tier 3,High,Grocery Store,0.167672306,20.70000076,124.2388,4
Regular,FDP03,Meat,2011,OUT010,Tier 3,High,Grocery Store,0.102397889,5.150000095,122.1388016,4
Regular,FDY39,Meat,2011,OUT010,Tier 3,High,Grocery Store,0.07871639,5.304999828,183.5608063,4
Regular,FDT51,Meat,2011,OUT010,Tier 3,High,Grocery Store,0.018275816,11.64999962,110.8544006,4
Regular,FDX39,Meat,2011,OUT010,Tier 3,High,Grocery Store,0.083147705,14.30000019,210.1585999,4
Regular,FDQ51,Meat,2011,OUT010,Tier 3,High,Grocery Store,0.029377239,16,46.17179871,4
Regular,FDU27,Meat,2011,OUT010,Tier 3,High,Grocery Store,0.287017137,18.60000038,48.83760071,4
Regular,FDJ57,Seafood,2011,OUT010,Tier 3,High,Grocery Store,0.036109857,7.420000076,186.558197,4
Regular,FDS45,Snack Foods,2011,OUT010,Tier 3,High,Grocery Store,0.049370181,5.175000191,106.7621994,4
Regular,FDF34,Snack Foods,2011,OUT010,Tier 3,High,Grocery Store,0.023465591,9.300000191,197.6083984,4
Regular,FDG58,Snack Foods,2011,OUT010,Tier 3,High,Grocery Store,0.145253941,10.69499969,156.8972015,4
Regular,FDG34,Snack Foods,2011,OUT010,Tier 3,High,Grocery Store,0.062885195,11.5,106.7254028,4
Regular,FDW09,Snack Foods,2011,OUT010,Tier 3,High,Grocery Store,0.043386132,13.64999962,80.23020172,4
Regular,FDT10,Snack Foods,2011,OUT010,Tier 3,Small,Grocery Store,0.103849784,16.70000076,58.85620117,4
Regular,DRA59,Soft Drinks,2011,OUT010,Tier 3,Small,Grocery Store,0.214125127,8.270000458,183.9924011,4
Regular,DRA24,Soft Drinks,2011,OUT010,Tier 3,Small,Grocery Store,0.066831686,19.35000038,163.886795,4
Regular,DRL01,Soft Drinks,2011,OUT010,Tier 3,Small,Grocery Store,0.129170641,19.5,233.9958038,4
Regular,FDD47,Starchy Foods,2011,OUT010,Tier 3,Small,Grocery Store,0.23836644,7.599999905,171.8448029,4
Regular,FDH47,Starchy Foods,2011,OUT010,Tier 3,Small,Grocery Store,0.215611935,13.5,98.60679626,4
Low Fat,DRK59,Hard Drinks,2011,OUT010,Tier 3,Small,Grocery Store,0.126287535,8.895000458,235.5615997,4
Low Fat,NCX54,Household,2011,OUT010,Tier 3,Small,Grocery Store,0.080442369,9.194999695,107.7621994,4
Low Fat,NCI31,Others,2011,OUT010,Tier 3,Small,Grocery Store,0.136124983,20,38.31900024,4
Regular,FDM12,Baking Goods,2011,OUT010,Tier 3,Small,Grocery Store,0.117026716,16.70000076,189.221405,4
Regular,FDL14,Canned,2011,OUT010,Tier 3,Small,Grocery Store,0.053827349,8.114999771,155.2971954,4
Regular,FDL52,Frozen Foods,2011,OUT010,Tier 3,Small,Grocery Store,0.077145554,6.635000229,39.8506012,4
Regular,FDF56,Fruits and Vegetables,2011,OUT010,Tier 3,Small,Grocery Store,0.19995527,16.70000076,182.3975983,4
Regular,FDT39,Meat,2011,OUT010,Tier 3,Small,Grocery Store,0.016516866,6.260000229,151.1365967,4
Regular,FDC59,Starchy Foods,2011,OUT010,Tier 3,Small,Grocery Store,0.091437586,16.70000076,64.31680298,4
Low Fat,FDK14,Canned,2000,OUT013,Tier 3,High,Supermarket Type1,0.041071583,6.980000019,82.59339905,4
Low Fat,FDD02,Canned,2000,OUT013,Tier 3,High,Supermarket Type1,0,16.60000038,117.3124008,4
Low Fat,FDC17,Frozen Foods,2000,OUT013,Tier 3,High,Supermarket Type1,0.01544786,12.14999962,211.2928009,4
Low Fat,FDQ16,Frozen Foods,2000,OUT013,Tier 3,High,Supermarket Type1,0.041703667,19.70000076,109.1912003,4
Low Fat,FDA19,Fruits and Vegetables,2000,OUT013,Tier 3,High,Supermarket Type1,0.055081625,7.519999981,128.8993988,4
Low Fat,NCT41,Health and Hygiene,2000,OUT013,Tier 3,High,Supermarket Type1,0.055943698,15.69999981,150.6024017,4
Low Fat,NCM30,Household,2000,OUT013,Tier 3,High,Supermarket Type1,0.067239404,19.10000038,39.67959976,4
Low Fat,NCQ43,Others,2000,OUT013,Tier 3,High,Supermarket Type1,0.111209005,17.75,107.7911987,4
Low Fat,NCM26,Others,2000,OUT013,Tier 3,High,Supermarket Type1,0.02312394,20.5,154.6340027,4
Low Fat,FDW24,Baking Goods,2000,OUT013,Tier 3,High,Supermarket Type1,0.037465844,6.800000191,47.5033989,4
Low Fat,FDY59,Baking Goods,2000,OUT013,Tier 3,High,Supermarket Type1,0.031377308,8.194999695,93.64620209,4
Low Fat,FDS12,Baking Goods,2000,OUT013,Tier 3,High,Supermarket Type1,0.17397365,9.100000381,126.5362015,4
Low Fat,FDZ12,Baking Goods,2000,OUT013,Tier 3,High,Supermarket Type1,0.102893122,9.170000076,141.9470062,4
Low Fat,FDA23,Baking Goods,2000,OUT013,Tier 3,High,Supermarket Type1,0.047147769,9.800000191,102.4016037,4
Low Fat,FDI24,Baking Goods,2000,OUT013,Tier 3,High,Supermarket Type1,0.078678273,10.30000019,177.0370026,4
Low Fat,FDT36,Baking Goods,2000,OUT013,Tier 3,High,Supermarket Type1,0,12.30000019,37.28739929,4
Low Fat,FDC37,Baking Goods,2000,OUT013,Tier 3,High,Supermarket Type1,0.032845996,15.5,106.7938004,4
Low Fat,FDO12,Baking Goods,2000,OUT013,Tier 3,High,Supermarket Type1,0.054884821,15.75,195.3451996,4
Low Fat,FDP60,Baking Goods,2000,OUT013,Tier 3,High,Supermarket Type1,0,17.35000038,101.9016037,4
Low Fat,FDW48,Baking Goods,2000,OUT013,Tier 3,High,Supermarket Type1,0.008533716,18,78.5617981,4
Low Fat,FDO60,Baking Goods,2000,OUT013,Tier 3,High,Supermarket Type1,0.034340926,20,45.40859985,4
Low Fat,FDS60,Baking Goods,2000,OUT013,Tier 3,High,Supermarket Type1,0.032421522,20.85000038,181.6660004,4
Low Fat,FDQ23,Breads,2000,OUT013,Tier 3,High,Supermarket Type1,0.024505418,6.550000191,102.933197,4
Low Fat,FDX59,Breads,2000,OUT013,Tier 3,High,Supermarket Type1,0.051618282,10.19499969,31.9557991,4
Low Fat,FDR35,Breads,2000,OUT013,Tier 3,High,Supermarket Type1,0.020680498,12.5,197.2742004,4
Low Fat,FDR23,Breads,2000,OUT013,Tier 3,High,Supermarket Type1,0.081719458,15.85000038,178.0370026,4
Low Fat,FDO23,Breads,2000,OUT013,Tier 3,High,Supermarket Type1,0.146305501,17.85000038,94.14360046,4
Low Fat,FDM13,Breakfast,2000,OUT013,Tier 3,High,Supermarket Type1,0.063122749,6.425000191,131.3625946,4
Low Fat,FDQ37,Breakfast,2000,OUT013,Tier 3,High,Supermarket Type1,0.089186385,20.75,193.3477936,4
Low Fat,FDK50,Canned,2000,OUT013,Tier 3,High,Supermarket Type1,0.028339598,7.960000038,162.4893951,4
Low Fat,FDS49,Canned,2000,OUT013,Tier 3,High,Supermarket Type1,0.07927949,9,77.26439667,4
Low Fat,FDE26,Canned,2000,OUT013,Tier 3,High,Supermarket Type1,0.088931702,9.300000191,143.3786011,4
Low Fat,FDQ13,Canned,2000,OUT013,Tier 3,High,Supermarket Type1,0.010632752,11.10000038,82.59079742,4
Low Fat,FDY13,Canned,2000,OUT013,Tier 3,High,Supermarket Type1,0.030102335,12.10000038,74.76699829,4
Low Fat,FDC38,Canned,2000,OUT013,Tier 3,High,Supermarket Type1,0.122392029,15.69999981,133.1941986,4
Low Fat,FDX37,Canned,2000,OUT013,Tier 3,High,Supermarket Type1,0,16.20000076,100.5699997,4
Low Fat,FDO50,Canned,2000,OUT013,Tier 3,High,Supermarket Type1,0.078103691,16.25,91.18039703,4
Low Fat,FDG26,Canned,2000,OUT013,Tier 3,High,Supermarket Type1,0.042614359,18.85000038,255.3329926,4
Low Fat,DRI03,Dairy,2000,OUT013,Tier 3,High,Supermarket Type1,0.0226848,6.03000021,178.1027985,4
Low Fat,DRG15,Dairy,2000,OUT013,Tier 3,High,Supermarket Type1,0,6.130000114,60.15359879,4
Low Fat,FDS14,Dairy,2000,OUT013,Tier 3,High,Supermarket Type1,0.049922302,7.284999847,156.9288025,4
Low Fat,FDB16,Dairy,2000,OUT013,Tier 3,High,Supermarket Type1,0.044888396,8.210000038,87.31980133,4
Low Fat,FDA15,Dairy,2000,OUT013,Tier 3,High,Supermarket Type1,0.016009057,9.300000191,250.6092072,4
Low Fat,FDY14,Dairy,2000,OUT013,Tier 3,High,Supermarket Type1,0.06998191,10.30000019,263.0226135,4
Low Fat,FDR14,Dairy,2000,OUT013,Tier 3,High,Supermarket Type1,0.173904195,11.64999962,52.32979965,4
Low Fat,FDW50,Dairy,2000,OUT013,Tier 3,High,Supermarket Type1,0.075515151,13.10000038,167.2158051,4
Low Fat,FDX02,Dairy,2000,OUT013,Tier 3,High,Supermarket Type1,0.057012606,16,225.0404053,4
Low Fat,FDX26,Dairy,2000,OUT013,Tier 3,High,Supermarket Type1,0,17.70000076,182.5292053,4
Low Fat,FDK51,Dairy,2000,OUT013,Tier 3,High,Supermarket Type1,0.005230786,19.85000038,265.188385,4
Low Fat,FDV14,Dairy,2000,OUT013,Tier 3,High,Supermarket Type1,0.044460449,19.85000038,88.78559875,4
Low Fat,FDR26,Dairy,2000,OUT013,Tier 3,High,Supermarket Type1,0.042801131,20.70000076,178.3027954,4
Low Fat,FDO28,Frozen Foods,2000,OUT013,Tier 3,High,Supermarket Type1,0.072238192,5.764999866,120.0098038,4
Low Fat,FDN40,Frozen Foods,2000,OUT013,Tier 3,High,Supermarket Type1,0.08638484,5.880000114,153.2998047,4
Low Fat,FDR04,Frozen Foods,2000,OUT013,Tier 3,High,Supermarket Type1,0.022548195,7.074999809,95.70680237,4
Low Fat,FDF16,Frozen Foods,2000,OUT013,Tier 3,High,Supermarket Type1,0.086060695,7.300000191,149.8076019,4
Low Fat,FDD17,Frozen Foods,2000,OUT013,Tier 3,High,Supermarket Type1,0.032599799,7.5,238.1905975,4
Low Fat,FDC53,Frozen Foods,2000,OUT013,Tier 3,High,Supermarket Type1,0.008828341,8.680000305,99.93840027,4
Low Fat,FDK16,Frozen Foods,2000,OUT013,Tier 3,High,Supermarket Type1,0.115233816,9.06499958,94.40940094,4
Low Fat,FDL16,Frozen Foods,2000,OUT013,Tier 3,High,Supermarket Type1,0.168312684,12.85000038,45.90599823,4
Low Fat,FDX40,Frozen Foods,2000,OUT013,Tier 3,High,Supermarket Type1,0.098910756,12.85000038,37.61640167,4
Low Fat,FDS40,Frozen Foods,2000,OUT013,Tier 3,High,Supermarket Type1,0.014007727,15.35000038,38.31900024,4
Low Fat,FDF04,Frozen Foods,2000,OUT013,Tier 3,High,Supermarket Type1,0,17.5,258.3304138,4
Low Fat,FDX16,Frozen Foods,2000,OUT013,Tier 3,High,Supermarket Type1,0.065755278,17.85000038,151.5050049,4
Low Fat,FDF09,Fruits and Vegetables,2000,OUT013,Tier 3,High,Supermarket Type1,0.012138795,6.215000153,39.28480148,4
Low Fat,FDU32,Fruits and Vegetables,2000,OUT013,Tier 3,High,Supermarket Type1,0,8.784999847,120.5413971,4
Low Fat,FDK56,Fruits and Vegetables,2000,OUT013,Tier 3,High,Supermarket Type1,0.129889831,9.694999695,185.389801,4
Low Fat,FDP19,Fruits and Vegetables,2000,OUT013,Tier 3,High,Supermarket Type1,0,11.5,129.3652039,4
Low Fat,FDY07,Fruits and Vegetables,2000,OUT013,Tier 3,High,Supermarket Type1,0.121500634,11.80000019,46.84019852,4
Low Fat,FDM44,Fruits and Vegetables,2000,OUT013,Tier 3,High,Supermarket Type1,0.031023836,12.5,104.098999,4
Low Fat,FDH32,Fruits and Vegetables,2000,OUT013,Tier 3,High,Supermarket Type1,0.075996742,12.80000019,97.14099884,4
Low Fat,FDF20,Fruits and Vegetables,2000,OUT013,Tier 3,High,Supermarket Type1,0.033192523,12.85000038,199.0767975,4
Low Fat,FDD09,Fruits and Vegetables,2000,OUT013,Tier 3,High,Supermarket Type1,0,13.5,179.9976044,4
Low Fat,FDC44,Fruits and Vegetables,2000,OUT013,Tier 3,High,Supermarket Type1,0.172453254,15.60000038,115.1518021,4
Low Fat,FDP07,Fruits and Vegetables,2000,OUT013,Tier 3,High,Supermarket Type1,0.089826956,18.20000076,197.1109924,4
Low Fat,FDY19,Fruits and Vegetables,2000,OUT013,Tier 3,High,Supermarket Type1,0.041330513,19.75,115.8466034,4
Low Fat,FDM32,Fruits and Vegetables,2000,OUT013,Tier 3,High,Supermarket Type1,0.020587886,20.5,89.58300018,4
Low Fat,DRN35,Hard Drinks,2000,OUT013,Tier 3,High,Supermarket Type1,0.070189133,8.010000229,37.95320129,4
Low Fat,DRQ35,Hard Drinks,2000,OUT013,Tier 3,High,Supermarket Type1,0.042256258,9.300000191,124.438797,4
Low Fat,DRN47,Hard Drinks,2000,OUT013,Tier 3,High,Supermarket Type1,0.016812745,12.10000038,180.6660004,4
Low Fat,DRP47,Hard Drinks,2000,OUT013,Tier 3,High,Supermarket Type1,0.140486315,15.75,252.738205,4
Low Fat,DRM23,Hard Drinks,2000,OUT013,Tier 3,High,Supermarket Type1,0.135620266,16.60000038,172.9421997,4
Low Fat,NCO05,Health and Hygiene,2000,OUT013,Tier 3,High,Supermarket Type1,0.046520703,7.269999981,97.73840332,4
Low Fat,NCX29,Health and Hygiene,2000,OUT013,Tier 3,High,Supermarket Type1,0.089078337,10,147.110199,4
Low Fat,NCO29,Health and Hygiene,2000,OUT013,Tier 3,High,Supermarket Type1,0.032229349,11.14999962,163.252594,4
Low Fat,NCS05,Health and Hygiene,2000,OUT013,Tier 3,High,Supermarket Type1,0.020960614,11.5,133.2942047,4
Low Fat,NCW29,Health and Hygiene,2000,OUT013,Tier 3,High,Supermarket Type1,0.028838938,14,129.3309937,4
Low Fat,NCV41,Health and Hygiene,2000,OUT013,Tier 3,High,Supermarket Type1,0.017024597,14.35000038,109.8227997,4
Low Fat,NCP53,Health and Hygiene,2000,OUT013,Tier 3,High,Supermarket Type1,0.032862976,14.75,238.6905975,4
Low Fat,NCD42,Health and Hygiene,2000,OUT013,Tier 3,High,Supermarket Type1,0.012627329,16.5,38.75059891,4
Low Fat,NCJ05,Health and Hygiene,2000,OUT013,Tier 3,High,Supermarket Type1,0.046049919,18.70000076,151.9682007,4
Low Fat,NCU41,Health and Hygiene,2000,OUT013,Tier 3,High,Supermarket Type1,0.052011501,18.85000038,190.3845978,4
Low Fat,NCL05,Health and Hygiene,2000,OUT013,Tier 3,High,Supermarket Type1,0.047857802,19.60000038,45.07699966,4
Low Fat,NCX53,Health and Hygiene,2000,OUT013,Tier 3,High,Supermarket Type1,0.014925407,20.10000038,143.4154053,4
Low Fat,NCF55,Household,2000,OUT013,Tier 3,High,Supermarket Type1,0.021648305,6.675000191,35.68740082,4
Low Fat,NCS06,Household,2000,OUT013,Tier 3,High,Supermarket Type1,0.03171033,7.934999943,263.0910034,4
Low Fat,NCP14,Household,2000,OUT013,Tier 3,High,Supermarket Type1,0.110197976,8.274999619,104.2305984,4
Low Fat,NCH43,Household,2000,OUT013,Tier 3,High,Supermarket Type1,0.070510186,8.420000076,214.4192047,4
Low Fat,NCT54,Household,2000,OUT013,Tier 3,High,Supermarket Type1,0.11943613,8.694999695,94.70939636,4
Low Fat,NCD43,Household,2000,OUT013,Tier 3,High,Supermarket Type1,0.016006626,8.850000381,105.6964035,4
Low Fat,NCE19,Household,2000,OUT013,Tier 3,High,Supermarket Type1,0.092937216,8.970000267,54.6955986,4
Low Fat,NCK18,Household,2000,OUT013,Tier 3,High,Supermarket Type1,0.006692529,9.600000381,164.918396,4
Low Fat,NCJ54,Household,2000,OUT013,Tier 3,High,Supermarket Type1,0.060017128,9.895000458,230.8641968,4
Low Fat,NCE18,Household,2000,OUT013,Tier 3,High,Supermarket Type1,0.021407511,10,248.1750031,4
Low Fat,NCZ42,Household,2000,OUT013,Tier 3,High,Supermarket Type1,0.011278535,10.5,237.0247955,4
Low Fat,NCQ06,Household,2000,OUT013,Tier 3,High,Supermarket Type1,0.041789718,13,256.1014099,4
Low Fat,NCW18,Household,2000,OUT013,Tier 3,High,Supermarket Type1,0.059275452,15.10000038,238.9248047,4
Low Fat,NCD18,Household,2000,OUT013,Tier 3,High,Supermarket Type1,0.07260865,16,228.366806,4
Low Fat,NCG55,Household,2000,OUT013,Tier 3,High,Supermarket Type1,0.039113589,16.25,116.017601,4
Low Fat,NCC30,Household,2000,OUT013,Tier 3,High,Supermarket Type1,0.027556246,16.60000038,176.6343994,4
Low Fat,NCI55,Household,2000,OUT013,Tier 3,High,Supermarket Type1,0.012643035,18.60000038,119.8414001,4
Low Fat,NCI42,Household,2000,OUT013,Tier 3,High,Supermarket Type1,0.01035692,18.75,208.395401,4
Low Fat,NCA30,Household,2000,OUT013,Tier 3,High,Supermarket Type1,0.129226103,19,190.587204,4
Low Fat,NCD30,Household,2000,OUT013,Tier 3,High,Supermarket Type1,0.026826918,19.70000076,98.77259827,4
Low Fat,NCG30,Household,2000,OUT013,Tier 3,High,Supermarket Type1,0.112227745,20.20000076,123.5046005,4
Low Fat,NCG43,Household,2000,OUT013,Tier 3,High,Supermarket Type1,0.074177667,20.20000076,93.24620056,4
Low Fat,NCI30,Household,2000,OUT013,Tier 3,High,Supermarket Type1,0.058886476,20.25,245.5460052,4
Low Fat,NCN42,Household,2000,OUT013,Tier 3,High,Supermarket Type1,0,20.25,145.6417999,4
Low Fat,NCY30,Household,2000,OUT013,Tier 3,High,Supermarket Type1,0.02593166,20.25,182.5975952,4
Low Fat,NCQ42,Household,2000,OUT013,Tier 3,High,Supermarket Type1,0.039235529,20.35000038,127.2677994,4
Low Fat,NCE54,Household,2000,OUT013,Tier 3,High,Supermarket Type1,0.02687747,20.70000076,74.63539886,4
Low Fat,NCD54,Household,2000,OUT013,Tier 3,High,Supermarket Type1,0.028984804,21.10000038,146.1786041,4
Low Fat,FDA39,Meat,2000,OUT013,Tier 3,High,Supermarket Type1,0.012707362,6.320000172,41.0821991,4
Low Fat,FDL43,Meat,2000,OUT013,Tier 3,High,Supermarket Type1,0.02704186,10.10000038,77.56700134,4
Low Fat,FDV39,Meat,2000,OUT013,Tier 3,High,Supermarket Type1,0.007273831,11.30000019,196.6425934,4
Low Fat,FDI19,Meat,2000,OUT013,Tier 3,High,Supermarket Type1,0.052295513,15.10000038,242.9512024,4
Low Fat,FDH19,Meat,2000,OUT013,Tier 3,High,Supermarket Type1,0.033060938,19.35000038,172.4738007,4
Low Fat,NCM07,Others,2000,OUT013,Tier 3,High,Supermarket Type1,0.039928582,9.395000458,83.290802,4
Low Fat,NCM43,Others,2000,OUT013,Tier 3,High,Supermarket Type1,0.019459164,14.5,161.6210022,4
Low Fat,FDH21,Seafood,2000,OUT013,Tier 3,High,Supermarket Type1,0.031199029,10.39500046,159.4604034,4
Low Fat,FDL33,Snack Foods,2000,OUT013,Tier 3,High,Supermarket Type1,0.099879339,7.235000134,195.1452026,4
Low Fat,FDQ09,Snack Foods,2000,OUT013,Tier 3,High,Supermarket Type1,0.058083832,7.235000134,113.683403,4
Low Fat,FDD58,Snack Foods,2000,OUT013,Tier 3,High,Supermarket Type1,0.059302852,7.760000229,98.76999664,4
Low Fat,FDK21,Snack Foods,2000,OUT013,Tier 3,High,Supermarket Type1,0.010003987,7.90500021,250.740799,4
Low Fat,FDA58,Snack Foods,2000,OUT013,Tier 3,High,Supermarket Type1,0.103664897,9.395000458,233.6932068,4
Low Fat,FDW34,Snack Foods,2000,OUT013,Tier 3,High,Supermarket Type1,0.035549525,9.600000381,244.1170044,4
Low Fat,FDV09,Snack Foods,2000,OUT013,Tier 3,High,Supermarket Type1,0.020551458,12.10000038,146.6734009,4
Low Fat,FDU22,Snack Foods,2000,OUT013,Tier 3,High,Supermarket Type1,0,12.35000038,118.9123993,4
Low Fat,FDA21,Snack Foods,2000,OUT013,Tier 3,High,Supermarket Type1,0.035930783,13.64999962,184.4924011,4
Low Fat,FDZ45,Snack Foods,2000,OUT013,Tier 3,High,Supermarket Type1,0.066820331,14.10000038,198.9084015,4
Low Fat,FDN09,Snack Foods,2000,OUT013,Tier 3,High,Supermarket Type1,0.034845669,14.14999962,242.7828064,4
Low Fat,FDY21,Snack Foods,2000,OUT013,Tier 3,High,Supermarket Type1,0,15.10000038,195.2109985,4
Low Fat,FDM33,Snack Foods,2000,OUT013,Tier 3,High,Supermarket Type1,0.087646693,15.60000038,221.5798035,4
Low Fat,FDL34,Snack Foods,2000,OUT013,Tier 3,High,Supermarket Type1,0.040911824,16,141.2496033,4
Low Fat,FDV45,Snack Foods,2000,OUT013,Tier 3,High,Supermarket Type1,0.045009952,16.75,186.8556061,4
Low Fat,FDX45,Snack Foods,2000,OUT013,Tier 3,High,Supermarket Type1,0.104768537,16.75,155.1629944,4
Low Fat,FDZ10,Snack Foods,2000,OUT013,Tier 3,High,Supermarket Type1,0.04442649,17.85000038,124.9020004,4
Low Fat,DRC25,Soft Drinks,2000,OUT013,Tier 3,High,Supermarket Type1,0.045334097,5.730000019,87.08820343,4
Low Fat,DRD12,Soft Drinks,2000,OUT013,Tier 3,High,Supermarket Type1,0.077129319,6.960000038,92.71459961,4
Low Fat,DRE48,Soft Drinks,2000,OUT013,Tier 3,High,Supermarket Type1,0.017311312,8.430000305,197.8768005,4
Low Fat,DRH13,Soft Drinks,2000,OUT013,Tier 3,High,Supermarket Type1,0.02386608,8.574999809,107.1279984,4
Low Fat,DRK12,Soft Drinks,2000,OUT013,Tier 3,High,Supermarket Type1,0.041851461,9.5,31.48999977,4
Low Fat,DRN37,Soft Drinks,2000,OUT013,Tier 3,High,Supermarket Type1,0.09621726,9.600000381,168.5157928,4
Low Fat,DRA12,Soft Drinks,2000,OUT013,Tier 3,High,Supermarket Type1,0.040911824,11.60000038,142.3153992,4
Low Fat,DRB25,Soft Drinks,2000,OUT013,Tier 3,High,Supermarket Type1,0.06940192,12.30000019,107.9937973,4
Low Fat,DRD13,Soft Drinks,2000,OUT013,Tier 3,High,Supermarket Type1,0.049038623,15,65.41680145,4
Low Fat,DRM37,Soft Drinks,2000,OUT013,Tier 3,High,Supermarket Type1,0.096317589,15.35000038,197.3768005,4
Low Fat,DRD60,Soft Drinks,2000,OUT013,Tier 3,High,Supermarket Type1,0.037201125,15.69999981,181.7633972,4
Low Fat,DRI25,Soft Drinks,2000,OUT013,Tier 3,High,Supermarket Type1,0.03387323,19.60000038,56.16139984,4
Low Fat,DRE49,Soft Drinks,2000,OUT013,Tier 3,High,Supermarket Type1,0.021232318,20.75,151.1024017,4
Low Fat,FDC35,Starchy Foods,2000,OUT013,Tier 3,High,Supermarket Type1,0.122735471,7.434999943,205.2637939,4
Low Fat,FDA34,Starchy Foods,2000,OUT013,Tier 3,High,Supermarket Type1,0.01484819,11.5,172.1080017,4
Low Fat,FDG47,Starchy Foods,2000,OUT013,Tier 3,High,Supermarket Type1,0.069560908,12.80000019,263.0252075,4
Low Fat,FDD11,Starchy Foods,2000,OUT013,Tier 3,High,Supermarket Type1,0.030591255,12.85000038,251.404007,4
Low Fat,FDH35,Starchy Foods,2000,OUT013,Tier 3,High,Supermarket Type1,0.060198497,18.25,162.9526062,4
Low Fat,FDC11,Starchy Foods,2000,OUT013,Tier 3,High,Supermarket Type1,0.141674846,20.5,90.71720123,4
Low Fat,FDF47,Starchy Foods,2000,OUT013,Tier 3,High,Supermarket Type1,0.097536996,20.85000038,225.3746033,4
Regular,FDI60,Baking Goods,2000,OUT013,Tier 3,High,Supermarket Type1,0.038289331,7.21999979,64.75099945,4
Regular,FDM60,Baking Goods,2000,OUT013,Tier 3,High,Supermarket Type1,0,10.80000019,39.31380081,4
Regular,FDO48,Baking Goods,2000,OUT013,Tier 3,High,Supermarket Type1,0.02681843,15,219.7456055,4
Regular,FDV12,Baking Goods,2000,OUT013,Tier 3,High,Supermarket Type1,0.060824022,16.70000076,98.73840332,4
Regular,FDZ23,Baking Goods,2000,OUT013,Tier 3,High,Supermarket Type1,0.067446627,17.75,184.723999,4
Regular,FDJ60,Baking Goods,2000,OUT013,Tier 3,High,Supermarket Type1,0.062476393,19.35000038,164.5184021,4
Regular,FDQ59,Breads,2000,OUT013,Tier 3,High,Supermarket Type1,0.056339618,9.800000191,84.290802,4
Regular,FDP49,Breakfast,2000,OUT013,Tier 3,High,Supermarket Type1,0.06903147,9,55.06140137,4
Regular,FDR37,Breakfast,2000,OUT013,Tier 3,High,Supermarket Type1,0.066194423,16.5,184.4291992,4
Regular,FDR01,Canned,2000,OUT013,Tier 3,High,Supermarket Type1,0.053576659,5.40500021,200.5742035,4
Regular,FDM38,Canned,2000,OUT013,Tier 3,High,Supermarket Type1,0.092694104,5.885000229,53.69820023,4
Regular,FDN38,Canned,2000,OUT013,Tier 3,High,Supermarket Type1,0.09189532,6.614999771,248.6407928,4
Regular,FDZ01,Canned,2000,OUT013,Tier 3,High,Supermarket Type1,0.009051307,8.975000381,103.098999,4
Regular,FDU37,Canned,2000,OUT013,Tier 3,High,Supermarket Type1,0.104421236,9.5,80.19599915,4
Regular,FDB02,Canned,2000,OUT013,Tier 3,High,Supermarket Type1,0.029140009,9.694999695,176.3370056,4
Regular,FDF38,Canned,2000,OUT013,Tier 3,High,Supermarket Type1,0.02633607,11.80000019,40.61380005,4
Regular,FDM50,Canned,2000,OUT013,Tier 3,High,Supermarket Type1,0.030064132,13,58.02199936,4
Regular,FDE14,Canned,2000,OUT013,Tier 3,High,Supermarket Type1,0.031418983,13.64999962,99.26999664,4
Regular,FDC14,Canned,2000,OUT013,Tier 3,High,Supermarket Type1,0.041214745,14.5,42.04539871,4
Regular,FDY37,Canned,2000,OUT013,Tier 3,High,Supermarket Type1,0.026546765,17,142.1470032,4
Regular,FDH26,Canned,2000,OUT013,Tier 3,High,Supermarket Type1,0.03467086,19.25,141.8495941,4
Regular,FDW02,Dairy,2000,OUT013,Tier 3,High,Supermarket Type1,0.037668049,4.804999828,126.770401,4
Regular,FDA26,Dairy,2000,OUT013,Tier 3,High,Supermarket Type1,0.073858924,7.855000019,218.6481934,4
Regular,FDC03,Dairy,2000,OUT013,Tier 3,High,Supermarket Type1,0.071786709,8.574999809,193.3793945,4
Regular,FDT14,Dairy,2000,OUT013,Tier 3,High,Supermarket Type1,0.127620816,10.69499969,119.2440033,4
Regular,FDB04,Dairy,2000,OUT013,Tier 3,High,Supermarket Type1,0.063173689,11.35000038,86.18560028,4
Regular,FDW26,Dairy,2000,OUT013,Tier 3,High,Supermarket Type1,0.106968097,11.80000019,221.6772003,4
Regular,FDD52,Dairy,2000,OUT013,Tier 3,High,Supermarket Type1,0.183142349,18.25,110.3570023,4
Regular,FDV26,Dairy,2000,OUT013,Tier 3,High,Supermarket Type1,0.076097071,20.25,193.5794067,4
Regular,FDD41,Frozen Foods,2000,OUT013,Tier 3,High,Supermarket Type1,0.087187491,6.764999866,105.5306015,4
Regular,FDY28,Frozen Foods,2000,OUT013,Tier 3,High,Supermarket Type1,0.152024359,7.46999979,211.8217926,4
Regular,FDR40,Frozen Foods,2000,OUT013,Tier 3,High,Supermarket Type1,0.008027701,9.100000381,81.16179657,4
Regular,FDL28,Frozen Foods,2000,OUT013,Tier 3,High,Supermarket Type1,0.063121982,10,231.7667999,4
Regular,FDO52,Frozen Foods,2000,OUT013,Tier 3,High,Supermarket Type1,0.077100381,11.60000038,172.4105988,4
Regular,FDJ40,Frozen Foods,2000,OUT013,Tier 3,High,Supermarket Type1,0.049547993,13.60000038,108.6912003,4
Regular,FDI16,Frozen Foods,2000,OUT013,Tier 3,High,Supermarket Type1,0.135662705,14,52.06399918,4
Regular,FDF29,Frozen Foods,2000,OUT013,Tier 3,High,Supermarket Type1,0.019917598,15.10000038,129.4309998,4
Regular,FDY40,Frozen Foods,2000,OUT013,Tier 3,High,Supermarket Type1,0.085763559,15.5,49.06919861,4
Regular,FDV28,Frozen Foods,2000,OUT013,Tier 3,High,Supermarket Type1,0.159595475,16.10000038,32.85580063,4
Regular,FDW16,Frozen Foods,2000,OUT013,Tier 3,High,Supermarket Type1,0.041439719,17.35000038,93.78040314,4
Regular,FDR31,Fruits and Vegetables,2000,OUT013,Tier 3,High,Supermarket Type1,0.049121972,6.460000038,144.610199,4
Regular,FDQ19,Fruits and Vegetables,2000,OUT013,Tier 3,High,Supermarket Type1,0.014353174,7.349999905,242.6511993,4
Regular,FDT19,Fruits and Vegetables,2000,OUT013,Tier 3,High,Supermarket Type1,0.144920155,7.590000153,174.7079926,4
Regular,FDV44,Fruits and Vegetables,2000,OUT013,Tier 3,High,Supermarket Type1,0.039811272,8.364999771,191.3188019,4
Regular,FDW44,Fruits and Vegetables,2000,OUT013,Tier 3,High,Supermarket Type1,0.035121962,9.5,168.6448059,4
Regular,FDH56,Fruits and Vegetables,2000,OUT013,Tier 3,High,Supermarket Type1,0.063764095,9.800000191,113.8491974,4
Regular,FDM08,Fruits and Vegetables,2000,OUT013,Tier 3,High,Supermarket Type1,0,10.10000038,225.1087952,4
Regular,FDR55,Fruits and Vegetables,2000,OUT013,Tier 3,High,Supermarket Type1,0.131973624,12.14999962,187.9871979,4
Regular,FDT55,Fruits and Vegetables,2000,OUT013,Tier 3,High,Supermarket Type1,0.043618828,13.60000038,156.7946014,4
Regular,FDC09,Fruits and Vegetables,2000,OUT013,Tier 3,High,Supermarket Type1,0.026280116,15.5,102.3331985,4
Regular,FDY56,Fruits and Vegetables,2000,OUT013,Tier 3,High,Supermarket Type1,0.062359467,16.35000038,224.0061951,4
Regular,FDU20,Fruits and Vegetables,2000,OUT013,Tier 3,High,Supermarket Type1,0.021439694,19.35000038,119.7098007,4
Regular,FDC57,Fruits and Vegetables,2000,OUT013,Tier 3,High,Supermarket Type1,0.054549098,20.10000038,193.7819977,4
Regular,FDP08,Fruits and Vegetables,2000,OUT013,Tier 3,High,Supermarket Type1,0.112316504,20.5,193.9477997,4
Regular,FDW03,Meat,2000,OUT013,Tier 3,High,Supermarket Type1,0.024520854,5.630000114,102.8305969,4
Regular,FDS15,Meat,2000,OUT013,Tier 3,High,Supermarket Type1,0.077995643,9.194999695,107.1595993,4
Regular,FDQ03,Meat,2000,OUT013,Tier 3,High,Supermarket Type1,0.077949338,15,238.7247925,4
Regular,FDX03,Meat,2000,OUT013,Tier 3,High,Supermarket Type1,0.061045133,15.85000038,44.7743988,4
Regular,FDL03,Meat,2000,OUT013,Tier 3,High,Supermarket Type1,0.027058067,19.25,194.8110046,4
Regular,FDN33,Snack Foods,2000,OUT013,Tier 3,High,Supermarket Type1,0.12301331,6.304999828,93.24359894,4
Regular,FDU57,Snack Foods,2000,OUT013,Tier 3,High,Supermarket Type1,0.089479662,8.270000458,148.6708069,4
Regular,FDG46,Snack Foods,2000,OUT013,Tier 3,High,Supermarket Type1,0.032882269,8.630000114,113.5518036,4
Regular,FDM45,Snack Foods,2000,OUT013,Tier 3,High,Supermarket Type1,0.08812134,8.654999733,119.7755966,4
Regular,FDZ57,Snack Foods,2000,OUT013,Tier 3,High,Supermarket Type1,0.037732881,10,128.2993927,4
Regular,FDO21,Snack Foods,2000,OUT013,Tier 3,High,Supermarket Type1,0.009754896,11.60000038,223.0404053,4
Regular,FDW46,Snack Foods,2000,OUT013,Tier 3,High,Supermarket Type1,0.070243157,13,65.74839783,4
Regular,FDN58,Snack Foods,2000,OUT013,Tier 3,High,Supermarket Type1,0.056825064,13.80000019,230.9983978,4
Regular,FDL21,Snack Foods,2000,OUT013,Tier 3,High,Supermarket Type1,0.007140468,15.85000038,40.84799957,4
Regular,FDS22,Snack Foods,2000,OUT013,Tier 3,High,Supermarket Type1,0.023135131,16.85000038,44.84280014,4
Regular,FDL09,Snack Foods,2000,OUT013,Tier 3,High,Supermarket Type1,0.127929524,19.60000038,167.4815979,4
Regular,FDS21,Snack Foods,2000,OUT013,Tier 3,High,Supermarket Type1,0.02085878,19.85000038,62.81940079,4
Low Fat,FDM39,Dairy,2000,OUT013,Tier 3,High,Supermarket Type1,0.053426165,6.420000076,178.7001953,4
Low Fat,FDD51,Dairy,2000,OUT013,Tier 3,High,Supermarket Type1,0.119852886,11.14999962,44.97439957,4
Low Fat,FDD39,Dairy,2000,OUT013,Tier 3,High,Supermarket Type1,0.070096515,16.70000076,217.8849945,4
Low Fat,NCC43,Household,2000,OUT013,Tier 3,High,Supermarket Type1,0.092705682,7.389999866,251.906601,4
Low Fat,FDD46,Snack Foods,2000,OUT013,Tier 3,High,Supermarket Type1,0.141138464,6.034999847,155.0997925,4
Low Fat,FDE47,Starchy Foods,2000,OUT013,Tier 3,High,Supermarket Type1,0.037877202,14.14999962,124.0046005,4
Regular,FDF10,Snack Foods,2000,OUT013,Tier 3,High,Supermarket Type1,0.156797782,15.5,148.6417999,4
Low Fat,FDO50,Canned,2022,OUT018,Tier 3,Medium,Supermarket Type2,0,16.25,90.28040314,4
Low Fat,FDY50,Dairy,2022,OUT018,Tier 3,Medium,Supermarket Type2,0.131489262,5.800000191,89.71720123,4
Low Fat,DRI39,Dairy,2022,OUT018,Tier 3,Medium,Supermarket Type2,0.097457483,13.80000019,55.39300156,4
Low Fat,FDR02,Dairy,2022,OUT018,Tier 3,Medium,Supermarket Type2,0.022155562,16.70000076,109.5886002,4
Low Fat,FDT40,Frozen Foods,2022,OUT018,Tier 3,Medium,Supermarket Type2,0.096185558,5.985000134,127.1678009,4
Low Fat,NCT05,Health and Hygiene,2022,OUT018,Tier 3,Medium,Supermarket Type2,0.021037197,10.89500046,255.9671936,4
Low Fat,NCQ06,Household,2022,OUT018,Tier 3,Medium,Supermarket Type2,0.0419949,13,254.7014008,4
Low Fat,NCF18,Household,2022,OUT018,Tier 3,Medium,Supermarket Type2,0.089345075,18.35000038,191.9503937,4
Low Fat,NCO55,Others,2022,OUT018,Tier 3,Medium,Supermarket Type2,0.091408074,12.80000019,108.9937973,4
Low Fat,FDJ45,Seafood,2022,OUT018,Tier 3,Medium,Supermarket Type2,0.073709689,17.75,35.1216011,4
Low Fat,FDP34,Snack Foods,2022,OUT018,Tier 3,Medium,Supermarket Type2,0.13778685,12.85000038,157.7630005,4
Low Fat,DRD12,Soft Drinks,2022,OUT018,Tier 3,Medium,Supermarket Type2,0.077508017,6.960000038,92.31459808,4
Low Fat,DRN37,Soft Drinks,2022,OUT018,Tier 3,Medium,Supermarket Type2,0.096689671,9.600000381,168.0157928,4
Low Fat,FDV24,Baking Goods,2022,OUT018,Tier 3,Medium,Supermarket Type2,0.103693023,5.635000229,149.9049988,4
Low Fat,FDU36,Baking Goods,2022,OUT018,Tier 3,Medium,Supermarket Type2,0.046459436,6.150000095,100.5383987,4
Low Fat,FDX23,Baking Goods,2022,OUT018,Tier 3,Medium,Supermarket Type2,0.029812714,6.445000172,95.44360352,4
Low Fat,FDA11,Baking Goods,2022,OUT018,Tier 3,Medium,Supermarket Type2,0.043414958,7.75,93.14360046,4
Low Fat,FDG24,Baking Goods,2022,OUT018,Tier 3,Medium,Supermarket Type2,0.01469075,7.974999905,84.72499847,4
Low Fat,FDD48,Baking Goods,2022,OUT018,Tier 3,Medium,Supermarket Type2,0.030281544,10.39500046,116.3175964,4
Low Fat,FDT60,Baking Goods,2022,OUT018,Tier 3,Medium,Supermarket Type2,0.07585606,12,124.5388031,4
Low Fat,FDD36,Baking Goods,2022,OUT018,Tier 3,Medium,Supermarket Type2,0.02136022,13.30000019,120.4123993,4
Low Fat,FDY48,Baking Goods,2022,OUT018,Tier 3,Medium,Supermarket Type2,0.023831557,14,103.1332016,4
Low Fat,FDR60,Baking Goods,2022,OUT018,Tier 3,Medium,Supermarket Type2,0.130946368,14.30000019,76.73280334,4
Low Fat,FDX60,Baking Goods,2022,OUT018,Tier 3,Medium,Supermarket Type2,0.08092244,14.35000038,80.09600067,4
Low Fat,FDQ24,Baking Goods,2022,OUT018,Tier 3,Medium,Supermarket Type2,0.073966786,15.69999981,250.572403,4
Low Fat,FDX59,Breads,2022,OUT018,Tier 3,Medium,Supermarket Type2,0.051871717,10.19499969,35.35580063,4
Low Fat,FDV47,Breads,2022,OUT018,Tier 3,Medium,Supermarket Type2,0.054428369,17.10000038,84.95659637,4
Low Fat,FDH38,Canned,2022,OUT018,Tier 3,Medium,Supermarket Type2,0.010480751,6.425000191,116.5808029,4
Low Fat,FDS13,Canned,2022,OUT018,Tier 3,Medium,Supermarket Type2,0,6.465000153,263.188385,4
Low Fat,FDT49,Canned,2022,OUT018,Tier 3,Medium,Supermarket Type2,0.152022347,7,106.6279984,4
Low Fat,FDG50,Canned,2022,OUT018,Tier 3,Medium,Supermarket Type2,0.015334003,7.40500021,92.71459961,4
Low Fat,FDT25,Canned,2022,OUT018,Tier 3,Medium,Supermarket Type2,0.050957713,7.5,122.4072037,4
Low Fat,FDX13,Canned,2022,OUT018,Tier 3,Medium,Supermarket Type2,0.047977608,7.724999905,249.509201,4
Low Fat,FDK50,Canned,2022,OUT018,Tier 3,Medium,Supermarket Type2,0.028478742,7.960000038,161.8894043,4
Low Fat,FDR49,Canned,2022,OUT018,Tier 3,Medium,Supermarket Type2,0.139795572,8.710000038,47.23759842,4
Low Fat,FDS49,Canned,2022,OUT018,Tier 3,Medium,Supermarket Type2,0.079668738,9,79.66439819,4
Low Fat,FDI14,Canned,2022,OUT018,Tier 3,Medium,Supermarket Type2,0.090043083,14.10000038,140.1495972,4
Low Fat,FDP25,Canned,2022,OUT018,Tier 3,Medium,Supermarket Type2,0.021293908,15.19999981,218.4824066,4
Low Fat,FDA13,Canned,2022,OUT018,Tier 3,Medium,Supermarket Type2,0.078874946,15.85000038,37.45059967,4
Low Fat,FDL26,Canned,2022,OUT018,Tier 3,Medium,Supermarket Type2,0.073490977,18,157.3972015,4
Low Fat,FDD50,Canned,2022,OUT018,Tier 3,Medium,Supermarket Type2,0.142219216,18.85000038,167.613205,4
Low Fat,DRI03,Dairy,2022,OUT018,Tier 3,Medium,Supermarket Type2,0.022796178,6.03000021,178.1027985,4
Low Fat,FDM39,Dairy,2022,OUT018,Tier 3,Medium,Supermarket Type2,0.053688478,6.420000076,178.3002014,4
Low Fat,FDC39,Dairy,2022,OUT018,Tier 3,Medium,Supermarket Type2,0.159843922,7.40500021,206.6295929,4
Low Fat,DRH15,Dairy,2022,OUT018,Tier 3,Medium,Supermarket Type2,0.110359006,8.774999619,42.74280167,4
Low Fat,DRE15,Dairy,2022,OUT018,Tier 3,Medium,Supermarket Type2,0.017857848,13.35000038,77.50119781,4
Low Fat,DRG03,Dairy,2022,OUT018,Tier 3,Medium,Supermarket Type2,0.062239081,14.5,154.2998047,4
Low Fat,FDD39,Dairy,2022,OUT018,Tier 3,Medium,Supermarket Type2,0.07044068,16.70000076,216.8849945,4
Low Fat,FDC15,Dairy,2022,OUT018,Tier 3,Medium,Supermarket Type2,0.178694025,18.10000038,158.9288025,4
Low Fat,FDO16,Frozen Foods,2022,OUT018,Tier 3,Medium,Supermarket Type2,0.015169739,5.480000019,82.22499847,4
Low Fat,FDU52,Frozen Foods,2022,OUT018,Tier 3,Medium,Supermarket Type2,0.064030632,7.559999943,154.4629974,4
Low Fat,FDE16,Frozen Foods,2022,OUT018,Tier 3,Medium,Supermarket Type2,0.026451029,8.895000458,210.395401,4
Low Fat,FDO04,Frozen Foods,2022,OUT018,Tier 3,Medium,Supermarket Type2,0.026645306,16.60000038,53.56140137,4
Low Fat,FDL40,Frozen Foods,2022,OUT018,Tier 3,Medium,Supermarket Type2,0.011660463,17.70000076,96.54100037,4
Low Fat,FDJ04,Frozen Foods,2022,OUT018,Tier 3,Medium,Supermarket Type2,0.124959014,18,116.5123978,4
Low Fat,FDW28,Frozen Foods,2022,OUT018,Tier 3,Medium,Supermarket Type2,0.08918608,18.25,194.3451996,4
Low Fat,FDO32,Fruits and Vegetables,2022,OUT018,Tier 3,Medium,Supermarket Type2,0.121034652,6.360000134,47.50600052,4
Low Fat,FDQ56,Fruits and Vegetables,2022,OUT018,Tier 3,Medium,Supermarket Type2,0.106027476,6.590000153,83.99079895,4
Low Fat,FDA20,Fruits and Vegetables,2022,OUT018,Tier 3,Medium,Supermarket Type2,0.066892467,6.78000021,186.423996,4
Low Fat,FDV08,Fruits and Vegetables,2022,OUT018,Tier 3,Medium,Supermarket Type2,0.028711412,7.349999905,39.94540024,4
Low Fat,FDP56,Fruits and Vegetables,2022,OUT018,Tier 3,Medium,Supermarket Type2,0.046673495,8.18500042,48.46920013,4
Low Fat,FDD08,Fruits and Vegetables,2022,OUT018,Tier 3,Medium,Supermarket Type2,0.035498381,8.300000191,36.65060043,4
Low Fat,FDX44,Fruits and Vegetables,2022,OUT018,Tier 3,Medium,Supermarket Type2,0.043141574,9.300000191,90.41719818,4
Low Fat,FDA43,Fruits and Vegetables,2022,OUT018,Tier 3,Medium,Supermarket Type2,0.064939208,10.89500046,194.1793976,4
Low Fat,FDY07,Fruits and Vegetables,2022,OUT018,Tier 3,Medium,Supermarket Type2,0,11.80000019,45.24020004,4
Low Fat,FDW08,Fruits and Vegetables,2022,OUT018,Tier 3,Medium,Supermarket Type2,0.148986012,12.10000038,106.5279999,4
Low Fat,FDM44,Fruits and Vegetables,2022,OUT018,Tier 3,Medium,Supermarket Type2,0.031176157,12.5,103.098999,4
Low Fat,FDH32,Fruits and Vegetables,2022,OUT018,Tier 3,Medium,Supermarket Type2,0.076369874,12.80000019,97.24099731,4
Low Fat,FDD33,Fruits and Vegetables,2022,OUT018,Tier 3,Medium,Supermarket Type2,0.108633369,12.85000038,233.8641968,4
Low Fat,FDL56,Fruits and Vegetables,2022,OUT018,Tier 3,Medium,Supermarket Type2,0.126292989,14.10000038,88.61979675,4
Low Fat,FDB09,Fruits and Vegetables,2022,OUT018,Tier 3,Medium,Supermarket Type2,0.057629898,16.25,123.9046021,4
Low Fat,FDT44,Fruits and Vegetables,2022,OUT018,Tier 3,Medium,Supermarket Type2,0.103406064,16.60000038,116.4466019,4
Low Fat,FDY55,Fruits and Vegetables,2022,OUT018,Tier 3,Medium,Supermarket Type2,0.081651472,16.75,258.3988037,4
Low Fat,FDR43,Fruits and Vegetables,2022,OUT018,Tier 3,Medium,Supermarket Type2,0.162147343,18.20000076,37.71900177,4
Low Fat,FDB32,Fruits and Vegetables,2022,OUT018,Tier 3,Medium,Supermarket Type2,0.023548476,20.60000038,93.37779999,4
Low Fat,DRG11,Hard Drinks,2022,OUT018,Tier 3,Medium,Supermarket Type2,0.084179811,6.385000229,109.0596008,4
Low Fat,DRI11,Hard Drinks,2022,OUT018,Tier 3,Medium,Supermarket Type2,0.034544434,8.260000229,116.0833969,4
Low Fat,DRM47,Hard Drinks,2022,OUT018,Tier 3,Medium,Supermarket Type2,0.043964058,9.300000191,192.3845978,4
Low Fat,DRJ11,Hard Drinks,2022,OUT018,Tier 3,Medium,Supermarket Type2,0.085437775,9.5,188.4871979,4
Low Fat,DRO47,Hard Drinks,2022,OUT018,Tier 3,Medium,Supermarket Type2,0.112681821,10.19499969,113.9860001,4
Low Fat,DRI23,Hard Drinks,2022,OUT018,Tier 3,Medium,Supermarket Type2,0.137755841,18.85000038,161.8578033,4
Low Fat,NCN53,Health and Hygiene,2022,OUT018,Tier 3,Medium,Supermarket Type2,0.030479118,5.175000191,33.28739929,4
Low Fat,NCU17,Health and Hygiene,2022,OUT018,Tier 3,Medium,Supermarket Type2,0.093261674,5.320000172,100.9673996,4
Low Fat,NCH29,Health and Hygiene,2022,OUT018,Tier 3,Medium,Supermarket Type2,0,5.510000229,98.97260284,4
Low Fat,NCL17,Health and Hygiene,2022,OUT018,Tier 3,Medium,Supermarket Type2,0.068055816,7.389999866,140.7812042,4
Low Fat,NCR29,Health and Hygiene,2022,OUT018,Tier 3,Medium,Supermarket Type2,0.05486346,7.565000057,58.39300156,4
Low Fat,NCJ17,Health and Hygiene,2022,OUT018,Tier 3,Medium,Supermarket Type2,0.153177947,7.679999828,85.22239685,4
Low Fat,NCM17,Health and Hygiene,2022,OUT018,Tier 3,Medium,Supermarket Type2,0.071425647,7.929999828,45.90859985,4
Low Fat,NCN05,Health and Hygiene,2022,OUT018,Tier 3,Medium,Supermarket Type2,0.014518575,8.234999657,182.1950073,4
Low Fat,NCR05,Health and Hygiene,2022,OUT018,Tier 3,Medium,Supermarket Type2,0.054853376,10.10000038,198.6083984,4
Low Fat,NCA53,Health and Hygiene,2022,OUT018,Tier 3,Medium,Supermarket Type2,0.009918699,11.39500046,49.40340042,4
Low Fat,NCZ17,Health and Hygiene,2022,OUT018,Tier 3,Medium,Supermarket Type2,0.079755217,12.14999962,36.65060043,4
Low Fat,NCY29,Health and Hygiene,2022,OUT018,Tier 3,Medium,Supermarket Type2,0.077548735,13.64999962,55.0929985,4
Low Fat,NCW29,Health and Hygiene,2022,OUT018,Tier 3,Medium,Supermarket Type2,0.028980533,14,129.5310059,4
Low Fat,NCM53,Health and Hygiene,2022,OUT018,Tier 3,Medium,Supermarket Type2,0.052252907,18.75,105.7279968,4
Low Fat,NCX41,Health and Hygiene,2022,OUT018,Tier 3,Medium,Supermarket Type2,0.017791457,19,211.9243927,4
Low Fat,NCL05,Health and Hygiene,2022,OUT018,Tier 3,Medium,Supermarket Type2,0.048092779,19.60000038,44.47700119,4
Low Fat,NCP05,Health and Hygiene,2022,OUT018,Tier 3,Medium,Supermarket Type2,0,19.60000038,150.3023987,4
Low Fat,NCY53,Health and Hygiene,2022,OUT018,Tier 3,Medium,Supermarket Type2,0.058719568,20,111.0543976,4
Low Fat,NCK05,Health and Hygiene,2022,OUT018,Tier 3,Medium,Supermarket Type2,0.077769771,20.10000038,63.05360031,4
Low Fat,NCU30,Household,2022,OUT018,Tier 3,Medium,Supermarket Type2,0,5.110000134,164.720993,4
Low Fat,NCB31,Household,2022,OUT018,Tier 3,Medium,Supermarket Type2,0.119157791,6.235000134,263.7909851,4
Low Fat,NCY18,Household,2022,OUT018,Tier 3,Medium,Supermarket Type2,0.031278532,7.284999847,176.0054016,4
Low Fat,NCC43,Household,2022,OUT018,Tier 3,Medium,Supermarket Type2,0.093160853,7.389999866,251.3065948,4
Low Fat,NCE31,Household,2022,OUT018,Tier 3,Medium,Supermarket Type2,0.185596555,7.670000076,35.72159958,4
Low Fat,NCE07,Household,2022,OUT018,Tier 3,Medium,Supermarket Type2,0.013183517,8.180000305,143.1154022,4
Low Fat,NCH43,Household,2022,OUT018,Tier 3,Medium,Supermarket Type2,0.070856385,8.420000076,217.4192047,4
Low Fat,NCT54,Household,2022,OUT018,Tier 3,Medium,Supermarket Type2,0.120022543,8.694999695,94.80940247,4
Low Fat,NCU54,Household,2022,OUT018,Tier 3,Medium,Supermarket Type2,0.099024124,8.880000114,208.5269928,4
Low Fat,NCH18,Household,2022,OUT018,Tier 3,Medium,Supermarket Type2,0.04484316,9.300000191,246.1802063,4
Low Fat,NCV06,Household,2022,OUT018,Tier 3,Medium,Supermarket Type2,0.066952966,11.30000019,192.0478058,4
Low Fat,NCG54,Household,2022,OUT018,Tier 3,Medium,Supermarket Type2,0.080131359,12.10000038,170.9105988,4
Low Fat,NCS18,Household,2022,OUT018,Tier 3,Medium,Supermarket Type2,0.042383067,12.64999962,108.0938034,4
Low Fat,NCX18,Household,2022,OUT018,Tier 3,Medium,Supermarket Type2,0.008829806,14.14999962,196.8110046,4
Low Fat,NCZ54,Household,2022,OUT018,Tier 3,Medium,Supermarket Type2,0.083698966,14.64999962,163.4552002,4
Low Fat,NCG18,Household,2022,OUT018,Tier 3,Medium,Supermarket Type2,0.023071503,15.30000019,101.8331985,4
Low Fat,NCP54,Household,2022,OUT018,Tier 3,Medium,Supermarket Type2,0.035292856,15.35000038,124.572998,4
Low Fat,NCR18,Household,2022,OUT018,Tier 3,Medium,Supermarket Type2,0.020571083,15.85000038,41.61119843,4
Low Fat,NCD18,Household,2022,OUT018,Tier 3,Medium,Supermarket Type2,0.072965145,16,231.366806,4
Low Fat,NCG06,Household,2022,OUT018,Tier 3,Medium,Supermarket Type2,0.029565308,16.35000038,256.4645996,4
Low Fat,NCX30,Household,2022,OUT018,Tier 3,Medium,Supermarket Type2,0.026729068,16.70000076,248.4776001,4
Low Fat,NCH30,Household,2022,OUT018,Tier 3,Medium,Supermarket Type2,0,17.10000038,114.685997,4
Low Fat,NCW42,Household,2022,OUT018,Tier 3,Medium,Supermarket Type2,0.058707159,18.20000076,220.5455933,4
Low Fat,NCL18,Household,2022,OUT018,Tier 3,Medium,Supermarket Type2,0.16826655,18.85000038,195.5135956,4
Low Fat,NCC18,Household,2022,OUT018,Tier 3,Medium,Supermarket Type2,0.177992135,19.10000038,173.1421967,4
Low Fat,NCG42,Household,2022,OUT018,Tier 3,Medium,Supermarket Type2,0.041395776,19.20000076,129.7310028,4
Low Fat,NCZ06,Household,2022,OUT018,Tier 3,Medium,Supermarket Type2,0.094545238,19.60000038,254.7698059,4
Low Fat,NCI43,Household,2022,OUT018,Tier 3,Medium,Supermarket Type2,0.026074491,19.85000038,48.63759995,4
Low Fat,NCI30,Household,2022,OUT018,Tier 3,Medium,Supermarket Type2,0.059175599,20.25,245.0460052,4
Low Fat,NCN54,Household,2022,OUT018,Tier 3,Medium,Supermarket Type2,0.021413347,20.35000038,76.23280334,4
Low Fat,NCE54,Household,2022,OUT018,Tier 3,Medium,Supermarket Type2,0,20.70000076,74.33540344,4
Low Fat,FDA39,Meat,2022,OUT018,Tier 3,Medium,Supermarket Type2,0.012769753,6.320000172,39.98220062,4
Low Fat,FDQ39,Meat,2022,OUT018,Tier 3,Medium,Supermarket Type2,0.081372268,14.80000019,191.4846039,4
Low Fat,FDX15,Meat,2022,OUT018,Tier 3,Medium,Supermarket Type2,0.156935558,17.20000076,160.6578064,4
Low Fat,FDH19,Meat,2022,OUT018,Tier 3,Medium,Supermarket Type2,0.03322326,19.35000038,172.0738068,4
Low Fat,FDT03,Meat,2022,OUT018,Tier 3,Medium,Supermarket Type2,0.010039493,21.25,181.7608032,4
Low Fat,NCM31,Others,2022,OUT018,Tier 3,Medium,Supermarket Type2,0.081527382,6.09499979,140.3153992,4
Low Fat,NCK07,Others,2022,OUT018,Tier 3,Medium,Supermarket Type2,0.048885018,10.64999962,166.1526031,4
Low Fat,NCM43,Others,2022,OUT018,Tier 3,Medium,Supermarket Type2,0.019554704,14.5,162.4210052,4
Low Fat,NCP43,Others,2022,OUT018,Tier 3,Medium,Supermarket Type2,0.030631322,17.75,178.5659943,4
Low Fat,NCQ43,Others,2022,OUT018,Tier 3,Medium,Supermarket Type2,0,17.75,108.6912003,4
Low Fat,NCN07,Others,2022,OUT018,Tier 3,Medium,Supermarket Type2,0.034082975,18.5,130.9284058,4
Low Fat,FDR58,Snack Foods,2022,OUT018,Tier 3,Medium,Supermarket Type2,0,6.675000191,92.94619751,4
Low Fat,FDZ46,Snack Foods,2022,OUT018,Tier 3,Medium,Supermarket Type2,0.069405302,7.485000134,112.1228027,4
Low Fat,FDD58,Snack Foods,2022,OUT018,Tier 3,Medium,Supermarket Type2,0.059594017,7.760000229,99.66999817,4
Low Fat,FDT46,Snack Foods,2022,OUT018,Tier 3,Medium,Supermarket Type2,0.030932629,11.35000038,51.50080109,4
Low Fat,FDV09,Snack Foods,2022,OUT018,Tier 3,Medium,Supermarket Type2,0.020652361,12.10000038,149.5733948,4
Low Fat,FDH33,Snack Foods,2022,OUT018,Tier 3,Medium,Supermarket Type2,0.122221269,12.85000038,45.94279861,4
Low Fat,FDQ10,Snack Foods,2022,OUT018,Tier 3,Medium,Supermarket Type2,0.033314388,12.85000038,171.6421967,4
Low Fat,FDK34,Snack Foods,2022,OUT018,Tier 3,Medium,Supermarket Type2,0,13.35000038,238.7563934,4
Low Fat,FDC47,Snack Foods,2022,OUT018,Tier 3,Medium,Supermarket Type2,0.119374946,15,229.3694,4
Low Fat,FDJ09,Snack Foods,2022,OUT018,Tier 3,Medium,Supermarket Type2,0.058632705,15,46.47439957,4
Low Fat,FDP57,Snack Foods,2022,OUT018,Tier 3,Medium,Supermarket Type2,0.052657753,17.5,103.6989975,4
Low Fat,FDO34,Snack Foods,2022,OUT018,Tier 3,Medium,Supermarket Type2,0.030060895,17.70000076,166.4815979,4
Low Fat,FDZ58,Snack Foods,2022,OUT018,Tier 3,Medium,Supermarket Type2,0.052389406,17.85000038,120.9072037,4
Low Fat,FDR09,Snack Foods,2022,OUT018,Tier 3,Medium,Supermarket Type2,0.078041218,18.25,258.4961853,4
Low Fat,FDJ22,Snack Foods,2022,OUT018,Tier 3,Medium,Supermarket Type2,0.053025372,18.75,192.5503998,4
Low Fat,FDM34,Snack Foods,2022,OUT018,Tier 3,Medium,Supermarket Type2,0.067722328,19,130.8625946,4
Low Fat,FDO57,Snack Foods,2022,OUT018,Tier 3,Medium,Supermarket Type2,0.109153003,20.75,161.3578033,4
Low Fat,FDH10,Snack Foods,2022,OUT018,Tier 3,Medium,Supermarket Type2,0.049505856,21,195.3477936,4
Low Fat,DRJ49,Soft Drinks,2022,OUT018,Tier 3,Medium,Supermarket Type2,0.01405025,6.864999771,128.9651947,4
Low Fat,DRF49,Soft Drinks,2022,OUT018,Tier 3,Medium,Supermarket Type2,0.07136748,7.269999981,111.851799,4
Low Fat,DRK12,Soft Drinks,2022,OUT018,Tier 3,Medium,Supermarket Type2,0.042056944,9.5,31.88999939,4
Low Fat,DRB25,Soft Drinks,2022,OUT018,Tier 3,Medium,Supermarket Type2,0.069742672,12.30000019,106.2938004,4
Low Fat,DRG37,Soft Drinks,2022,OUT018,Tier 3,Medium,Supermarket Type2,0.019457372,16.20000076,153.9971924,4
Low Fat,DRC24,Soft Drinks,2022,OUT018,Tier 3,Medium,Supermarket Type2,0.02492239,17.85000038,153.4998016,4
Low Fat,DRE49,Soft Drinks,2022,OUT018,Tier 3,Medium,Supermarket Type2,0.021336565,20.75,153.6024017,4
Low Fat,FDE59,Starchy Foods,2022,OUT018,Tier 3,Medium,Supermarket Type2,0.062541552,12.14999962,34.35319901,4
Low Fat,FDG59,Starchy Foods,2022,OUT018,Tier 3,Medium,Supermarket Type2,0.043410692,15.85000038,39.41640091,4
Regular,FDT12,Baking Goods,2022,OUT018,Tier 3,Medium,Supermarket Type2,0.049823839,6.215000153,226.6062012,4
Regular,FDG12,Baking Goods,2022,OUT018,Tier 3,Medium,Supermarket Type2,0.006351876,6.635000229,120.3097992,4
Regular,FDP48,Baking Goods,2022,OUT018,Tier 3,Medium,Supermarket Type2,0.044202544,7.519999981,182.9949951,4
Regular,FDX36,Baking Goods,2022,OUT018,Tier 3,Medium,Supermarket Type2,0.128805816,9.694999695,224.0404053,4
Regular,FDL24,Baking Goods,2022,OUT018,Tier 3,Medium,Supermarket Type2,0.024998007,10.30000019,174.4421997,4
Regular,FDA47,Baking Goods,2022,OUT018,Tier 3,Medium,Supermarket Type2,0.117149077,10.5,164.1210022,4
Regular,FDB12,Baking Goods,2022,OUT018,Tier 3,Medium,Supermarket Type2,0.105736636,11.14999962,104.464798,4
Regular,FDT24,Baking Goods,2022,OUT018,Tier 3,Medium,Supermarket Type2,0.186616421,12.35000038,78.63279724,4
Regular,FDR12,Baking Goods,2022,OUT018,Tier 3,Medium,Supermarket Type2,0.031663213,12.60000038,173.2763977,4
Regular,FDX11,Baking Goods,2022,OUT018,Tier 3,Medium,Supermarket Type2,0.107186943,16,181.9633942,4
Regular,FDZ23,Baking Goods,2022,OUT018,Tier 3,Medium,Supermarket Type2,0.067777775,17.75,186.923996,4
Regular,FDP49,Breakfast,2022,OUT018,Tier 3,Medium,Supermarket Type2,0,9,55.26139832,4
Regular,FDN49,Breakfast,2022,OUT018,Tier 3,Medium,Supermarket Type2,0.125734583,17.25,41.7480011,4
Regular,FDO01,Breakfast,2022,OUT018,Tier 3,Medium,Supermarket Type2,0.020803055,21.10000038,129.7993927,4
Regular,FDR01,Canned,2022,OUT018,Tier 3,Medium,Supermarket Type2,0.053839713,5.40500021,198.6741943,4
Regular,FDS25,Canned,2022,OUT018,Tier 3,Medium,Supermarket Type2,0.140578896,6.885000229,112.1228027,4
Regular,FDH02,Canned,2022,OUT018,Tier 3,Medium,Supermarket Type2,0.020865796,7.269999981,90.24880219,4
Regular,FDI50,Canned,2022,OUT018,Tier 3,Medium,Supermarket Type2,0.030968307,8.420000076,227.8352051,4
Regular,FDR13,Canned,2022,OUT018,Tier 3,Medium,Supermarket Type2,0.02883783,9.895000458,117.8491974,4
Regular,FDL38,Canned,2022,OUT018,Tier 3,Medium,Supermarket Type2,0.014793124,13.80000019,88.51719666,4
Regular,FDA25,Canned,2022,OUT018,Tier 3,Medium,Supermarket Type2,0.068403274,16.5,101.9990005,4
Regular,FDR25,Canned,2022,OUT018,Tier 3,Medium,Supermarket Type2,0.140090287,17,265.188385,4
Regular,FDQ01,Canned,2022,OUT018,Tier 3,Medium,Supermarket Type2,0.16135627,19.70000076,253.1013947,4
Regular,FDT50,Dairy,2022,OUT018,Tier 3,Medium,Supermarket Type2,0.108679906,6.75,95.67520142,4
Regular,FDY02,Dairy,2022,OUT018,Tier 3,Medium,Supermarket Type2,0.088002957,8.944999695,261.3909912,4
Regular,FDC16,Dairy,2022,OUT018,Tier 3,Medium,Supermarket Type2,0.020653604,11.5,84.95400238,4
Regular,FDZ26,Dairy,2022,OUT018,Tier 3,Medium,Supermarket Type2,0.144604072,11.60000038,240.8222046,4
Regular,FDZ03,Dairy,2022,OUT018,Tier 3,Medium,Supermarket Type2,0,13.64999962,186.0240021,4
Regular,FDA02,Dairy,2022,OUT018,Tier 3,Medium,Supermarket Type2,0.029843736,14,143.9786072,4
Regular,FDL39,Dairy,2022,OUT018,Tier 3,Medium,Supermarket Type2,0.063589342,16.10000038,179.4317932,4
Regular,FDU26,Dairy,2022,OUT018,Tier 3,Medium,Supermarket Type2,0.04279257,16.70000076,118.6781998,4
Regular,FDY15,Dairy,2022,OUT018,Tier 3,Medium,Supermarket Type2,0.171523929,18.25,155.8630066,4
Regular,FDV26,Dairy,2022,OUT018,Tier 3,Medium,Supermarket Type2,0.076470695,20.25,196.1793976,4
Regular,FDN28,Frozen Foods,2022,OUT018,Tier 3,Medium,Supermarket Type2,0.03037112,5.880000114,101.7990036,4
Regular,FDS28,Frozen Foods,2022,OUT018,Tier 3,Medium,Supermarket Type2,0.08273726,8.180000305,57.35879898,4
Regular,FDS04,Frozen Foods,2022,OUT018,Tier 3,Medium,Supermarket Type2,0,10.19499969,139.5838013,4
Regular,FDI40,Frozen Foods,2022,OUT018,Tier 3,Medium,Supermarket Type2,0.126114607,11.5,99.33580017,4
Regular,FDX52,Frozen Foods,2022,OUT018,Tier 3,Medium,Supermarket Type2,0.042173669,11.5,194.6820068,4
Regular,FDH40,Frozen Foods,2022,OUT018,Tier 3,Medium,Supermarket Type2,0.079251096,11.60000038,79.2276001,4
Regular,FDO52,Frozen Foods,2022,OUT018,Tier 3,Medium,Supermarket Type2,0.07747893,11.60000038,170.3105927,4
Regular,FDN04,Frozen Foods,2022,OUT018,Tier 3,Medium,Supermarket Type2,0.014144442,11.80000019,180.4344025,4
Regular,FDC05,Frozen Foods,2022,OUT018,Tier 3,Medium,Supermarket Type2,0.099186994,13.10000038,198.7767944,4
Regular,FDP28,Frozen Foods,2022,OUT018,Tier 3,Medium,Supermarket Type2,0.080968976,13.64999962,259.7936096,4
Regular,FDW40,Frozen Foods,2022,OUT018,Tier 3,Medium,Supermarket Type2,0.105573766,14,143.9812012,4
Regular,FDS16,Frozen Foods,2022,OUT018,Tier 3,Medium,Supermarket Type2,0.06644652,15.14999962,147.9759979,4
Regular,FDY40,Frozen Foods,2022,OUT018,Tier 3,Medium,Supermarket Type2,0.086184651,15.5,50.96920013,4
Regular,FDH28,Frozen Foods,2022,OUT018,Tier 3,Medium,Supermarket Type2,0.110479213,15.85000038,36.75059891,4
Regular,FDA28,Frozen Foods,2022,OUT018,Tier 3,Medium,Supermarket Type2,0.047996607,16.10000038,127.0362015,4
Regular,FDV28,Frozen Foods,2022,OUT018,Tier 3,Medium,Supermarket Type2,0.160379067,16.10000038,33.65579987,4
Regular,FDY04,Frozen Foods,2022,OUT018,Tier 3,Medium,Supermarket Type2,0.042649478,17.70000076,162.720993,4
Regular,FDI41,Frozen Foods,2022,OUT018,Tier 3,Medium,Supermarket Type2,0.062510528,18.5,146.8417969,4
Regular,FDX04,Frozen Foods,2022,OUT018,Tier 3,Medium,Supermarket Type2,0.041740902,19.60000038,49.23759842,4
Regular,FDE04,Frozen Foods,2022,OUT018,Tier 3,Medium,Supermarket Type2,0.018096488,19.75,179.5659943,4
Regular,FDV52,Frozen Foods,2022,OUT018,Tier 3,Medium,Supermarket Type2,0.122015744,20.70000076,117.7465973,4
Regular,FDT07,Fruits and Vegetables,2022,OUT018,Tier 3,Medium,Supermarket Type2,0.077634044,5.820000172,256.4330139,4
Regular,FDA07,Fruits and Vegetables,2022,OUT018,Tier 3,Medium,Supermarket Type2,0.031070679,7.550000191,122.4072037,4
Regular,FDD44,Fruits and Vegetables,2022,OUT018,Tier 3,Medium,Supermarket Type2,0.078719832,8.050000191,258.5646057,4
Regular,FDK08,Fruits and Vegetables,2022,OUT018,Tier 3,Medium,Supermarket Type2,0.122802943,9.194999695,100.1016006,4
Regular,FDZ43,Fruits and Vegetables,2022,OUT018,Tier 3,Medium,Supermarket Type2,0.057290979,11,242.7512054,4
Regular,FDO20,Fruits and Vegetables,2022,OUT018,Tier 3,Medium,Supermarket Type2,0.152747497,12.85000038,252.0381927,4
Regular,FDC21,Fruits and Vegetables,2022,OUT018,Tier 3,Medium,Supermarket Type2,0.043133818,14.60000038,109.7254028,4
Regular,FDZ31,Fruits and Vegetables,2022,OUT018,Tier 3,Medium,Supermarket Type2,0.113678426,15.35000038,189.7503967,4
Regular,FDT56,Fruits and Vegetables,2022,OUT018,Tier 3,Medium,Supermarket Type2,0.116063282,16,59.12459946,4
Regular,FDH20,Fruits and Vegetables,2022,OUT018,Tier 3,Medium,Supermarket Type2,0.025050746,16.10000038,97.14099884,4
Regular,FDW32,Fruits and Vegetables,2022,OUT018,Tier 3,Medium,Supermarket Type2,0.094680957,18.35000038,86.28820038,4
Regular,FDX07,Fruits and Vegetables,2022,OUT018,Tier 3,Medium,Supermarket Type2,0,19.20000076,184.5950012,4
Regular,FDJ20,Fruits and Vegetables,2022,OUT018,Tier 3,Medium,Supermarket Type2,0.100583009,20.70000076,123.5388031,4
Regular,FDP31,Fruits and Vegetables,2022,OUT018,Tier 3,Medium,Supermarket Type2,0.162162855,21.10000038,62.21680069,4
Regular,FDR51,Meat,2022,OUT018,Tier 3,Medium,Supermarket Type2,0.174176365,9.034999847,148.9707947,4
Regular,FDT51,Meat,2022,OUT018,Tier 3,Medium,Supermarket Type2,0.010963269,11.64999962,110.9543991,4
Regular,FDJ55,Meat,2022,OUT018,Tier 3,Medium,Supermarket Type2,0.023626808,12.80000019,223.2404022,4
Regular,FDO15,Meat,2022,OUT018,Tier 3,Medium,Supermarket Type2,0.008601441,16.75,73.70379639,4
Regular,FDJ27,Meat,2022,OUT018,Tier 3,Medium,Supermarket Type2,0.122372501,17.70000076,101.5673981,4
Regular,FDU03,Meat,2022,OUT018,Tier 3,Medium,Supermarket Type2,0.091950975,18.70000076,184.2292023,4
Regular,FDZ39,Meat,2022,OUT018,Tier 3,Medium,Supermarket Type2,0.018098194,19.70000076,104.598999,4
Regular,FDG33,Seafood,2022,OUT018,Tier 3,Medium,Supermarket Type2,0.140811563,5.364999771,173.5764008,4
Regular,FDI09,Seafood,2022,OUT018,Tier 3,Medium,Supermarket Type2,0.129864454,20.75,240.1880035,4
Regular,FDG10,Snack Foods,2022,OUT018,Tier 3,Medium,Supermarket Type2,0.01098386,6.630000114,55.45880127,4
Regular,FDC22,Snack Foods,2022,OUT018,Tier 3,Medium,Supermarket Type2,0.13698414,6.889999866,192.6820068,4
Regular,FDU33,Snack Foods,2022,OUT018,Tier 3,Medium,Supermarket Type2,0.135258511,7.630000114,47.24020004,4
Regular,FDT33,Snack Foods,2022,OUT018,Tier 3,Medium,Supermarket Type2,0.03412912,7.809999943,165.115799,4
Regular,FDJ33,Snack Foods,2022,OUT018,Tier 3,Medium,Supermarket Type2,0.088681966,8.895000458,121.9729996,4
Regular,FDV33,Snack Foods,2022,OUT018,Tier 3,Medium,Supermarket Type2,0.027454996,9.600000381,258.1304016,4
Regular,FDB46,Snack Foods,2022,OUT018,Tier 3,Medium,Supermarket Type2,0.09414582,10.5,210.8244019,4
Regular,FDB58,Snack Foods,2022,OUT018,Tier 3,Medium,Supermarket Type2,0.013551445,10.5,142.0153961,4
Regular,FDV34,Snack Foods,2022,OUT018,Tier 3,Medium,Supermarket Type2,0.011472001,10.69499969,75.20379639,4
Regular,FDM09,Snack Foods,2022,OUT018,Tier 3,Medium,Supermarket Type2,0.08628159,11.14999962,170.5789948,4
Regular,FDG34,Snack Foods,2022,OUT018,Tier 3,Medium,Supermarket Type2,0.037723474,11.5,109.5253983,4
Regular,FDJ34,Snack Foods,2022,OUT018,Tier 3,Medium,Supermarket Type2,0.094037242,11.80000019,124.5703964,4
Regular,FDO22,Snack Foods,2022,OUT018,Tier 3,Medium,Supermarket Type2,0.017932223,13.5,78.79599762,4
Regular,FDN58,Snack Foods,2022,OUT018,Tier 3,Medium,Supermarket Type2,0.057104066,13.80000019,232.6983948,4
Regular,FDP22,Snack Foods,2022,OUT018,Tier 3,Medium,Supermarket Type2,0.099535994,14.64999962,52.26660156,4
Regular,FDN22,Snack Foods,2022,OUT018,Tier 3,Medium,Supermarket Type2,0.138868764,18.85000038,251.872406,4
Regular,FDR22,Snack Foods,2022,OUT018,Tier 3,Medium,Supermarket Type2,0.01863822,19.35000038,110.2544022,4
Regular,DRA59,Soft Drinks,2022,OUT018,Tier 3,Medium,Supermarket Type2,0.128449053,8.270000458,186.5924072,4
Regular,FDE11,Starchy Foods,2022,OUT018,Tier 3,Medium,Supermarket Type2,0.135646299,17.70000076,186.0924072,4
Regular,FDG35,Starchy Foods,2022,OUT018,Tier 3,Medium,Supermarket Type2,0.007069662,21.20000076,175.7738037,4
Regular,FDN50,Canned,2022,OUT018,Tier 3,Medium,Supermarket Type2,0.026627857,16.85000038,93.71199799,4
Regular,FDH26,Canned,2022,OUT018,Tier 3,Medium,Supermarket Type2,0.03484109,19.25,141.1495972,4
Regular,FDG56,Fruits and Vegetables,2022,OUT018,Tier 3,Medium,Supermarket Type2,0.07174363,13.30000019,59.75360107,4
Regular,FDM15,Meat,2022,OUT018,Tier 3,Medium,Supermarket Type2,0.057655495,11.80000019,152.6365967,4
Regular,FDX57,Snack Foods,2022,OUT018,Tier 3,Medium,Supermarket Type2,0.047458753,17.25,95.80680084,4
Regular,FDD10,Snack Foods,2022,OUT018,Tier 3,Medium,Supermarket Type2,0.046208154,20.60000038,178.0343933,4
Low Fat,FDW36,Baking Goods,1998,OUT027,Tier 3,Medium,Supermarket Type3,0.056656942,12.85764534,106.2621994,4
Low Fat,FDS47,Breads,1998,OUT027,Tier 3,Medium,Supermarket Type3,0,12.85764534,87.68560028,4
Low Fat,FDU08,Fruits and Vegetables,1998,OUT027,Tier 3,Medium,Supermarket Type3,0.027183142,12.85764534,99.70420074,4
Low Fat,NCP29,Health and Hygiene,1998,OUT027,Tier 3,Medium,Supermarket Type3,0,12.85764534,64.21679688,4
Low Fat,NCS29,Health and Hygiene,1998,OUT027,Tier 3,Medium,Supermarket Type3,0.069208682,12.85764534,264.0884094,4
Low Fat,NCE43,Household,1998,OUT027,Tier 3,Medium,Supermarket Type3,0.102941342,12.85764534,171.2447968,4
Low Fat,NCJ30,Household,1998,OUT027,Tier 3,Medium,Supermarket Type3,0.080249973,12.85764534,168.6790009,4
Low Fat,NCY06,Household,1998,OUT027,Tier 3,Medium,Supermarket Type3,0.060888514,12.85764534,130.1967926,4
Low Fat,FDS51,Meat,1998,OUT027,Tier 3,Medium,Supermarket Type3,0.032024659,12.85764534,62.7193985,4
Low Fat,NCJ31,Others,1998,OUT027,Tier 3,Medium,Supermarket Type3,0.181769267,12.85764534,240.6195984,4
Low Fat,FDA57,Snack Foods,1998,OUT027,Tier 3,Medium,Supermarket Type3,0.039451625,12.85764534,39.54800034,4
Low Fat,FDU34,Snack Foods,1998,OUT027,Tier 3,Medium,Supermarket Type3,0.074830793,12.85764534,125.9046021,4
Low Fat,DRG36,Soft Drinks,1998,OUT027,Tier 3,Medium,Supermarket Type3,0.094916344,12.85764534,172.3105927,4
Low Fat,DRM37,Soft Drinks,1998,OUT027,Tier 3,Medium,Supermarket Type3,0.095931001,12.85764534,198.5767975,4
Low Fat,FDF12,Baking Goods,1998,OUT027,Tier 3,Medium,Supermarket Type3,0.082028694,12.85764534,148.607605,4
Low Fat,FDG60,Baking Goods,1998,OUT027,Tier 3,Medium,Supermarket Type3,0.060405783,12.85764534,234.5615997,4
Low Fat,FDL36,Baking Goods,1998,OUT027,Tier 3,Medium,Supermarket Type3,0.075707085,12.85764534,88.18299866,4
Low Fat,FDP24,Baking Goods,1998,OUT027,Tier 3,Medium,Supermarket Type3,0.082602128,12.85764534,120.9756012,4
Low Fat,FDQ12,Baking Goods,1998,OUT027,Tier 3,Medium,Supermarket Type3,0.035239272,12.85764534,231.6009979,4
Low Fat,FDR60,Baking Goods,1998,OUT027,Tier 3,Medium,Supermarket Type3,0.129783571,12.85764534,78.23280334,4
Low Fat,FDU36,Baking Goods,1998,OUT027,Tier 3,Medium,Supermarket Type3,0,12.85764534,100.1383972,4
Low Fat,FDY36,Baking Goods,1998,OUT027,Tier 3,Medium,Supermarket Type3,0.009364957,12.85764534,74.23799896,4
Low Fat,FDR47,Breads,1998,OUT027,Tier 3,Medium,Supermarket Type3,0.087045088,12.85764534,196.7794037,4
Low Fat,FDT59,Breads,1998,OUT027,Tier 3,Medium,Supermarket Type3,0.01583438,12.85764534,228.566803,4
Low Fat,FDW11,Breads,1998,OUT027,Tier 3,Medium,Supermarket Type3,0.048545852,12.85764534,60.11940002,4
Low Fat,FDQ37,Breakfast,1998,OUT027,Tier 3,Medium,Supermarket Type3,0.088828415,12.85764534,192.2478027,4
Low Fat,FDA49,Canned,1998,OUT027,Tier 3,Medium,Supermarket Type3,0.064607374,12.85764534,87.4197998,4
Low Fat,FDE02,Canned,1998,OUT027,Tier 3,Medium,Supermarket Type3,0.120663211,12.85764534,95.67780304,4
Low Fat,FDI26,Canned,1998,OUT027,Tier 3,Medium,Supermarket Type3,0.034717798,12.85764534,179.4344025,4
Low Fat,FDL26,Canned,1998,OUT027,Tier 3,Medium,Supermarket Type3,0.072838381,12.85764534,155.2971954,4
Low Fat,FDO25,Canned,1998,OUT027,Tier 3,Medium,Supermarket Type3,0.126831859,12.85764534,209.0269928,4
Low Fat,FDQ13,Canned,1998,OUT027,Tier 3,Medium,Supermarket Type3,0.010590075,12.85764534,84.69080353,4
Low Fat,FDT49,Canned,1998,OUT027,Tier 3,Medium,Supermarket Type3,0.150672406,12.85764534,104.7279968,4
Low Fat,FDW25,Canned,1998,OUT027,Tier 3,Medium,Supermarket Type3,0.037217848,12.85764534,86.82240295,4
Low Fat,FDW37,Canned,1998,OUT027,Tier 3,Medium,Supermarket Type3,0.123449668,12.85764534,89.74880219,4
Low Fat,FDX01,Canned,1998,OUT027,Tier 3,Medium,Supermarket Type3,0.024047319,12.85764534,115.5149994,4
Low Fat,FDX37,Canned,1998,OUT027,Tier 3,Medium,Supermarket Type3,0.062724113,12.85764534,100.5699997,4
Low Fat,DRF03,Dairy,1998,OUT027,Tier 3,Medium,Supermarket Type3,0.045088723,12.85764534,39.71379852,4
Low Fat,DRH39,Dairy,1998,OUT027,Tier 3,Medium,Supermarket Type3,0.092241347,12.85764534,75.86699677,4
Low Fat,DRJ39,Dairy,1998,OUT027,Tier 3,Medium,Supermarket Type3,0.036150154,12.85764534,219.5482025,4
Low Fat,FDA15,Dairy,1998,OUT027,Tier 3,Medium,Supermarket Type3,0.015944801,12.85764534,249.509201,4
Low Fat,FDM39,Dairy,1998,OUT027,Tier 3,Medium,Supermarket Type3,0.053211726,12.85764534,177.6002045,4
Low Fat,FDV38,Dairy,1998,OUT027,Tier 3,Medium,Supermarket Type3,0.101281002,12.85764534,55.09560013,4
Low Fat,FDX26,Dairy,1998,OUT027,Tier 3,Medium,Supermarket Type3,0.087383308,12.85764534,180.4291992,4
Low Fat,FDX50,Dairy,1998,OUT027,Tier 3,Medium,Supermarket Type3,0.074265815,12.85764534,109.5227966,4
Low Fat,FDY27,Dairy,1998,OUT027,Tier 3,Medium,Supermarket Type3,0.031743705,12.85764534,179.1343994,4
Low Fat,FDZ15,Dairy,1998,OUT027,Tier 3,Medium,Supermarket Type3,0.020769676,12.85764534,117.5782013,4
Low Fat,FDC28,Frozen Foods,1998,OUT027,Tier 3,Medium,Supermarket Type3,0.05472064,12.85764534,107.8254013,4
Low Fat,FDC41,Frozen Foods,1998,OUT027,Tier 3,Medium,Supermarket Type3,0.116347089,12.85764534,76.86699677,4
Low Fat,FDD53,Frozen Foods,1998,OUT027,Tier 3,Medium,Supermarket Type3,0.044008348,12.85764534,43.74539948,4
Low Fat,FDE16,Frozen Foods,1998,OUT027,Tier 3,Medium,Supermarket Type3,0.026216144,12.85764534,207.5953979,4
Low Fat,FDE29,Frozen Foods,1998,OUT027,Tier 3,Medium,Supermarket Type3,0.142436013,12.85764534,62.38779831,4
Low Fat,FDF05,Frozen Foods,1998,OUT027,Tier 3,Medium,Supermarket Type3,0.026740767,12.85764534,261.2909851,4
Low Fat,FDF41,Frozen Foods,1998,OUT027,Tier 3,Medium,Supermarket Type3,0.130544573,12.85764534,248.0460052,4
Low Fat,FDG40,Frozen Foods,1998,OUT027,Tier 3,Medium,Supermarket Type3,0.039631493,12.85764534,31.9557991,4
Low Fat,FDJ28,Frozen Foods,1998,OUT027,Tier 3,Medium,Supermarket Type3,0,12.85764534,190.9161987,4
Low Fat,FDJ53,Frozen Foods,1998,OUT027,Tier 3,Medium,Supermarket Type3,0.070912845,12.85764534,121.5098038,4
Low Fat,FDK04,Frozen Foods,1998,OUT027,Tier 3,Medium,Supermarket Type3,0.052058712,12.85764534,55.55879974,4
Low Fat,FDK16,Frozen Foods,1998,OUT027,Tier 3,Medium,Supermarket Type3,0.114771299,12.85764534,93.90940094,4
Low Fat,FDK40,Frozen Foods,1998,OUT027,Tier 3,Medium,Supermarket Type3,0.021743592,12.85764534,263.1910095,4
Low Fat,FDL40,Frozen Foods,1998,OUT027,Tier 3,Medium,Supermarket Type3,0.011556919,12.85764534,94.74099731,4
Low Fat,FDO28,Frozen Foods,1998,OUT027,Tier 3,Medium,Supermarket Type3,0.071948253,12.85764534,121.6098022,4
Low Fat,FDP04,Frozen Foods,1998,OUT027,Tier 3,Medium,Supermarket Type3,0.013745883,12.85764534,62.01679993,4
Low Fat,FDQ52,Frozen Foods,1998,OUT027,Tier 3,Medium,Supermarket Type3,0.118806854,12.85764534,248.843399,4
Low Fat,FDS40,Frozen Foods,1998,OUT027,Tier 3,Medium,Supermarket Type3,0.013951504,12.85764534,36.71900177,4
Low Fat,FDS52,Frozen Foods,1998,OUT027,Tier 3,Medium,Supermarket Type3,0.005448005,12.85764534,102.1016006,4
Low Fat,FDA43,Fruits and Vegetables,1998,OUT027,Tier 3,Medium,Supermarket Type3,0.064362556,12.85764534,193.7794037,4
Low Fat,FDA44,Fruits and Vegetables,1998,OUT027,Tier 3,Medium,Supermarket Type3,0.052964982,12.85764534,57.79299927,4
Low Fat,FDB21,Fruits and Vegetables,1998,OUT027,Tier 3,Medium,Supermarket Type3,0,12.85764534,242.9853973,4
Low Fat,FDC45,Fruits and Vegetables,1998,OUT027,Tier 3,Medium,Supermarket Type3,0.135075927,12.85764534,170.3105927,4
Low Fat,FDD09,Fruits and Vegetables,1998,OUT027,Tier 3,Medium,Supermarket Type3,0.021392306,12.85764534,182.0975952,4
Low Fat,FDE21,Fruits and Vegetables,1998,OUT027,Tier 3,Medium,Supermarket Type3,0,12.85764534,115.3491974,4
Low Fat,FDF20,Fruits and Vegetables,1998,OUT027,Tier 3,Medium,Supermarket Type3,0.033059299,12.85764534,196.4768066,4
Low Fat,FDH57,Fruits and Vegetables,1998,OUT027,Tier 3,Medium,Supermarket Type3,0.035574414,12.85764534,131.4284058,4
Low Fat,FDI32,Fruits and Vegetables,1998,OUT027,Tier 3,Medium,Supermarket Type3,0.173529029,12.85764534,113.2834015,4
Low Fat,FDI44,Fruits and Vegetables,1998,OUT027,Tier 3,Medium,Supermarket Type3,0.099747486,12.85764534,75.23280334,4
Low Fat,FDI56,Fruits and Vegetables,1998,OUT027,Tier 3,Medium,Supermarket Type3,0.092933156,12.85764534,91.01460266,4
Low Fat,FDK44,Fruits and Vegetables,1998,OUT027,Tier 3,Medium,Supermarket Type3,0.121635593,12.85764534,175.4738007,4
Low Fat,FDL56,Fruits and Vegetables,1998,OUT027,Tier 3,Medium,Supermarket Type3,0.125171512,12.85764534,88.9197998,4
Low Fat,FDN44,Fruits and Vegetables,1998,OUT027,Tier 3,Medium,Supermarket Type3,0.022685222,12.85764534,161.5919952,4
Low Fat,FDS55,Fruits and Vegetables,1998,OUT027,Tier 3,Medium,Supermarket Type3,0.080771133,12.85764534,146.4734039,4
Low Fat,FDU55,Fruits and Vegetables,1998,OUT027,Tier 3,Medium,Supermarket Type3,0.035737373,12.85764534,260.6278076,4
Low Fat,FDV08,Fruits and Vegetables,1998,OUT027,Tier 3,Medium,Supermarket Type3,0.028456455,12.85764534,43.54539871,4
Low Fat,FDW56,Fruits and Vegetables,1998,OUT027,Tier 3,Medium,Supermarket Type3,0.070556946,12.85764534,191.2162018,4
Low Fat,FDX20,Fruits and Vegetables,1998,OUT027,Tier 3,Medium,Supermarket Type3,0.042354152,12.85764534,227.2720032,4
Low Fat,FDX44,Fruits and Vegetables,1998,OUT027,Tier 3,Medium,Supermarket Type3,0.042758476,12.85764534,88.41719818,4
Low Fat,FDZ19,Fruits and Vegetables,1998,OUT027,Tier 3,Medium,Supermarket Type3,0.093002342,12.85764534,177.7711945,4
Low Fat,FDZ55,Fruits and Vegetables,1998,OUT027,Tier 3,Medium,Supermarket Type3,0.025285659,12.85764534,158.7920074,4
Low Fat,DRH11,Hard Drinks,1998,OUT027,Tier 3,Medium,Supermarket Type3,0.075192071,12.85764534,56.06140137,4
Low Fat,DRI59,Hard Drinks,1998,OUT027,Tier 3,Medium,Supermarket Type3,0.040636927,12.85764534,224.6087952,4
Low Fat,DRK35,Hard Drinks,1998,OUT027,Tier 3,Medium,Supermarket Type3,0.071498573,12.85764534,37.75059891,4
Low Fat,NCD42,Health and Hygiene,1998,OUT027,Tier 3,Medium,Supermarket Type3,0,12.85764534,37.3506012,4
Low Fat,NCK53,Health and Hygiene,1998,OUT027,Tier 3,Medium,Supermarket Type3,0,12.85764534,100.8041992,4
Low Fat,NCL05,Health and Hygiene,1998,OUT027,Tier 3,Medium,Supermarket Type3,0.047665715,12.85764534,42.17699814,4
Low Fat,NCM29,Health and Hygiene,1998,OUT027,Tier 3,Medium,Supermarket Type3,0.017556796,12.85764534,129.9626007,4
Low Fat,NCP05,Health and Hygiene,1998,OUT027,Tier 3,Medium,Supermarket Type3,0.025164131,12.85764534,152.6024017,4
Low Fat,NCP53,Health and Hygiene,1998,OUT027,Tier 3,Medium,Supermarket Type3,0.032731075,12.85764534,235.6905975,4
Low Fat,NCQ05,Health and Hygiene,1998,OUT027,Tier 3,Medium,Supermarket Type3,0,12.85764534,152.0708008,4
Low Fat,NCR05,Health and Hygiene,1998,OUT027,Tier 3,Medium,Supermarket Type3,0.054366283,12.85764534,199.6083984,4
Low Fat,NCR17,Health and Hygiene,1998,OUT027,Tier 3,Medium,Supermarket Type3,0.024265241,12.85764534,114.049202,4
Low Fat,NCR29,Health and Hygiene,1998,OUT027,Tier 3,Medium,Supermarket Type3,0.054376274,12.85764534,56.29299927,4
Low Fat,NCR41,Health and Hygiene,1998,OUT027,Tier 3,Medium,Supermarket Type3,0.017936716,12.85764534,93.70939636,4
Low Fat,NCS17,Health and Hygiene,1998,OUT027,Tier 3,Medium,Supermarket Type3,0.080111608,12.85764534,94.64360046,4
Low Fat,NCS41,Health and Hygiene,1998,OUT027,Tier 3,Medium,Supermarket Type3,0.05318521,12.85764534,182.9608002,4
Low Fat,NCT17,Health and Hygiene,1998,OUT027,Tier 3,Medium,Supermarket Type3,0.04166311,12.85764534,188.6213989,4
Low Fat,NCW41,Health and Hygiene,1998,OUT027,Tier 3,Medium,Supermarket Type3,0.015375557,12.85764534,156.9604034,4
Low Fat,NCX05,Health and Hygiene,1998,OUT027,Tier 3,Medium,Supermarket Type3,0.096592069,12.85764534,117.4492035,4
Low Fat,NCB31,Household,1998,OUT027,Tier 3,Medium,Supermarket Type3,0.118099675,12.85764534,262.8909912,4
Low Fat,NCB43,Household,1998,OUT027,Tier 3,Medium,Supermarket Type3,0.09942849,12.85764534,187.889801,4
Low Fat,NCC07,Household,1998,OUT027,Tier 3,Medium,Supermarket Type3,0.023835164,12.85764534,103.3964005,4
Low Fat,NCD18,Household,1998,OUT027,Tier 3,Medium,Supermarket Type3,0.07231722,12.85764534,230.2667999,4
Low Fat,NCD31,Household,1998,OUT027,Tier 3,Medium,Supermarket Type3,0.015359722,12.85764534,163.752594,4
Low Fat,NCD54,Household,1998,OUT027,Tier 3,Medium,Supermarket Type3,0.028868467,12.85764534,146.3786011,4
Low Fat,NCE31,Household,1998,OUT027,Tier 3,Medium,Supermarket Type3,0.183948472,12.85764534,33.6216011,4
Low Fat,NCF18,Household,1998,OUT027,Tier 3,Medium,Supermarket Type3,0.088551693,12.85764534,191.5503998,4
Low Fat,NCG06,Household,1998,OUT027,Tier 3,Medium,Supermarket Type3,0.02930277,12.85764534,256.1646118,4
Low Fat,NCH18,Household,1998,OUT027,Tier 3,Medium,Supermarket Type3,0.044444956,12.85764534,245.2801971,4
Low Fat,NCH30,Household,1998,OUT027,Tier 3,Medium,Supermarket Type3,0.066828854,12.85764534,114.185997,4
Low Fat,NCH42,Household,1998,OUT027,Tier 3,Medium,Supermarket Type3,0.036360387,12.85764534,231.6009979,4
Low Fat,NCI54,Household,1998,OUT027,Tier 3,Medium,Supermarket Type3,0.033436336,12.85764534,107.3911972,4
Low Fat,NCI55,Household,1998,OUT027,Tier 3,Medium,Supermarket Type3,0.012592289,12.85764534,123.3414001,4
Low Fat,NCJ43,Household,1998,OUT027,Tier 3,Medium,Supermarket Type3,0.026938317,12.85764534,174.1396027,4
Low Fat,NCK42,Household,1998,OUT027,Tier 3,Medium,Supermarket Type3,0.013056494,12.85764534,215.9192047,4
Low Fat,NCM06,Household,1998,OUT027,Tier 3,Medium,Supermarket Type3,0.075361185,12.85764534,155.6656036,4
Low Fat,NCM18,Household,1998,OUT027,Tier 3,Medium,Supermarket Type3,0.082440704,12.85764534,61.31940079,4
Low Fat,NCO42,Household,1998,OUT027,Tier 3,Medium,Supermarket Type3,0.0245362,12.85764534,144.610199,4
Low Fat,NCQ06,Household,1998,OUT027,Tier 3,Medium,Supermarket Type3,0.041621987,12.85764534,253.6013947,4
Low Fat,NCS38,Household,1998,OUT027,Tier 3,Medium,Supermarket Type3,0,12.85764534,115.217598,4
Low Fat,NCS54,Household,1998,OUT027,Tier 3,Medium,Supermarket Type3,0.00994477,12.85764534,177.8370056,4
Low Fat,NCV06,Household,1998,OUT027,Tier 3,Medium,Supermarket Type3,0.066358425,12.85764534,195.2478027,4
Low Fat,NCW18,Household,1998,OUT027,Tier 3,Medium,Supermarket Type3,0.059037536,12.85764534,237.7247925,4
Low Fat,NCW42,Household,1998,OUT027,Tier 3,Medium,Supermarket Type3,0.058185842,12.85764534,220.8455963,4
Low Fat,NCX30,Household,1998,OUT027,Tier 3,Medium,Supermarket Type3,0.026491715,12.85764534,247.2776031,4
Low Fat,NCY18,Household,1998,OUT027,Tier 3,Medium,Supermarket Type3,0.03100078,12.85764534,177.0054016,4
Low Fat,NCY54,Household,1998,OUT027,Tier 3,Medium,Supermarket Type3,0.176834345,12.85764534,172.1421967,4
Low Fat,FDJ07,Meat,1998,OUT027,Tier 3,Medium,Supermarket Type3,0.014353676,12.85764534,115.5149994,4
Low Fat,FDN27,Meat,1998,OUT027,Tier 3,Medium,Supermarket Type3,0.039370913,12.85764534,116.9807968,4
Low Fat,FDP39,Meat,1998,OUT027,Tier 3,Medium,Supermarket Type3,0.069088772,12.85764534,52.33240128,4
Low Fat,NCN43,Others,1998,OUT027,Tier 3,Medium,Supermarket Type3,0.006727008,12.85764534,125.1729965,4
Low Fat,NCP50,Others,1998,OUT027,Tier 3,Medium,Supermarket Type3,0.020460283,12.85764534,81.76180267,4
Low Fat,FDF33,Seafood,1998,OUT027,Tier 3,Medium,Supermarket Type3,0,12.85764534,109.4596024,4
Low Fat,FDA46,Snack Foods,1998,OUT027,Tier 3,Medium,Supermarket Type3,0.117065802,12.85764534,196.1136017,4
Low Fat,FDB22,Snack Foods,1998,OUT027,Tier 3,Medium,Supermarket Type3,0.110901006,12.85764534,155.0997925,4
Low Fat,FDF46,Snack Foods,1998,OUT027,Tier 3,Medium,Supermarket Type3,0.093217567,12.85764534,116.7834015,4
Low Fat,FDH33,Snack Foods,1998,OUT027,Tier 3,Medium,Supermarket Type3,0,12.85764534,44.14279938,4
Low Fat,FDI22,Snack Foods,1998,OUT027,Tier 3,Medium,Supermarket Type3,0.095746517,12.85764534,208.6611938,4
Low Fat,FDI33,Snack Foods,1998,OUT027,Tier 3,Medium,Supermarket Type3,0.028281197,12.85764534,90.21459961,4
Low Fat,FDJ22,Snack Foods,1998,OUT027,Tier 3,Medium,Supermarket Type3,0.052554507,12.85764534,190.3504028,4
Low Fat,FDJ46,Snack Foods,1998,OUT027,Tier 3,Medium,Supermarket Type3,0.04460638,12.85764534,174.2053986,4
Low Fat,FDK09,Snack Foods,1998,OUT027,Tier 3,Medium,Supermarket Type3,0.091318935,12.85764534,230.735199,4
Low Fat,FDK22,Snack Foods,1998,OUT027,Tier 3,Medium,Supermarket Type3,0.025960173,12.85764534,214.8849945,4
Low Fat,FDL22,Snack Foods,1998,OUT027,Tier 3,Medium,Supermarket Type3,0.036213953,12.85764534,92.54879761,4
Low Fat,FDL34,Snack Foods,1998,OUT027,Tier 3,Medium,Supermarket Type3,0.040747616,12.85764534,140.2496033,4
Low Fat,FDL45,Snack Foods,1998,OUT027,Tier 3,Medium,Supermarket Type3,0.037505332,12.85764534,126.270401,4
Low Fat,FDM46,Snack Foods,1998,OUT027,Tier 3,Medium,Supermarket Type3,0.159193188,12.85764534,92.71199799,4
Low Fat,FDN10,Snack Foods,1998,OUT027,Tier 3,Medium,Supermarket Type3,0.045900449,12.85764534,118.9123993,4
Low Fat,FDQ09,Snack Foods,1998,OUT027,Tier 3,Medium,Supermarket Type3,0.0578507,12.85764534,113.2834015,4
Low Fat,FDQ10,Snack Foods,1998,OUT027,Tier 3,Medium,Supermarket Type3,0.033018559,12.85764534,170.4421997,4
Low Fat,FDQ33,Snack Foods,1998,OUT027,Tier 3,Medium,Supermarket Type3,0,12.85764534,151.6708069,4
Low Fat,FDQ57,Snack Foods,1998,OUT027,Tier 3,Medium,Supermarket Type3,0.027812304,12.85764534,147.4759979,4
Low Fat,FDR09,Snack Foods,1998,OUT027,Tier 3,Medium,Supermarket Type3,0.077348217,12.85764534,259.7962036,4
Low Fat,FDR46,Snack Foods,1998,OUT027,Tier 3,Medium,Supermarket Type3,0.138742521,12.85764534,147.4759979,4
Low Fat,FDS57,Snack Foods,1998,OUT027,Tier 3,Medium,Supermarket Type3,0.102941342,12.85764534,142.0469971,4
Low Fat,FDT58,Snack Foods,1998,OUT027,Tier 3,Medium,Supermarket Type3,0.085538477,12.85764534,169.281601,4
Low Fat,FDX58,Snack Foods,1998,OUT027,Tier 3,Medium,Supermarket Type3,0.043551754,12.85764534,184.4949951,4
Low Fat,FDY21,Snack Foods,1998,OUT027,Tier 3,Medium,Supermarket Type3,0.172641218,12.85764534,195.1109924,4
Low Fat,FDY46,Snack Foods,1998,OUT027,Tier 3,Medium,Supermarket Type3,0.04765803,12.85764534,188.389801,4
Low Fat,FDZ33,Snack Foods,1998,OUT027,Tier 3,Medium,Supermarket Type3,0.106876977,12.85764534,146.7075958,4
Low Fat,DRB01,Soft Drinks,1998,OUT027,Tier 3,Medium,Supermarket Type3,0.081841134,12.85764534,190.0529938,4
Low Fat,DRB25,Soft Drinks,1998,OUT027,Tier 3,Medium,Supermarket Type3,0.069123358,12.85764534,106.0938034,4
Low Fat,DRD24,Soft Drinks,1998,OUT027,Tier 3,Medium,Supermarket Type3,0.030645957,12.85764534,141.7153931,4
Low Fat,DRE48,Soft Drinks,1998,OUT027,Tier 3,Medium,Supermarket Type3,0.01724183,12.85764534,197.0767975,4
Low Fat,DRF25,Soft Drinks,1998,OUT027,Tier 3,Medium,Supermarket Type3,0.038736753,12.85764534,37.31900024,4
Low Fat,DRG49,Soft Drinks,1998,OUT027,Tier 3,Medium,Supermarket Type3,0.067128643,12.85764534,242.8486023,4
Low Fat,DRJ01,Soft Drinks,1998,OUT027,Tier 3,Medium,Supermarket Type3,0.114475355,12.85764534,160.9235992,4
Low Fat,DRK37,Soft Drinks,1998,OUT027,Tier 3,Medium,Supermarket Type3,0.043791581,12.85764534,189.0529938,4
Low Fat,DRK49,Soft Drinks,1998,OUT027,Tier 3,Medium,Supermarket Type3,0.035769656,12.85764534,40.91379929,4
Low Fat,FDA22,Starchy Foods,1998,OUT027,Tier 3,Medium,Supermarket Type3,0,12.85764534,167.5157928,4
Low Fat,FDD11,Starchy Foods,1998,OUT027,Tier 3,Medium,Supermarket Type3,0.030468469,12.85764534,254.7039948,4
Low Fat,FDG59,Starchy Foods,1998,OUT027,Tier 3,Medium,Supermarket Type3,0.043025207,12.85764534,37.61640167,4
Regular,FDA47,Baking Goods,1998,OUT027,Tier 3,Medium,Supermarket Type3,0.116108797,12.85764534,164.1210022,4
Regular,FDB37,Baking Goods,1998,OUT027,Tier 3,Medium,Supermarket Type3,0.022829734,12.85764534,241.0538025,4
Regular,FDH60,Baking Goods,1998,OUT027,Tier 3,Medium,Supermarket Type3,0.080346055,12.85764534,195.7109985,4
Regular,FDR24,Baking Goods,1998,OUT027,Tier 3,Medium,Supermarket Type3,0.062547319,12.85764534,88.38300323,4
Regular,FDV48,Baking Goods,1998,OUT027,Tier 3,Medium,Supermarket Type3,0.051366899,12.85764534,77.06439972,4
Regular,FDZ59,Baking Goods,1998,OUT027,Tier 3,Medium,Supermarket Type3,0.103517853,12.85764534,164.9499969,4
Regular,FDQ59,Breads,1998,OUT027,Tier 3,Medium,Supermarket Type3,0,12.85764534,84.59079742,4
Regular,FDS11,Breads,1998,OUT027,Tier 3,Medium,Supermarket Type3,0.055289462,12.85764534,222.5088043,4
Regular,FDY35,Breads,1998,OUT027,Tier 3,Medium,Supermarket Type3,0.015950065,12.85764534,47.74020004,4
Regular,FDM01,Breakfast,1998,OUT027,Tier 3,Medium,Supermarket Type3,0.094109237,12.85764534,102.933197,4
Regular,FDP49,Breakfast,1998,OUT027,Tier 3,Medium,Supermarket Type3,0.068754397,12.85764534,54.56140137,4
Regular,FDR37,Breakfast,1998,OUT027,Tier 3,Medium,Supermarket Type3,0.065928735,12.85764534,183.0292053,4
Regular,FDA01,Canned,1998,OUT027,Tier 3,Medium,Supermarket Type3,0.054114923,12.85764534,58.49039841,4
Regular,FDB26,Canned,1998,OUT027,Tier 3,Medium,Supermarket Type3,0.031116081,12.85764534,55.26399994,4
Regular,FDC14,Canned,1998,OUT027,Tier 3,Medium,Supermarket Type3,0.04104932,12.85764534,41.24539948,4
Regular,FDG14,Canned,1998,OUT027,Tier 3,Medium,Supermarket Type3,0.050256159,12.85764534,150.9024048,4
Regular,FDH26,Canned,1998,OUT027,Tier 3,Medium,Supermarket Type3,0.034531701,12.85764534,142.2496033,4
Regular,FDL38,Canned,1998,OUT027,Tier 3,Medium,Supermarket Type3,0.014661762,12.85764534,89.11720276,4
Regular,FDS25,Canned,1998,OUT027,Tier 3,Medium,Supermarket Type3,0.139330551,12.85764534,109.5227966,4
Regular,FDU37,Canned,1998,OUT027,Tier 3,Medium,Supermarket Type3,0.104002118,12.85764534,79.79599762,4
Regular,FDZ37,Canned,1998,OUT027,Tier 3,Medium,Supermarket Type3,0.019672774,12.85764534,86.4197998,4
Regular,FDZ49,Canned,1998,OUT027,Tier 3,Medium,Supermarket Type3,0.132500857,12.85764534,220.3798065,4
Regular,FDA26,Dairy,1998,OUT027,Tier 3,Medium,Supermarket Type3,0.073562473,12.85764534,217.6481934,4
Regular,FDA51,Dairy,1998,OUT027,Tier 3,Medium,Supermarket Type3,0.163882136,12.85764534,113.2518005,4
Regular,FDB40,Dairy,1998,OUT027,Tier 3,Medium,Supermarket Type3,0.007503372,12.85764534,146.7102051,4
Regular,FDD52,Dairy,1998,OUT027,Tier 3,Medium,Supermarket Type3,0.18240726,12.85764534,109.1569977,4
Regular,FDE52,Dairy,1998,OUT027,Tier 3,Medium,Supermarket Type3,0.02974207,12.85764534,88.95140076,4
Regular,FDJ15,Dairy,1998,OUT027,Tier 3,Medium,Supermarket Type3,0.023209536,12.85764534,183.3607941,4
Regular,FDK03,Dairy,1998,OUT027,Tier 3,Medium,Supermarket Type3,0.073562473,12.85764534,254.9355927,4
Regular,FDS02,Dairy,1998,OUT027,Tier 3,Medium,Supermarket Type3,0,12.85764534,196.4794006,4
Regular,FDT14,Dairy,1998,OUT027,Tier 3,Medium,Supermarket Type3,0.127108574,12.85764534,120.7440033,4
Regular,FDU26,Dairy,1998,OUT027,Tier 3,Medium,Supermarket Type3,0.042412572,12.85764534,119.0782013,4
Regular,FDV26,Dairy,1998,OUT027,Tier 3,Medium,Supermarket Type3,0.075791642,12.85764534,193.3793945,4
Regular,FDY02,Dairy,1998,OUT027,Tier 3,Medium,Supermarket Type3,0.087221496,12.85764534,263.9909973,4
Regular,FDY15,Dairy,1998,OUT027,Tier 3,Medium,Supermarket Type3,0.170000806,12.85764534,155.9629974,4
Regular,FDY26,Dairy,1998,OUT027,Tier 3,Medium,Supermarket Type3,0.030362777,12.85764534,210.5243988,4
Regular,FDZ14,Dairy,1998,OUT027,Tier 3,Medium,Supermarket Type3,0.047358245,12.85764534,123.1755981,4
Regular,FDA04,Frozen Foods,1998,OUT027,Tier 3,Medium,Supermarket Type3,0.066406853,12.85764534,259.7962036,4
Regular,FDG17,Frozen Foods,1998,OUT027,Tier 3,Medium,Supermarket Type3,0.035666656,12.85764534,246.2485962,4
Regular,FDH52,Frozen Foods,1998,OUT027,Tier 3,Medium,Supermarket Type3,0.043690499,12.85764534,60.2193985,4
Regular,FDI04,Frozen Foods,1998,OUT027,Tier 3,Medium,Supermarket Type3,0.072559349,12.85764534,199.3426056,4
Regular,FDP52,Frozen Foods,1998,OUT027,Tier 3,Medium,Supermarket Type3,0.070349403,12.85764534,228.6009979,4
Regular,FDR52,Frozen Foods,1998,OUT027,Tier 3,Medium,Supermarket Type3,0.075676337,12.85764534,190.4846039,4
Regular,FDS16,Frozen Foods,1998,OUT027,Tier 3,Medium,Supermarket Type3,0,12.85764534,145.276001,4
Regular,FDU28,Frozen Foods,1998,OUT027,Tier 3,Medium,Supermarket Type3,0.093463548,12.85764534,189.1213989,4
Regular,FDV28,Frozen Foods,1998,OUT027,Tier 3,Medium,Supermarket Type3,0.158954903,12.85764534,34.9557991,4
Regular,FDW52,Frozen Foods,1998,OUT027,Tier 3,Medium,Supermarket Type3,0.037340835,12.85764534,163.1526031,4
Regular,FDZ16,Frozen Foods,1998,OUT027,Tier 3,Medium,Supermarket Type3,0.159081742,12.85764534,193.5478058,4
Regular,FDA07,Fruits and Vegetables,1998,OUT027,Tier 3,Medium,Supermarket Type3,0.030794773,12.85764534,122.9072037,4
Regular,FDF21,Fruits and Vegetables,1998,OUT027,Tier 3,Medium,Supermarket Type3,0.058542509,12.85764534,188.3529968,4
Regular,FDF56,Fruits and Vegetables,1998,OUT027,Tier 3,Medium,Supermarket Type3,0.118883722,12.85764534,180.3975983,4
Regular,FDG09,Fruits and Vegetables,1998,OUT027,Tier 3,Medium,Supermarket Type3,0.047704153,12.85764534,187.2556,4
Regular,FDN56,Fruits and Vegetables,1998,OUT027,Tier 3,Medium,Supermarket Type3,0.106538758,12.85764534,145.4786072,4
Regular,FDQ32,Fruits and Vegetables,1998,OUT027,Tier 3,Medium,Supermarket Type3,0.046382792,12.85764534,122.8387985,4
Regular,FDQ55,Fruits and Vegetables,1998,OUT027,Tier 3,Medium,Supermarket Type3,0.012974937,12.85764534,115.9833984,4
Regular,FDR44,Fruits and Vegetables,1998,OUT027,Tier 3,Medium,Supermarket Type3,0.102422491,12.85764534,131.4967957,4
Regular,FDT55,Fruits and Vegetables,1998,OUT027,Tier 3,Medium,Supermarket Type3,0.043443754,12.85764534,158.1945953,4
Regular,FDT56,Fruits and Vegetables,1998,OUT027,Tier 3,Medium,Supermarket Type3,0.115032651,12.85764534,58.02460098,4
Regular,FDU20,Fruits and Vegetables,1998,OUT027,Tier 3,Medium,Supermarket Type3,0.021353642,12.85764534,122.1098022,4
Regular,FDW07,Fruits and Vegetables,1998,OUT027,Tier 3,Medium,Supermarket Type3,0.141997874,12.85764534,90.55139923,4
Regular,FDW31,Fruits and Vegetables,1998,OUT027,Tier 3,Medium,Supermarket Type3,0.04294911,12.85764534,199.5742035,4
Regular,FDX56,Fruits and Vegetables,1998,OUT027,Tier 3,Medium,Supermarket Type3,0.073700838,12.85764534,207.1638031,4
Regular,FDY08,Fruits and Vegetables,1998,OUT027,Tier 3,Medium,Supermarket Type3,0.17024678,12.85764534,141.5838013,4
Regular,FDY44,Fruits and Vegetables,1998,OUT027,Tier 3,Medium,Supermarket Type3,0.024286378,12.85764534,194.7109985,4
Regular,FDM15,Meat,1998,OUT027,Tier 3,Medium,Supermarket Type3,0.057143517,12.85764534,151.8365936,4
Regular,FDM27,Meat,1998,OUT027,Tier 3,Medium,Supermarket Type3,0.157701954,12.85764534,158.7946014,4
Regular,FDO15,Meat,1998,OUT027,Tier 3,Medium,Supermarket Type3,0.008525061,12.85764534,72.50379944,4
Regular,FDU27,Meat,1998,OUT027,Tier 3,Medium,Supermarket Type3,0.170646489,12.85764534,46.33760071,4
Regular,FDW27,Meat,1998,OUT027,Tier 3,Medium,Supermarket Type3,0.150122792,12.85764534,154.5314026,4
Regular,FDX03,Meat,1998,OUT027,Tier 3,Medium,Supermarket Type3,0.060800117,12.85764534,44.47439957,4
Regular,FDY03,Meat,1998,OUT027,Tier 3,Medium,Supermarket Type3,0.075753205,12.85764534,111.1202011,4
Regular,FDG22,Snack Foods,1998,OUT027,Tier 3,Medium,Supermarket Type3,0.041180767,12.85764534,37.91899872,4
Regular,FDG46,Snack Foods,1998,OUT027,Tier 3,Medium,Supermarket Type3,0.03275029,12.85764534,112.1518021,4
Regular,FDJ21,Snack Foods,1998,OUT027,Tier 3,Medium,Supermarket Type3,0.038341653,12.85764534,146.2102051,4
Regular,FDK58,Snack Foods,1998,OUT027,Tier 3,Medium,Supermarket Type3,0.044764727,12.85764534,102.4016037,4
Regular,FDN34,Snack Foods,1998,OUT027,Tier 3,Medium,Supermarket Type3,0.045542628,12.85764534,170.7131958,4
Regular,FDP21,Snack Foods,1998,OUT027,Tier 3,Medium,Supermarket Type3,0.025616191,12.85764534,188.1871948,4
Regular,FDR22,Snack Foods,1998,OUT027,Tier 3,Medium,Supermarket Type3,0.018472714,12.85764534,109.9543991,4
Regular,FDS09,Snack Foods,1998,OUT027,Tier 3,Medium,Supermarket Type3,0.080695808,12.85764534,51.30080032,4
Regular,FDS34,Snack Foods,1998,OUT027,Tier 3,Medium,Supermarket Type3,0.076387368,12.85764534,112.1518021,4
Regular,FDU09,Snack Foods,1998,OUT027,Tier 3,Medium,Supermarket Type3,0.066274643,12.85764534,54.1955986,4
Regular,FDU33,Snack Foods,1998,OUT027,Tier 3,Medium,Supermarket Type3,0.134057432,12.85764534,45.34019852,4
Regular,FDU57,Snack Foods,1998,OUT027,Tier 3,Medium,Supermarket Type3,0.089120515,12.85764534,149.8708038,4
Regular,FDU58,Snack Foods,1998,OUT027,Tier 3,Medium,Supermarket Type3,0.028871235,12.85764534,188.7897949,4
Regular,FDX46,Snack Foods,1998,OUT027,Tier 3,Medium,Supermarket Type3,0.057835326,12.85764534,57.55619812,4
Regular,FDX57,Snack Foods,1998,OUT027,Tier 3,Medium,Supermarket Type3,0.047037322,12.85764534,96.40679932,4
Regular,FDY33,Snack Foods,1998,OUT027,Tier 3,Medium,Supermarket Type3,0.096730426,12.85764534,159.0261993,4
Regular,DRY23,Soft Drinks,1998,OUT027,Tier 3,Medium,Supermarket Type3,0.108568065,12.85764534,42.91120148,4
Low Fat,FDA11,Baking Goods,1998,OUT027,Tier 3,Medium,Supermarket Type3,0.043029435,12.85764534,94.74359894,4
Low Fat,FDK38,Canned,1998,OUT027,Tier 3,Medium,Supermarket Type3,0.053031858,12.85764534,149.1734009,4
Low Fat,FDO38,Canned,1998,OUT027,Tier 3,Medium,Supermarket Type3,0.072486326,12.85764534,78.99859619,4
Low Fat,FDG32,Fruits and Vegetables,1998,OUT027,Tier 3,Medium,Supermarket Type3,0.175143257,12.85764534,222.3771973,4
Low Fat,NCT53,Health and Hygiene,1998,OUT027,Tier 3,Medium,Supermarket Type3,0,12.85764534,164.552597,4
Low Fat,FDN09,Snack Foods,1998,OUT027,Tier 3,Medium,Supermarket Type3,0.034705807,12.85764534,241.6828003,4
Low Fat,DRE13,Soft Drinks,1998,OUT027,Tier 3,Medium,Supermarket Type3,0.027570939,12.85764534,86.61979675,4
Regular,FDT50,Dairy,1998,OUT027,Tier 3,Medium,Supermarket Type3,0.107714832,12.85764534,97.87519836,4
Regular,FDM58,Snack Foods,1998,OUT027,Tier 3,Medium,Supermarket Type3,0,12.85764534,112.2544022,4
